,candidate_name_missing,candidate_address_missing,both_addresses_present,candidate_source_s3,candidate_name_non_ascii,cross_script_name,name_exact,name_levenshtein,name_jaro_winkler,name_token_sort,name_token_set,name_token_jaccard,name_char3_jaccard,name_length_ratio,name_length_difference,name_token_count_difference,name_first_token_exact,name_prefix4_exact,name_suffix4_exact,transliterated_name_exact,transliterated_name_levenshtein,transliterated_name_token_set,transliterated_name_token_jaccard,suffix_name_exact,suffix_name_levenshtein,suffix_name_token_set,suffix_name_token_jaccard,address_exact,address_levenshtein,address_jaro_winkler,address_token_sort,address_token_set,address_token_jaccard,address_char3_jaccard,address_length_ratio,address_length_difference,address_token_count_difference,address_first_token_exact,address_prefix4_exact,address_suffix4_exact,s1_address_has_numbers,candidate_address_has_numbers,both_addresses_have_numbers,one_address_missing_numbers,address_number_set_exact,address_number_ordered_exact,address_first_number_exact,address_number_jaccard,address_shared_number_count,address_conflicting_number_count,address_number_count_difference,transliteration_levenshtein_gain,suffix_levenshtein_gain,baseline_name_rank,baseline_name_rank_missing,baseline_name_score,baseline_address_rank,baseline_address_rank_missing,baseline_address_score,transliterated_name_rank,transliterated_name_rank_missing,transliterated_name_score,number_address_rank,number_address_rank_missing,number_address_score,suffix_name_rank,suffix_name_rank_missing,suffix_name_score,retrieval_signal_count_top100,retrieval_signal_count_top250,retrieval_best_rank,retrieval_mean_rank_present,retrieval_best_score,retrieval_rrf_score_top100,frozen_candidate_position,task2_baseline_member,task2_5_augmentation_only,name_address_similarity_min,name_address_similarity_product,strong_name_and_address,transliteration_rescue,legal_suffix_rescue,strong_address_and_number,high_name_numeric_conflict,high_address_weak_name,independent_strong_signal_count
candidate_name_missing,1.0,-0.0004644985907964766,0.0004644985907964766,0.0036353807553294445,-0.0011658735592048387,-0.0011658735592048387,-0.000753237891034993,-0.00546528514150122,-0.005471816360570269,-0.005475973365202209,-0.005491519870600958,-0.003391486868319035,-0.003872510612349752,-0.005482489998133321,0.005390331984100043,0.00485217079463666,-0.0018342712046816923,-0.0018892573099400637,-0.0018495597856079244,-0.0008069831571255419,-0.005472419205704825,-0.005495242072507025,-0.0034074199981205455,-0.0011226127681461082,-0.005435374447381948,-0.005496502525518444,-0.0030946482275969983,-0.0003556416689039451,0.0039004072635123173,0.00341514141289621,0.0045795287408800685,0.004852140449265094,0.00429181452256774,0.0046421033315895005,-0.00017802813810990095,0.0016927674076551813,0.001234505601452783,-0.0011310099677728474,-0.0010922825560866942,0.005832354755634022,0.0006850077537167641,0.0011427875486231462,0.0013129723668505418,-0.0012425888234976954,-0.001129378300485863,-0.001111570368791215,-0.001304638814143601,0.0056772214142103185,0.0058005747137587224,-0.0025470102720052392,0.002281636018927565,-0.0004373352039232786,0.00039856514302318583,-0.002817748812854169,0.003013917071133447,-0.002817700595151907,0.0004847098107888963,-0.0033261666688801633,0.00554521981562877,-0.002528473634239075,0.002647323003329252,-0.0025284273890655963,0.003270849320073907,-0.004598274402129253,0.006042015908643957,-0.0024103369350548416,0.002505691319106302,-0.0024103020403471605,0.0018892981541620126,0.0005315364384299472,-0.005100029603694679,-0.0051601284078175835,0.0033019619482748167,0.003595192148003907,-0.0006024561204100528,0.0015089369418109565,-0.0015089369418109565,-0.005359631161356397,-0.005359534446014609,-0.0009669881327759249,-0.00015315064146373986,-0.0012141206982603514,-0.0009355469030164619,-0.0012890121048805899,0.014424182140338693,0.0009522962859156071
candidate_address_missing,-0.0004644985907964766,1.0,-1.0,0.02503923112449756,-0.030582943191568547,-0.030582943191568547,0.03597894943744795,0.10727259757863065,0.10256005464469496,0.1078092538605826,0.10661340053380715,0.11227479280381857,0.11395404411794922,0.0333448420716719,-0.03739774672635397,-0.04511396960883131,0.0824138333447469,0.07984391800038391,0.03968525423802454,0.041183461891922145,0.10385459317842624,0.10771831596587661,0.11249201510066531,0.05727365016863852,0.11255284707848906,0.11192409938648923,0.12066381570032222,-0.016519340208384924,-0.24904028832419425,-0.2490432535417353,-0.249044682310328,-0.24905059841524765,-0.16924652147458547,-0.21110816154036235,-0.24906620411643365,0.2106178821776029,0.21721608097745007,-0.052534728268189404,-0.050735863441676236,-0.0796416902363104,-0.004484053830295995,-0.40646101837223725,-0.35377636462424605,0.3517481879390613,-0.052458938310551255,-0.051631770664594054,-0.06059968306391822,-0.07408874455822625,-0.07425862590320295,-0.19469340449740474,0.14480920808276085,-0.027790831978576912,0.04157323451201708,0.0979760615605362,-0.11331536371553927,0.10792729510244604,-0.13062413813165444,0.13964982426838568,-0.13061977989645904,0.08931103921086087,-0.1008531630410923,0.09862121971706417,-0.09855723214881512,0.10101584859341763,-0.09855229307730619,0.0960030305608509,-0.10622119013792261,0.10530207473169169,0.05241649083187627,0.06049479143580412,-0.029189975000131683,-0.01561795380135668,0.08049527745377474,0.05045679891663226,-0.08005179458415716,-0.006318092814429876,0.006318092814429876,-0.24895162262277132,-0.24894713025369855,-0.04491601333450834,0.008719922809661388,0.06540387802913727,-0.04345558724729738,-0.05987383187935718,-0.03220276798207221,0.04901472809952262
both_addresses_present,0.0004644985907964766,-1.0,1.0,-0.02503923112449756,0.030582943191568547,0.030582943191568547,-0.03597894943744795,-0.10727259757863065,-0.10256005464469496,-0.1078092538605826,-0.10661340053380715,-0.11227479280381857,-0.11395404411794922,-0.0333448420716719,0.03739774672635397,0.04511396960883131,-0.0824138333447469,-0.07984391800038391,-0.03968525423802454,-0.041183461891922145,-0.10385459317842624,-0.10771831596587661,-0.11249201510066531,-0.05727365016863852,-0.11255284707848906,-0.11192409938648923,-0.12066381570032222,0.016519340208384924,0.24904028832419425,0.2490432535417353,0.249044682310328,0.24905059841524765,0.16924652147458547,0.21110816154036235,0.24906620411643365,-0.2106178821776029,-0.21721608097745007,0.052534728268189404,0.050735863441676236,0.0796416902363104,0.004484053830295995,0.40646101837223725,0.35377636462424605,-0.3517481879390613,0.052458938310551255,0.051631770664594054,0.06059968306391822,0.07408874455822625,0.07425862590320295,0.19469340449740474,-0.14480920808276085,0.027790831978576912,-0.04157323451201708,-0.0979760615605362,0.11331536371553927,-0.10792729510244604,0.13062413813165444,-0.13964982426838568,0.13061977989645904,-0.08931103921086087,0.1008531630410923,-0.09862121971706417,0.09855723214881512,-0.10101584859341763,0.09855229307730619,-0.0960030305608509,0.10622119013792261,-0.10530207473169169,-0.05241649083187627,-0.06049479143580412,0.029189975000131683,0.01561795380135668,-0.08049527745377474,-0.05045679891663226,0.08005179458415716,0.006318092814429876,-0.006318092814429876,0.24895162262277132,0.24894713025369855,0.04491601333450834,-0.008719922809661388,-0.06540387802913727,0.04345558724729738,0.05987383187935718,0.03220276798207221,-0.04901472809952262
candidate_source_s3,0.0036353807553294445,0.02503923112449756,-0.02503923112449756,1.0,-0.10915033653069123,-0.10915033653069123,0.0649868396996303,0.2378002675176476,0.23559817816469208,0.2450107596099347,0.2801373215218196,0.2518942475006155,0.25602014665022255,0.011343050235758613,-0.025850937977075984,-0.05736897524260215,0.15550740200107463,0.15681218767623006,0.11820571622783786,0.06890299870224897,0.21374921360357022,0.2725312047693467,0.2506194488240171,0.09276263830634938,0.24175676994649706,0.27580531159368443,0.254458573497056,-0.03963968110420884,-0.2035948903328227,-0.13319620243221947,-0.19657804694078726,-0.21408978804144818,-0.21650095041547596,-0.1911403496168254,-0.06147621226093521,0.09216005672419013,0.05810250113626692,0.019232015038402505,0.02439282811250345,-0.3812251904774071,-0.010484726304904384,0.03692740452780525,0.029629541364618064,-0.03335176548429577,0.04089881166555818,0.038481748257523554,0.0337893678035518,0.030936488871352173,0.03004461604320101,0.027369629960284043,0.02069125528683972,-0.1071338982453707,0.07944549424186166,0.2258934266618542,-0.2426648930517489,0.22917842365629418,-0.24765548386117375,0.2401710749882092,-0.19802846183008382,0.2009553288897599,-0.2142686198693889,0.204488850276879,-0.11664148094275803,0.10301298777842732,-0.08580523358688472,0.16073057410385153,-0.1837007769492867,0.17463191951932147,0.14211550501031633,0.15110776556370298,-0.08634655275535331,-0.03857360795612045,0.18487346578935113,0.13508960998566885,-0.1574513261816455,-0.027459801898927806,0.027459801898927806,0.09371543721375651,0.14424673961076778,0.01911887801374369,0.010117563873354019,0.10364227983275043,0.024602025548992584,0.16071871719824235,-0.1055559178750209,0.17525310193457916
candidate_name_non_ascii,-0.0011658735592048387,-0.030582943191568547,0.030582943191568547,-0.10915033653069123,1.0,1.0,-0.08781713591475042,-0.27660893877895637,-0.2928959432783626,-0.30771120384371947,-0.32676064371683783,-0.23298321845391431,-0.23823468401995102,0.046846000355941865,-0.009438297661562341,0.29131546073523207,-0.09494380899904098,-0.10171696906848993,-0.07027584495249337,0.0017230653764771665,-0.1401968009555111,-0.20744257810300687,-0.18815330637593508,-0.13088114553618632,-0.3125726499473702,-0.3365424384332332,-0.23052721371715978,-0.0015134571716299823,0.11210925830857559,0.07545314083808939,0.1289279634700975,0.20472251044408207,0.1565111980845564,0.16244261941478735,-0.1023181000943903,0.13541020531842324,0.13906389241777073,0.033127295271906866,0.024515800571772974,0.15812390867617845,-0.06383500542203212,0.007537199575887108,-0.020055135871489823,0.010006465203666652,0.016381585056023,0.014979149296725634,0.03177117051234087,0.053019705349210695,0.05955225284243723,-0.00797406804833025,0.03805359502639963,0.368354683554902,-0.1862217765832404,-0.21574164432970513,0.2356461885846602,-0.22860068197804065,0.17327796352221841,-0.16763992410530965,0.14835433694099565,-0.16087183475806355,0.15214822385884688,-0.1343412210575853,0.1336527810289694,-0.12438115992549595,0.11421379656831138,-0.19572648767355202,0.20674053060292535,-0.20619749395161194,-0.11212502462716424,-0.13356503529015382,0.0006190757151072774,-0.02171236403309943,-0.08916159600365121,-0.07329085874334049,0.1722545449802631,-0.0454057724846821,0.0454057724846821,-0.27438471904662465,-0.28375693424395076,-0.04607862646760708,0.12817289127533674,-0.12865871603254186,0.021403416212808935,-0.11290722741954896,0.26854734657231005,-0.04515382607174012
cross_script_name,-0.0011658735592048387,-0.030582943191568547,0.030582943191568547,-0.10915033653069123,1.0,1.0,-0.08781713591475042,-0.27660893877895637,-0.2928959432783626,-0.30771120384371947,-0.32676064371683783,-0.23298321845391431,-0.23823468401995102,0.046846000355941865,-0.009438297661562341,0.29131546073523207,-0.09494380899904098,-0.10171696906848993,-0.07027584495249337,0.0017230653764771665,-0.1401968009555111,-0.20744257810300687,-0.18815330637593508,-0.13088114553618632,-0.3125726499473702,-0.3365424384332332,-0.23052721371715978,-0.0015134571716299823,0.11210925830857559,0.07545314083808939,0.1289279634700975,0.20472251044408207,0.1565111980845564,0.16244261941478735,-0.1023181000943903,0.13541020531842324,0.13906389241777073,0.033127295271906866,0.024515800571772974,0.15812390867617845,-0.06383500542203212,0.007537199575887108,-0.020055135871489823,0.010006465203666652,0.016381585056023,0.014979149296725634,0.03177117051234087,0.053019705349210695,0.05955225284243723,-0.00797406804833025,0.03805359502639963,0.368354683554902,-0.1862217765832404,-0.21574164432970513,0.2356461885846602,-0.22860068197804065,0.17327796352221841,-0.16763992410530965,0.14835433694099565,-0.16087183475806355,0.15214822385884688,-0.1343412210575853,0.1336527810289694,-0.12438115992549595,0.11421379656831138,-0.19572648767355202,0.20674053060292535,-0.20619749395161194,-0.11212502462716424,-0.13356503529015382,0.0006190757151072774,-0.02171236403309943,-0.08916159600365121,-0.07329085874334049,0.1722545449802631,-0.0454057724846821,0.0454057724846821,-0.27438471904662465,-0.28375693424395076,-0.04607862646760708,0.12817289127533674,-0.12865871603254186,0.021403416212808935,-0.11290722741954896,0.26854734657231005,-0.04515382607174012
name_exact,-0.000753237891034993,0.03597894943744795,-0.03597894943744795,0.0649868396996303,-0.08781713591475042,-0.08781713591475042,1.0,0.3904499689261601,0.39044305545201125,0.38589396963899963,0.3389230886017695,0.3985410678952119,0.39593094297086495,0.3618661419726431,-0.3624045437907547,-0.28715379563587123,0.4106469583736964,0.39788912815349314,0.40643811988553813,0.9333997672491845,0.3873886298128447,0.3340579390333442,0.3944083940905948,0.6709685765278585,0.3666567770820594,0.3178175367948362,0.3841115638865291,0.04871189690578012,0.04248092030341751,0.06890917514166743,0.06768907527853965,0.057896604150092616,0.06426777537174544,0.0624728729934065,0.05750606367793845,-0.06584827027680122,-0.06757532722280926,0.1393648268197175,0.1451620760511196,-0.04010478721688463,0.016861403047133797,-0.002196715004666092,0.012208742357760177,-0.017218020087008394,0.18413972101612971,0.18216095102444607,0.17530193549976614,0.16578182721951798,0.1538058899482543,-0.12611074653241303,-0.05538105908652535,-0.03294141525040622,0.030021136562716714,0.12430715441951894,-0.24894276411819138,0.40006087294675086,-0.07160863717100541,0.008261145045383755,0.05405834827112146,0.18028520786825275,-0.27614562465197917,0.40077379665725243,0.029194177836506265,-0.07127178017614443,0.10954335946396097,0.17220449271443264,-0.2447401123280094,0.34122479611020173,0.3175819446202441,0.2991408031398449,-0.2191202260918056,-0.2072363426958293,0.3592947551042679,0.28817903431638653,-0.31244512338369534,0.1073797601664619,-0.1073797601664619,0.18502595185273368,0.2560678218401613,0.28666323714315,-0.01153577125981419,0.6203978666324257,0.18802029667162629,0.18061341090633884,-0.05222049220582751,0.34689741399950424
name_levenshtein,-0.00546528514150122,0.10727259757863065,-0.10727259757863065,0.2378002675176476,-0.27660893877895637,-0.27660893877895637,0.3904499689261601,1.0,0.9086333311501065,0.9130089779073788,0.8657751623559363,0.8573443220950163,0.920405927517645,0.3937296638147776,-0.39188440537913666,-0.4807354025444345,0.6097873104321749,0.621293656723068,0.5555917444078459,0.41455350803495067,0.9150285360678172,0.8488321482585018,0.8553780800863072,0.47866187295793017,0.9014302285237807,0.8165447705184923,0.8044887125244358,0.07776623118407179,-0.23589819065334533,-0.14525011062225948,-0.25081736164853347,-0.28382197723950153,-0.2712660201570485,-0.2691821062263445,0.02624362335150449,-0.0001724211552881793,0.0009750514029898558,0.11937697627888798,0.13009356813409487,-0.2819325602470439,0.006188695938000748,0.011490269945398994,0.015601739274725308,-0.01791325685812073,0.1921521086026146,0.19041015130859573,0.15699816114942952,0.13207130123724614,0.11655421528351227,-0.06983558205126711,0.02332522138912957,-0.35523954754366976,0.0515446308751096,0.5974866586375105,-0.6958920782183474,0.7550884690441607,-0.5090327752877627,0.4118769565952098,-0.2652287241277009,0.5958507518349992,-0.6657427195399808,0.7133329044621411,-0.22494954093290614,0.15085926890091814,-0.07064559110697127,0.5436861351070885,-0.5985489464931587,0.6434230931678071,0.5282965456386933,0.5849020254819766,-0.284072878398948,-0.1360384892960513,0.666867223974285,0.4612754663079195,-0.5640940309496583,0.09019980448314457,-0.09019980448314457,0.534287450072038,0.6655727069568063,0.3629172501127686,0.025171550458622283,0.4655928588639046,0.2349521048256659,0.3730446921347879,-0.2532156423363292,0.609767914518793
name_jaro_winkler,-0.005471816360570269,0.10256005464469496,-0.10256005464469496,0.23559817816469208,-0.2928959432783626,-0.2928959432783626,0.39044305545201125,0.9086333311501065,1.0,0.9043907787685722,0.8684116412150689,0.8416272342466806,0.8853744793139405,0.419391267447807,-0.41597242961800235,-0.4902434168389416,0.7256785721986938,0.7386432695297586,0.4285724137647048,0.41210483577267676,0.8518284773332429,0.8489809133208008,0.8386709705569274,0.5208247638375771,0.8725630413666323,0.8374445814357027,0.8143459493232831,0.08037244145449832,-0.192742664264188,-0.10221505892621105,-0.20084690068620706,-0.23535986847107498,-0.21941491107264724,-0.2186038105482347,0.04195678353408482,-0.016958574074107613,-0.014268667216982748,0.1444747326649442,0.15531584811730537,-0.2620221332093977,0.00861314031022804,0.010856659194404431,0.017813367612924454,-0.021636599342077463,0.2214402686322519,0.2190941158213405,0.18678733499864833,0.16249522833803784,0.14566763200391095,-0.09076896119742159,0.01042158712511908,-0.2754961099581492,0.16852285512295737,0.5569858335918124,-0.6646476396121128,0.7438641289956393,-0.4724299722098709,0.36842765456126453,-0.2211322568356437,0.5743296026629208,-0.6529010764235519,0.7159630696466648,-0.1929519950652456,0.1153913081360585,-0.03376751956992153,0.528708687383531,-0.5950002715746323,0.6551665330959718,0.5452078021997547,0.5888557416540459,-0.3149384158441904,-0.17388944706368514,0.6824496579613839,0.48476926321300606,-0.5559997542958071,0.09080325055934974,-0.09080325055934974,0.5592370479727977,0.6845141915572608,0.390008245224679,0.024661024010552157,0.5114930203133832,0.2603527864773925,0.3828172650651578,-0.25225411683446763,0.6385548278633899
name_token_sort,-0.005475973365202209,0.1078092538605826,-0.1078092538605826,0.2450107596099347,-0.30771120384371947,-0.30771120384371947,0.38589396963899963,0.9130089779073788,0.9043907787685722,1.0,0.9320567012175249,0.9066847971083875,0.944715019661492,0.4613340576077046,-0.45772067568769165,-0.5248059750368143,0.6003199908613339,0.6006666821123405,0.49344484373412967,0.4025051629718807,0.8704777662040163,0.9102694074401083,0.901144558310006,0.4776843625429538,0.8698440347358098,0.8826167577848626,0.8539536179234622,0.07924592421644874,-0.2461705962798537,-0.15319776697379933,-0.2639244878626656,-0.2974204213234545,-0.28428704387951864,-0.28202987138778207,0.02692012697320292,4.223800841878926e-05,0.002280386150001199,0.12415649233007775,0.13498720984368767,-0.29592685756146814,0.0038856812357426,0.011991571257358972,0.015274178750961667,-0.01816083355574975,0.2002813699299868,0.197996382463564,0.16172559064257697,0.13486470087568753,0.11859880315364728,-0.07246430145798875,0.026325101484354917,-0.243883498941755,0.15727352232018788,0.6256142102134103,-0.7341040338845396,0.8019309753553614,-0.5320321306215903,0.4309400370893433,-0.2788169080736177,0.6258069189600483,-0.7014133408302933,0.7549821828000494,-0.23770400214388115,0.16062275138989188,-0.0770631776402384,0.5650429081924844,-0.6235078436024479,0.6719131029282106,0.5592977711363168,0.6144934788762193,-0.2987323066343699,-0.1474953126811177,0.6998651484585163,0.4878415734606556,-0.6018225827345024,0.10326928982469973,-0.10326928982469973,0.5893143090323321,0.717214726827793,0.391443072597549,0.014487607273583124,0.46984724975425,0.24444016266280463,0.40850207239566416,-0.2720949255701698,0.6544084014025435
name_token_set,-0.005491519870600958,0.10661340053380715,-0.10661340053380715,0.2801373215218196,-0.32676064371683783,-0.32676064371683783,0.3389230886017695,0.8657751623559363,0.8684116412150689,0.9320567012175249,1.0,0.9265988228872547,0.924414802673493,0.2861556027747086,-0.304088729546713,-0.3929964885017632,0.6134455920613557,0.601769397181284,0.45787103398855794,0.35100885582232205,0.8079267482923215,0.9770405559432177,0.915456577274863,0.4696339955016089,0.8516697589899963,0.9380391710925007,0.8894232989987857,0.09471012852558508,-0.27721314233458116,-0.18525526763498373,-0.29905700038486527,-0.3341335120491739,-0.32343236449559454,-0.3224293365300822,0.03323598933101719,-0.012622339362073633,-0.008886541855253996,0.10812212269421091,0.11993028936947654,-0.3098413806041609,0.01161816558182481,0.016650297027067135,0.022433119654446793,-0.023982506823309553,0.18425976234514188,0.1818781053996375,0.142024241291729,0.11116347681083762,0.09503871765618462,-0.06005381188944954,0.023321165387161467,-0.27076311467692943,0.2096920581085881,0.6593860308023565,-0.761997628041498,0.8093130862526751,-0.5636805497238763,0.4655096856200845,-0.31173925531496127,0.6552468898123524,-0.7243592081407814,0.7602097517423376,-0.2644087440252539,0.1881274087276707,-0.10405025352058425,0.6021036061396874,-0.6583975442141871,0.6942697848972806,0.5781967905021544,0.6352451504818236,-0.288596548450794,-0.13458109289568174,0.6889276997924773,0.5000310515917589,-0.6138124804390187,0.10563032743787676,-0.10563032743787676,0.5771732288244347,0.7432591374672971,0.38590515310581286,0.0014614705965912745,0.4567654965276934,0.23273977999750914,0.5144577601459344,-0.27587876396526395,0.7190365920013744
name_token_jaccard,-0.003391486868319035,0.11227479280381857,-0.11227479280381857,0.2518942475006155,-0.23298321845391431,-0.23298321845391431,0.3985410678952119,0.8573443220950163,0.8416272342466806,0.9066847971083875,0.9265988228872547,1.0,0.9395856612791784,0.38266337381889287,-0.3864585967683163,-0.4303472788066348,0.6499181838837783,0.6184705208904558,0.5422924189457404,0.4051917371161085,0.8347773825906153,0.920376484763713,0.9863419729900386,0.5111649074291752,0.8142194037240783,0.8548263807918115,0.9265640109953871,0.08964475216945716,-0.2528146127007885,-0.1627520325321691,-0.27027811864255274,-0.28931006090992095,-0.28640339018706057,-0.2838758443777794,0.006269046600028653,0.028578229441511147,0.03353303624224007,0.12689985830559927,0.13724574339910972,-0.2828370531481878,-0.008546943290826028,0.012300507128471057,0.010659144229896313,-0.01582487930580817,0.20168225570949147,0.19856071575014278,0.1628089979178275,0.13773708381676034,0.12275951015653475,-0.07033714737434706,0.03720814934049221,-0.20382890797659117,0.13821703643597663,0.6364140050115902,-0.7502014396587853,0.8173548873513399,-0.5402157686693109,0.43697579940646625,-0.2802208433967741,0.624313393812716,-0.70243949787514,0.7567850660520783,-0.23627427372746135,0.1579033160807072,-0.07222247234625512,0.5684383756565135,-0.6311578291668009,0.6827648103379238,0.575610147975072,0.6272124559498283,-0.3080335963815263,-0.15763716502147962,0.7113177387541364,0.5032631760702253,-0.6244676468876039,0.11806437812529796,-0.11806437812529796,0.48306367131416533,0.6680930249106553,0.40693451948971077,-0.0024589513829678224,0.5007944753461797,0.2530253819857817,0.4676571513897739,-0.22703579838275967,0.7203073067310108
name_char3_jaccard,-0.003872510612349752,0.11395404411794922,-0.11395404411794922,0.25602014665022255,-0.23823468401995102,-0.23823468401995102,0.39593094297086495,0.920405927517645,0.8853744793139405,0.944715019661492,0.924414802673493,0.9395856612791784,1.0,0.41932010914582046,-0.41554447966528435,-0.4392798525325317,0.6095396162927245,0.612713762431598,0.5221803494812802,0.4122028224589338,0.8847808701320915,0.9170520260013327,0.9321622840196291,0.4961573856339106,0.8710692447856161,0.868962790625977,0.8829256341305683,0.08843203658592598,-0.2669067736836245,-0.1733936247489424,-0.285100044261173,-0.3079070301409971,-0.3035227326632113,-0.3010082026292642,0.009508740987722161,0.022970227522068582,0.026038578187277603,0.12715084148151226,0.13755517468589662,-0.298031873098603,-0.0053600469388034875,0.015415661990629314,0.014507386806492143,-0.01897005099234724,0.20427417787324645,0.2014560043184215,0.1651156812749961,0.13833094864234372,0.12255153912162065,-0.07038494283480434,0.03589107439276001,-0.2345255340170357,0.14378924355871855,0.6617485661204986,-0.7721323700858959,0.8370906532008483,-0.561143611894435,0.45602299783477357,-0.29551071440769366,0.6543250969230938,-0.7309429686700486,0.7825774097040258,-0.2496734732115065,0.16933499726281354,-0.08155352753654935,0.5953091929870373,-0.6549955065090071,0.7024007422724071,0.583969474852206,0.6448738817573354,-0.3091898991207564,-0.14787838777851148,0.7282973440469479,0.5088340967135117,-0.6301201589638246,0.10905647343750455,-0.10905647343750455,0.510639802755522,0.6738979211760813,0.39340388211354127,0.015240541155852886,0.4840955659970935,0.2557797714798106,0.4412343382477634,-0.23419396199073503,0.6955719325570697
name_length_ratio,-0.005482489998133321,0.0333448420716719,-0.0333448420716719,0.011343050235758613,0.046846000355941865,0.046846000355941865,0.3618661419726431,0.3937296638147776,0.419391267447807,0.4613340576077046,0.2861556027747086,0.38266337381889287,0.41932010914582046,1.0,-0.9550441642881993,-0.5436467651644681,0.2654276450207498,0.26341274692746197,0.3470221306327798,0.3876861283553735,0.4840147500353945,0.30986700192272754,0.38877958380853755,0.2588278433941943,0.31686210939046583,0.24567872830722015,0.3006089982861314,0.028319522148070004,0.019521976532625267,0.0496848018816383,0.029852207611777818,0.03450501584195192,0.03783767304262554,0.03772255734913391,0.0038756895504840965,0.015556577901404125,0.01550978606142883,0.1274914859126223,0.12949868538671472,-0.054851233504475676,-0.008112812722967131,-0.005696267300783952,-0.0034725017392942268,-0.003054793809546186,0.16765643926957982,0.16547398888290424,0.15816732967898586,0.15651786418234767,0.1482708601811444,-0.09672568584808901,-0.0075156883310320095,0.13804421068296804,-0.09327889879417899,0.14244066165544403,-0.2188374011011555,0.3176714750223022,-0.1006365801722964,0.04094537175904074,0.022100513313457457,0.16064581949969992,-0.22283901414239235,0.3059170875117143,0.010372285490368147,-0.051021317087855234,0.08888607403597182,0.11700473634782321,-0.15516439535342905,0.21501404311731748,0.22019136033441514,0.22203194265775797,-0.18254243297237768,-0.1399269272021277,0.3335519563907803,0.20939150296107967,-0.24449249265144887,0.07270039943719589,-0.07270039943719589,0.25741219488736644,0.2737589974316831,0.22143706229492252,-0.024567597065843272,0.24002585506951807,0.1751285377235909,0.07512883589611925,-0.030297253990735306,0.26439029800244906
name_length_difference,0.005390331984100043,-0.03739774672635397,0.03739774672635397,-0.025850937977075984,-0.009438297661562341,-0.009438297661562341,-0.3624045437907547,-0.39188440537913666,-0.41597242961800235,-0.45772067568769165,-0.304088729546713,-0.3864585967683163,-0.41554447966528435,-0.9550441642881993,1.0,0.5664893383367936,-0.27621008044165773,-0.2736934169143278,-0.32699642680921037,-0.3882629463887638,-0.4657127279759759,-0.3217712981252013,-0.39151197896999856,-0.26554079902255595,-0.339764431885888,-0.2751982063409741,-0.3243132655161349,-0.023606609976391513,0.011918699437106389,-0.018704769573880765,0.0037723728403184003,0.0069615959339962355,0.0015163124809426912,0.004495046517776933,-0.01900194725226505,0.016206093035886097,0.018149576687765703,-0.12217725204741613,-0.12627076147132635,0.0848985995797816,-0.009609195224041304,0.01218153115657093,0.001471262216963922,0.0025364132339686595,-0.16587429842678747,-0.16391305371902942,-0.1537810777921022,-0.1436352473255263,-0.13338480765493807,0.10651345397424052,0.01962391756720837,-0.10575360155067867,0.029732031842765943,-0.1804902862042623,0.2559305255968634,-0.34209068023617617,0.14070009643161205,-0.07949104795557434,0.011417586554413108,-0.19149622967861596,0.25274918530179996,-0.3267624837278815,0.01526885970908856,0.02746424545579147,-0.06800762731140239,-0.15156253469333505,0.18766787775315386,-0.23873061367991666,-0.23858139398756484,-0.24316696762218,0.1857765578871174,0.1368311399526392,-0.3427141193135623,-0.22532853549358825,0.2665411862582287,-0.07093008224042105,0.07093008224042105,-0.23953732573700715,-0.2602072640012628,-0.21756497106950623,0.017247940287678083,-0.2487446883712017,-0.17442134432974776,-0.08713940020506282,0.045360745265417064,-0.2620619647570237
name_token_count_difference,0.00485217079463666,-0.04511396960883131,0.04511396960883131,-0.05736897524260215,0.29131546073523207,0.29131546073523207,-0.28715379563587123,-0.4807354025444345,-0.4902434168389416,-0.5248059750368143,-0.3929964885017632,-0.4303472788066348,-0.4392798525325317,-0.5436467651644681,0.5664893383367936,1.0,-0.25229950388727795,-0.2408245328344358,-0.3650942605112357,-0.30764288326548445,-0.4525205242854406,-0.35060449422313816,-0.43548180430412115,-0.23300117535823772,-0.41930002044675085,-0.355086586264944,-0.35035466917873836,0.0002380021793810124,0.07064711998608939,0.025898176795270605,0.07818417985305805,0.11529691821169659,0.08769979345478011,0.08715125723941845,-0.03225885524548823,0.028894897783415193,0.03331677156500308,-0.05610701679715333,-0.061894187102889624,0.14262688427335365,-0.01937993713428178,0.01505572589638441,0.003831921773629374,-0.0056161215925057415,-0.08638167519955216,-0.08696440308700379,-0.07453836869867966,-0.0610632215391685,-0.05264624301002867,0.0460307090951054,-0.0004477141611208468,0.10767596670494965,0.009103003886667184,-0.21573365536852748,0.27051706880752424,-0.3157790446074617,0.18575320787200109,-0.14787460862928808,0.09490752806457034,-0.20641724520818344,0.2491859530519124,-0.2899917036405538,0.08011047655003102,-0.050927088810026194,0.02158407553783474,-0.17272793701028724,0.19961526581281364,-0.2315046717018571,-0.18663812279426092,-0.2008466272782632,0.12250181553882737,0.07455067380170803,-0.2709695526331552,-0.1666701218467668,0.23231321858119514,-0.036373710902753494,0.036373710902753494,-0.35780378676848645,-0.36934174444079926,-0.1805795654937119,0.008659146194382676,-0.22210533776607708,-0.08938443969904361,-0.09403804287093459,0.21208932855325585,-0.20430003359778304
name_first_token_exact,-0.0018342712046816923,0.0824138333447469,-0.0824138333447469,0.15550740200107463,-0.09494380899904098,-0.09494380899904098,0.4106469583736964,0.6097873104321749,0.7256785721986938,0.6003199908613339,0.6134455920613557,0.6499181838837783,0.6095396162927245,0.2654276450207498,-0.27621008044165773,-0.25229950388727795,1.0,0.9626270875846935,0.17949962016267804,0.4391782280852453,0.5848143392495504,0.6142650381760993,0.6475527879016041,0.6120211478437939,0.6375091905554715,0.6302845082065988,0.7025491236537208,0.08102749548341683,-0.031860746214207945,0.02728064780277352,-0.012432376926929226,-0.027404450251436202,-0.017595509526745615,-0.020989302450047553,0.05751299030442436,-0.049355793836725476,-0.05094616013925836,0.18956701953127472,0.20044135132845892,-0.1312821880083515,0.007944522011401136,-0.0016604966308086222,0.01013182498129826,-0.017812999983794552,0.2658168807575463,0.2628817803829364,0.24274083159155171,0.22494661251985512,0.20801319603625684,-0.15755309735237646,-0.04040953537256368,-0.13255879074705737,0.22731577664289357,0.32409204081875465,-0.44081025976728905,0.567692752638141,-0.25832936882887647,0.1530034885051319,-0.03184656690104838,0.39945833405067155,-0.49252721282441403,0.5946719610761747,-0.04715447845393145,-0.025886119663182217,0.09689963694105955,0.3840789037635218,-0.4705655147260749,0.5656786026448076,0.5015747806721704,0.5024303616281075,-0.34473151613841296,-0.25173196555094196,0.5966829444121782,0.4671805721955978,-0.429958834624351,0.08696159595844032,-0.08696159595844032,0.3427938003360415,0.4670283146143707,0.41602929519863835,0.019594496792249463,0.6055149307529263,0.292027668171936,0.31462284588458284,-0.12628522411699294,0.6091010429199032
name_prefix4_exact,-0.0018892573099400637,0.07984391800038391,-0.07984391800038391,0.15681218767623006,-0.10171696906848993,-0.10171696906848993,0.39788912815349314,0.621293656723068,0.7386432695297586,0.6006666821123405,0.601769397181284,0.6184705208904558,0.612713762431598,0.26341274692746197,-0.2736934169143278,-0.2408245328344358,0.9626270875846935,1.0,0.1701819145669663,0.42543668157648484,0.5945553768760402,0.6014097418451672,0.6159825900162245,0.5926956212308446,0.6487229295512182,0.6226011514736443,0.6699918166977364,0.08762510239788644,-0.028459239063869206,0.03325570079995308,-0.007214654833648151,-0.022632944268424472,-0.013212096529284078,-0.01582697473721422,0.060392477786416744,-0.05152338454922153,-0.05180941031652881,0.19875664482139196,0.20985524001364222,-0.13339784132017485,0.008446379527021857,0.0012346296472353132,0.012938306207137673,-0.020629178008693693,0.2777586704158561,0.27488330523001625,0.2546054060078814,0.23702510279179356,0.2192268691876176,-0.16243358844318895,-0.041362177219322865,-0.14272498432885408,0.23017418049400418,0.3327121059626438,-0.4487083599703321,0.5660002104282204,-0.2633750646297787,0.1539191696276493,-0.02867678251355904,0.4051580313181002,-0.4969987586551662,0.5915228154612895,-0.04556822451912327,-0.030308860121313452,0.1038478705977496,0.39209381313261255,-0.47733330752029984,0.5656138655881106,0.5079620899121368,0.5100872197478866,-0.3508570916293454,-0.25244357005528273,0.5911298008270397,0.47334729912264584,-0.4358298294428833,0.08749962427585908,-0.08749962427585908,0.35258483158415754,0.46713577105219023,0.40413579847167347,0.019013928618472335,0.5877316303577971,0.3049991800145303,0.29949818016212293,-0.12033777152650983,0.59594293844586
name_suffix4_exact,-0.0018495597856079244,0.03968525423802454,-0.03968525423802454,0.11820571622783786,-0.07027584495249337,-0.07027584495249337,0.40643811988553813,0.5555917444078459,0.4285724137647048,0.49344484373412967,0.45787103398855794,0.5422924189457404,0.5221803494812802,0.3470221306327798,-0.32699642680921037,-0.3650942605112357,0.17949962016267804,0.1701819145669663,1.0,0.42443488547473407,0.5449020225153988,0.45973464205665093,0.5561739248085069,0.2027220483766005,0.3604306058798388,0.3169945796282025,0.3418157697368841,0.052406272629443335,-0.09527134935540994,-0.04673318201452685,-0.10372514815820805,-0.10939539089084009,-0.10824212615821126,-0.10244317534640685,-0.013137822766994942,0.05284822875031444,0.05621086435003388,0.055669563996759645,0.057414129493898264,-0.10809252927288257,-0.01969410760104949,0.00891864714058945,-0.001496563584172998,-0.0004822571164996918,0.08031916444320344,0.07957810063667602,0.0671443757294213,0.06418473515555867,0.05952885975210544,-0.005460387340696604,0.047884622598421356,-0.11853280924678376,-0.34175003683989985,0.2665111583712314,-0.32449096134137556,0.3532130446919812,-0.22031673351725095,0.17829814241988337,-0.11333530678907953,0.22816210500566392,-0.2708250798325108,0.3025320926985218,-0.09207422563093064,0.060709037722815884,-0.02589098055595027,0.1566565871968662,-0.16754670132929808,0.18635948825845453,0.1925459962429296,0.21425931340744106,-0.1058486176436329,-0.05313184756787879,0.28096083278639655,0.16332069163916885,-0.2958019193301303,0.09075271011443617,-0.09075271011443617,0.30002018696098864,0.3878102523431773,0.18671534959120817,0.003968250818249815,0.1670801994033861,0.10405887660104542,0.23083603881009787,-0.11528220515545373,0.3310870879551193
transliterated_name_exact,-0.0008069831571255419,0.041183461891922145,-0.041183461891922145,0.06890299870224897,0.0017230653764771665,0.0017230653764771665,0.9333997672491845,0.41455350803495067,0.41210483577267676,0.4025051629718807,0.35100885582232205,0.4051917371161085,0.4122028224589338,0.3876861283553735,-0.3882629463887638,-0.30764288326548445,0.4391782280852453,0.42543668157648484,0.42443488547473407,1.0,0.41502970474753265,0.3578937458039483,0.42255034544625275,0.6202127808943525,0.38217401456447175,0.32869936373336495,0.3891439866263166,0.05473360504480846,0.05725303012215658,0.0864416810352798,0.08584575118157095,0.0756087276954999,0.0835801667801736,0.08157566502364223,0.0619226654899107,-0.0703311891481025,-0.07319965156124154,0.16172019873658364,0.16762266508823742,-0.03685990109175348,0.017354241075559537,-0.005062875466238516,0.010489560291532692,-0.016032518104097795,0.20931016832712335,0.20754271115235692,0.20134634461140943,0.19011481523193594,0.17677278871562876,-0.14480183190996668,-0.061617579662014144,0.009416259329840778,0.014393630906315416,0.12233287933778955,-0.24435171959799318,0.38741080321142773,-0.06935904648070353,-0.0018653645831744395,0.07036446986728084,0.1885582934134966,-0.2966891590803635,0.4298674827424135,0.04005393129718843,-0.08723745608211766,0.12964747154648115,0.17144185899230105,-0.24325769332037364,0.3325658352493213,0.3298721245608485,0.31241081729996284,-0.2461770645080832,-0.22158927171321013,0.3802871748054187,0.30557394673967103,-0.30657776543117593,0.09717561279615776,-0.09717561279615776,0.2065970925562062,0.27642594555158495,0.32242689146205483,-0.007175783362265378,0.5717357236926565,0.21249313572021952,0.17659155033758878,-0.05594654513330995,0.3735176358976561
transliterated_name_levenshtein,-0.005472419205704825,0.10385459317842624,-0.10385459317842624,0.21374921360357022,-0.1401968009555111,-0.1401968009555111,0.3873886298128447,0.9150285360678172,0.8518284773332429,0.8704777662040163,0.8079267482923215,0.8347773825906153,0.8847808701320915,0.4840147500353945,-0.4657127279759759,-0.4525205242854406,0.5848143392495504,0.5945553768760402,0.5449020225153988,0.41502970474753265,1.0,0.8296749485704995,0.8509306753265182,0.46246380588988634,0.8261791909555154,0.7564943776222777,0.7759704511454815,0.08422246666483627,-0.20892186586922104,-0.12348997107043716,-0.22103672446842032,-0.23487506161662763,-0.2329598674545198,-0.2293851250917026,0.003421584878148617,0.03689462684254706,0.04204770812552073,0.13638160602281724,0.14476737001432544,-0.24983292780065713,-0.012220126692879385,0.014379715874188674,0.011651593695843218,-0.018170368869596443,0.210292730002623,0.2074050479978407,0.17700829289798534,0.15860631914663573,0.14489868256935393,-0.07559682808814497,0.035457547954519136,-0.015678564218378408,0.030815921814354455,0.5650851193312059,-0.6641231244409526,0.7283307027538942,-0.4831162562854253,0.38077225874763454,-0.2312603397557673,0.5617315785126187,-0.6322625755821384,0.6838527438311565,-0.19602525295686757,0.11946870587031329,-0.037108386081049355,0.512622679157252,-0.5681827579928106,0.6168964453932858,0.5208993569712265,0.5702668673377094,-0.2979244610124263,-0.15389329061853504,0.6678464568652127,0.46215680832550887,-0.5527005548015115,0.09467495008527087,-0.09467495008527087,0.49361234411394506,0.6154904620652142,0.360825876925037,0.02918360205089265,0.4535626206439571,0.25822523516277524,0.34324011062851983,-0.17762373522356442,0.6138414624373308
transliterated_name_token_set,-0.005495242072507025,0.10771831596587661,-0.10771831596587661,0.2725312047693467,-0.20744257810300687,-0.20744257810300687,0.3340579390333442,0.8488321482585018,0.8489809133208008,0.9102694074401083,0.9770405559432177,0.920376484763713,0.9170520260013327,0.30986700192272754,-0.3217712981252013,-0.35060449422313816,0.6142650381760993,0.6014097418451672,0.45973464205665093,0.3578937458039483,0.8296749485704995,1.0,0.9238382684204058,0.4609778693765704,0.8279807999973839,0.9120082734461737,0.8824423112766935,0.09895615862186054,-0.27364108851877605,-0.1838925448394307,-0.29354359548942127,-0.3158363698758181,-0.31408675919144524,-0.3122805431899867,0.01676189546821785,0.010721985720219117,0.017013415819284783,0.11886579548742877,0.12969287420880893,-0.2969272094575588,0.0014624896717389732,0.020135135123414867,0.02155389331948344,-0.02505384802480006,0.19543908720241923,0.19239042817253113,0.15388714811995485,0.12600684667939593,0.11066813951083508,-0.06414636099803278,0.030272501168566158,-0.19038303049154115,0.18360643469925286,0.651070851582477,-0.7527848437195995,0.7992457168573625,-0.5632687971111777,0.4611423737970188,-0.3026846738853137,0.6531002218943314,-0.7249399324779611,0.7619475949761192,-0.2550719034422135,0.17637131175259044,-0.08973134245102475,0.5961700097915007,-0.6516741244180569,0.6861135232989848,0.5805508501876147,0.6366709952527623,-0.3019457247386496,-0.14490472933939963,0.6997580673927106,0.5080851186377318,-0.6079810212979768,0.098694254660935,-0.098694254660935,0.5511470073663841,0.7161694209190574,0.3847503855738434,0.056228017869290846,0.44978285768747034,0.24807685345562874,0.5059232744244607,-0.22693947050745844,0.7352763308919723
transliterated_name_token_jaccard,-0.0034074199981205455,0.11249201510066531,-0.11249201510066531,0.2506194488240171,-0.18815330637593508,-0.18815330637593508,0.3944083940905948,0.8553780800863072,0.8386709705569274,0.901144558310006,0.915456577274863,0.9863419729900386,0.9321622840196291,0.38877958380853755,-0.39151197896999856,-0.43548180430412115,0.6475527879016041,0.6159825900162245,0.5561739248085069,0.42255034544625275,0.8509306753265182,0.9238382684204058,1.0,0.4951209491213206,0.8080268607597368,0.8431504301865047,0.9084890357387253,0.0915521511644241,-0.24492291360441254,-0.15527555029022086,-0.2614515803615026,-0.2805948565256844,-0.27727869927921206,-0.27454175840664236,0.007918668690415794,0.026125909844710214,0.03059345270930856,0.13214026090680434,0.14270002900509138,-0.279015915708535,-0.008287857650111623,0.011714842218789632,0.010450066888861832,-0.01578229518902826,0.20702960465699274,0.20402962311299397,0.1686280510207105,0.1436936459972509,0.1284765294730636,-0.07571892894576186,0.034227491487454596,-0.15576594507412506,0.12491349391666913,0.618655611600147,-0.7311876743039255,0.7974151371692347,-0.5333103956690599,0.42871114204250466,-0.27182663124132694,0.6159230781823364,-0.6976753823586458,0.7537478549195258,-0.2297943153244456,0.1507499322154496,-0.06481307628043827,0.5545362130686904,-0.6162180442682307,0.6662002626540628,0.5650861987764592,0.614899593955936,-0.31504464309424024,-0.16571298846793167,0.7083912546243941,0.49926510202684043,-0.6080907909747789,0.10525523366099596,-0.10525523366099596,0.4889661204321713,0.6645773326676376,0.41003273983066385,0.043620862171467566,0.48641824882774193,0.2576016536044791,0.451170171766905,-0.2261472064894357,0.7188929877126263
suffix_name_exact,-0.0011226127681461082,0.05727365016863852,-0.05727365016863852,0.09276263830634938,-0.13088114553618632,-0.13088114553618632,0.6709685765278585,0.47866187295793017,0.5208247638375771,0.4776843625429538,0.4696339955016089,0.5111649074291752,0.4961573856339106,0.2588278433941943,-0.26554079902255595,-0.23300117535823772,0.6120211478437939,0.5926956212308446,0.2027220483766005,0.6202127808943525,0.46246380588988634,0.4609778693765704,0.4951209491213206,1.0,0.5464589399692041,0.47366977815784567,0.5724732533291459,0.06346517559866723,0.025303117652102122,0.06539188740205741,0.04473340537107376,0.037085917496371926,0.047382445666223016,0.044480576088628515,0.04551711748275411,-0.034952479751041196,-0.03619105234811577,0.1622212052211875,0.16847182164449176,-0.06833412165744572,0.00270197630164244,-0.004784314465968694,0.005434055197751134,-0.014157778814818217,0.22020921797627274,0.21638093433261918,0.20478132287123746,0.1984822725766584,0.1869697717533166,-0.13596454174537292,-0.03778317776519517,-0.08647335337781005,0.30553560016790354,0.20751715720475425,-0.34421377497781364,0.5253894194499035,-0.13227454666584898,0.051546611470060344,0.03336795118133939,0.2882656181814932,-0.39022332302571894,0.5357607179084211,0.009252606107401397,-0.0638165037772833,0.11499429011180407,0.2900677031399518,-0.40201944646620247,0.5564984580558736,0.44420544615713875,0.42941553672780325,-0.31223253164157083,-0.25647850270095274,0.5215948452717591,0.40787564226170797,-0.38107803444215455,0.10834986164390065,-0.10834986164390065,0.2444823126693126,0.34923184822229036,0.3655768733309462,-0.017192714626830554,0.9246302857324153,0.23486199709487182,0.252484628376109,-0.07782852138330999,0.493561020695282
suffix_name_levenshtein,-0.005435374447381948,0.11255284707848906,-0.11255284707848906,0.24175676994649706,-0.3125726499473702,-0.3125726499473702,0.3666567770820594,0.9014302285237807,0.8725630413666323,0.8698440347358098,0.8516697589899963,0.8142194037240783,0.8710692447856161,0.31686210939046583,-0.339764431885888,-0.41930002044675085,0.6375091905554715,0.6487229295512182,0.3604306058798388,0.38217401456447175,0.8261791909555154,0.8279807999973839,0.8080268607597368,0.5464589399692041,1.0,0.8813369422373325,0.8589211422844294,0.0761552180001207,-0.2546960451261543,-0.1650314737864677,-0.2725857601921902,-0.31324318428613795,-0.2951656773343551,-0.29622323082869945,0.04136949356303494,-0.03012004360632977,-0.030328849953111654,0.11307546565957916,0.1255439838072011,-0.3016498819431999,0.015230885703483313,0.004941301332069065,0.013559780165774511,-0.014317547004481571,0.19245296844787377,0.1904857048734551,0.15160537727827494,0.1186941917847301,0.10113429743710184,-0.08253411942757805,0.010454280928032241,-0.3062304828491371,0.4221102049401565,0.614409300358525,-0.7123729777477139,0.777340344255191,-0.5341216196275387,0.43623143659164665,-0.2881746451342455,0.627731252729622,-0.6953933914731842,0.74443823573262,-0.24593708731307032,0.17028943741609653,-0.08873974295164505,0.6061282238153386,-0.6702764507480707,0.72117296428843,0.5617646030820241,0.6192450297283744,-0.3001980783112222,-0.14433407623738664,0.6979933592925873,0.4925884686486586,-0.5639481699465251,0.06935733908957685,-0.06935733908957685,0.47538710262594464,0.6072425036709371,0.36390445888535905,0.02628498326054691,0.5408055704955865,0.2334251873490917,0.3730581417062827,-0.2553609023579973,0.6117521153368174
suffix_name_token_set,-0.005496502525518444,0.11192409938648923,-0.11192409938648923,0.27580531159368443,-0.3365424384332332,-0.3365424384332332,0.3178175367948362,0.8165447705184923,0.8374445814357027,0.8826167577848626,0.9380391710925007,0.8548263807918115,0.868962790625977,0.24567872830722015,-0.2751982063409741,-0.355086586264944,0.6302845082065988,0.6226011514736443,0.3169945796282025,0.32869936373336495,0.7564943776222777,0.9120082734461737,0.8431504301865047,0.47366977815784567,0.8813369422373325,1.0,0.914431295028687,0.09141447987564001,-0.29256336828346624,-0.20408329294941172,-0.31606055044629083,-0.3580840151678446,-0.3427170088441576,-0.3449707072410481,0.047088746090641155,-0.04212715324998432,-0.039173893164864464,0.09767087426078445,0.11124178175909637,-0.3240302839218936,0.02172160296328666,0.011001796816055133,0.02148275719465125,-0.021167577901383003,0.1766254601850776,0.17442017317646902,0.1310550904878979,0.09430118420687615,0.07682854710178588,-0.06845074577671503,0.009769405043700321,-0.2616315236298303,0.34674784032191025,0.6601176653862826,-0.7549592001635674,0.8024645775674387,-0.5778415698779508,0.48181371517922145,-0.33020439598108337,0.6721044905855712,-0.7353604785799794,0.7679284853763763,-0.28136475016969054,0.20528558431646854,-0.12173693387587164,0.6537219245593121,-0.712583878336093,0.7456629963357074,0.5907948525083276,0.6502306939744156,-0.2918749930188651,-0.13295337701555843,0.6967959191627028,0.5130913394646556,-0.5871080815488398,0.07150135134473376,-0.07150135134473376,0.5087376455437609,0.6578555000429205,0.3691332879569672,0.009844356381442551,0.5099249473750807,0.22253098600486354,0.45991737890710993,-0.2723559031575036,0.6862416920518614
suffix_name_token_jaccard,-0.0030946482275969983,0.12066381570032222,-0.12066381570032222,0.254458573497056,-0.23052721371715978,-0.23052721371715978,0.3841115638865291,0.8044887125244358,0.8143459493232831,0.8539536179234622,0.8894232989987857,0.9265640109953871,0.8829256341305683,0.3006089982861314,-0.3243132655161349,-0.35035466917873836,0.7025491236537208,0.6699918166977364,0.3418157697368841,0.3891439866263166,0.7759704511454815,0.8824423112766935,0.9084890357387253,0.5724732533291459,0.8589211422844294,0.914431295028687,1.0,0.08953863328676137,-0.27981040434654963,-0.19283889180591787,-0.29930589943977093,-0.3225524501572083,-0.31840915228983835,-0.3187296235691819,0.01589488476192818,0.003475886599314713,0.007630339693149099,0.11655267530447128,0.1287826214620147,-0.299682017500884,0.0014686752749114482,0.009479763486914872,0.011684481614521054,-0.014519095261534765,0.19517986268101103,0.19230485686742108,0.1522843697527207,0.11996736840518095,0.10322470229203987,-0.07728410409697138,0.025881083181494964,-0.2005123223124341,0.3373933020700786,0.6567697419417775,-0.7662034624197592,0.837365990610306,-0.5684064198711928,0.46588814292397474,-0.3077629756815566,0.6676399741559913,-0.7415850388250628,0.7943362527144476,-0.2615230324932329,0.18222037061342555,-0.0950832537647562,0.654729710290197,-0.7263314320196181,0.7802746939705381,0.6187161223344255,0.6750476674470556,-0.3236689740183003,-0.16082033090002731,0.748173571361104,0.5422614126204491,-0.6149990795892116,0.087267225604472,-0.087267225604472,0.3991536323193946,0.5829355850158994,0.4003543906136699,-0.0020924871504172304,0.5843934671155225,0.24649682247066912,0.4472764857539549,-0.21330514172044648,0.7134905721559677
address_exact,-0.0003556416689039451,-0.016519340208384924,0.016519340208384924,-0.03963968110420884,-0.0015134571716299823,-0.0015134571716299823,0.04871189690578012,0.07776623118407179,0.08037244145449832,0.07924592421644874,0.09471012852558508,0.08964475216945716,0.08843203658592598,0.028319522148070004,-0.023606609976391513,0.0002380021793810124,0.08102749548341683,0.08762510239788644,0.052406272629443335,0.05473360504480846,0.08422246666483627,0.09895615862186054,0.0915521511644241,0.06346517559866723,0.0761552180001207,0.09141447987564001,0.08953863328676137,1.0,0.19236177222269155,0.19236013230412266,0.19137362920669346,0.18754843007098548,0.19531325843147282,0.19281271948999978,0.1839113710467158,-0.18407449407202228,-0.14677246741433753,0.31444609600060774,0.325594935964278,0.2074207636649755,-0.005230792079388417,0.021486063348463678,0.02940510283879922,-0.04419119437864806,0.29556936950483936,0.30037405608182854,0.25523053737997975,0.22876796584059284,0.2091262686883041,-0.14906630218472794,-0.1042587714697308,-0.008197978203892292,0.00965122760203721,0.0014849907503549998,-0.03488465748336865,0.05338442935091288,0.02293150538596137,-0.11829116359385651,0.20352466522133844,0.024716657644471767,-0.05256702444356046,0.06621560229965562,0.09923145204827237,-0.16353216290717135,0.22667146185381515,0.030454666002012194,-0.05406597353410128,0.06509831454611072,0.14978149289113554,0.13462189317878434,-0.17381986766557017,-0.14242968558672747,0.1523545279186846,0.16124899639242382,-0.10053716068690019,0.0536635485847941,-0.0536635485847941,0.14410856153840648,0.15066350209251472,0.27311612707666444,0.0020077128833130477,0.05719376089221716,0.35763530203790705,-0.04584218319529579,0.04809049232439374,0.17005470374313644
address_levenshtein,0.0039004072635123173,-0.24904028832419425,0.24904028832419425,-0.2035948903328227,0.11210925830857559,0.11210925830857559,0.04248092030341751,-0.23589819065334533,-0.192742664264188,-0.2461705962798537,-0.27721314233458116,-0.2528146127007885,-0.2669067736836245,0.019521976532625267,0.011918699437106389,0.07064711998608939,-0.031860746214207945,-0.028459239063869206,-0.09527134935540994,0.05725303012215658,-0.20892186586922104,-0.27364108851877605,-0.24492291360441254,0.025303117652102122,-0.2546960451261543,-0.29256336828346624,-0.27981040434654963,0.19236177222269155,1.0,0.8228637598204456,0.8064149770855981,0.7795928439403187,0.7819036104252999,0.819333136165682,0.22915605472714684,-0.19297967557124526,-0.2203151781174709,0.40093540945864115,0.39867213673144414,0.5505520535048203,0.0015168809230442656,0.08081217405658966,0.08985073175250322,-0.11015852690882105,0.3433127586416948,0.34125110387872776,0.3458398027193722,0.37808952856942146,0.3696622281471502,-0.20003833636223387,-0.20988284037401347,0.12382238957391974,-0.11386330146340473,-0.4530505101652938,0.3865516100677196,-0.2916661763619854,0.5472848311605621,-0.652057768377825,0.6925294121672289,-0.3467443989659315,0.27929569953230415,-0.21058335440838485,0.4511039024045238,-0.4953245841776568,0.5269613303505323,-0.3158892189776838,0.2581596803490856,-0.20092877282654126,0.04303086339999392,-0.02778338215638943,-0.22309891175984706,-0.2505531025575974,-0.02673565324553901,0.09426766775010646,0.08912285346257377,0.13170874345387135,-0.13170874345387135,0.23655658914505875,0.1858429688882032,0.3647775256472447,-0.020967695303006677,-0.0043171363390371855,0.35808854265594997,-0.26985233259979846,0.17133380869918344,0.03675840446980835
address_jaro_winkler,0.00341514141289621,-0.2490432535417353,0.2490432535417353,-0.13319620243221947,0.07545314083808939,0.07545314083808939,0.06890917514166743,-0.14525011062225948,-0.10221505892621105,-0.15319776697379933,-0.18525526763498373,-0.1627520325321691,-0.1733936247489424,0.0496848018816383,-0.018704769573880765,0.025898176795270605,0.02728064780277352,0.03325570079995308,-0.04673318201452685,0.0864416810352798,-0.12348997107043716,-0.1838925448394307,-0.15527555029022086,0.06539188740205741,-0.1650314737864677,-0.20408329294941172,-0.19283889180591787,0.19236013230412266,0.8228637598204456,1.0,0.8525173538792419,0.7790359127677262,0.7733699332620048,0.8125306682750594,0.411801653436861,-0.32155953108561736,-0.30709671618280027,0.44002050712433655,0.4379627877356875,0.4156209719125734,-0.00046335678227519574,0.1220050195679031,0.13028431338319954,-0.15681695501253728,0.4059107417121962,0.4020320045733141,0.40998373082553696,0.44259987186203353,0.4314044622980858,-0.20116360545645728,-0.24496872727171853,0.09233686625712918,-0.09250980061431206,-0.3855842476325296,0.3087390600396531,-0.21397930113256264,0.47213487951262806,-0.5980033646893478,0.671365278288331,-0.28376080607885795,0.20831579690006588,-0.13879743486364657,0.4476186112756914,-0.5056118562604339,0.5498546673761147,-0.26077663003926993,0.19563319448091873,-0.1359471482842474,0.11027730455539472,0.0407822250841195,-0.2832141159691562,-0.29167437748205594,0.06247464013229997,0.1661424134345685,0.025153622158119483,0.12584221338506726,-0.12584221338506726,0.3335169239972924,0.2851733348061621,0.4118130611114341,-0.01620154356310938,0.03865489531946712,0.40524912039250854,-0.2391100079654305,0.1404012836932812,0.11090783270384441
address_token_sort,0.0045795287408800685,-0.249044682310328,0.249044682310328,-0.19657804694078726,0.1289279634700975,0.1289279634700975,0.06768907527853965,-0.25081736164853347,-0.20084690068620706,-0.2639244878626656,-0.29905700038486527,-0.27027811864255274,-0.285100044261173,0.029852207611777818,0.0037723728403184003,0.07818417985305805,-0.012432376926929226,-0.007214654833648151,-0.10372514815820805,0.08584575118157095,-0.22103672446842032,-0.29354359548942127,-0.2614515803615026,0.04473340537107376,-0.2725857601921902,-0.31606055044629083,-0.29930589943977093,0.19137362920669346,0.8064149770855981,0.8525173538792419,1.0,0.9425543013849166,0.9123065395694142,0.936679003920583,0.37277440556511326,-0.32679046517047505,-0.29813751154968005,0.361907589008611,0.3600857172939652,0.4443961292160828,0.02588410666943254,0.09892812701040378,0.121208090578741,-0.14358507581564084,0.4150009080812771,0.4081072297211924,0.41005829600925975,0.4586907245621144,0.44790999281785543,-0.2318024763963202,-0.2577706916309422,0.14011005067670482,-0.12484666404560087,-0.5106798459952613,0.4281500612401657,-0.316489877162199,0.6271800523830331,-0.7585666708336997,0.8200783390274541,-0.38348043965828843,0.3009541497690548,-0.21976979428459473,0.5233106736680601,-0.5803971027497878,0.6227001983215485,-0.349575311907474,0.2787092656552565,-0.21230269138224112,0.07804042611191572,-0.004117618118278067,-0.2834883644074119,-0.3078974243505772,0.005291550864372229,0.13826926281303017,0.07854459620736208,0.16314737719573694,-0.16314737719573694,0.3186424559757859,0.25290115698084353,0.4469870296505332,-0.021321052697460117,0.008338533616547192,0.43626853636320695,-0.3103962292028406,0.21365925856094178,0.07161729026956368
address_token_set,0.004852140449265094,-0.24905059841524765,0.24905059841524765,-0.21408978804144818,0.20472251044408207,0.20472251044408207,0.057896604150092616,-0.28382197723950153,-0.23535986847107498,-0.2974204213234545,-0.3341335120491739,-0.28931006090992095,-0.3079070301409971,0.03450501584195192,0.0069615959339962355,0.11529691821169659,-0.027404450251436202,-0.022632944268424472,-0.10939539089084009,0.0756087276954999,-0.23487506161662763,-0.3158363698758181,-0.2805948565256844,0.037085917496371926,-0.31324318428613795,-0.3580840151678446,-0.3225524501572083,0.18754843007098548,0.7795928439403187,0.7790359127677262,0.9425543013849166,1.0,0.9320029219159172,0.9407148828874945,0.22589528905465492,-0.18003044768382068,-0.1628116740402937,0.3709859356224079,0.3642471422912505,0.4790395781889719,0.002060722986303379,0.07765034798312935,0.09208599622997889,-0.11744832810675547,0.40606342420626235,0.3979421548991711,0.4155256629798553,0.47018567136068534,0.4625902842511621,-0.23659629468906074,-0.20141744536246295,0.17841104646612208,-0.1526363246271047,-0.5322399543333624,0.45068565553775125,-0.33706934802016336,0.6489994690622707,-0.7743096072037102,0.82435901150048,-0.40278461594674,0.3205829147060808,-0.23796530728455131,0.5509427233453381,-0.603690468632126,0.6399610123346327,-0.3682533622332481,0.2978535381772354,-0.2298660030768401,0.070953928684324,-0.01120208621906476,-0.2799732454948056,-0.301324633793298,-0.016574213238387127,0.13192292837919156,0.09597974394557751,0.1593473149965138,-0.1593473149965138,0.2896478973350342,0.23880409828816013,0.45116914586383927,-0.02197966384113837,0.0010751102775641366,0.44206183133475413,-0.3239374898739601,0.3187226233549454,0.09781777104022753
address_token_jaccard,0.00429181452256774,-0.16924652147458547,0.16924652147458547,-0.21650095041547596,0.1565111980845564,0.1565111980845564,0.06426777537174544,-0.2712660201570485,-0.21941491107264724,-0.28428704387951864,-0.32343236449559454,-0.28640339018706057,-0.3035227326632113,0.03783767304262554,0.0015163124809426912,0.08769979345478011,-0.017595509526745615,-0.013212096529284078,-0.10824212615821126,0.0835801667801736,-0.2329598674545198,-0.31408675919144524,-0.27727869927921206,0.047382445666223016,-0.2951656773343551,-0.3427170088441576,-0.31840915228983835,0.19531325843147282,0.7819036104252999,0.7733699332620048,0.9123065395694142,0.9320029219159172,1.0,0.9497335692194407,0.25418314693076843,-0.21866311611037031,-0.20923338404544306,0.3984827274365885,0.3882561026489924,0.4904421728226709,0.00912447944180769,0.025615540986703884,0.05162931294120297,-0.07783283594219588,0.4382282252358009,0.4293555297813791,0.4479664152393375,0.5072814190847289,0.4994034333511575,-0.2929258901807959,-0.2086397723846973,0.16000699077738145,-0.13780868039040428,-0.5422915342137299,0.4552976528329009,-0.3364847601243552,0.6448996389495669,-0.7764424650490322,0.8305669992376028,-0.4085587444097661,0.3215720927528388,-0.23518702940446654,0.5580683938807851,-0.6152602785523257,0.654449131277707,-0.37236247287657087,0.29750743429042037,-0.22579333023695966,0.07430693465082963,-0.013388980340989011,-0.3009438538886761,-0.3264594830189386,-0.010388979878997078,0.1426592288329746,0.09355907662276396,0.15159526383126917,-0.15159526383126917,0.21644590672833053,0.1809293349100602,0.46037449050659435,-0.021594569649067693,0.011497103783991812,0.4541505501870549,-0.34929001084917516,0.25875891537500295,0.08776538213043103
address_char3_jaccard,0.0046421033315895005,-0.21110816154036235,0.21110816154036235,-0.1911403496168254,0.16244261941478735,0.16244261941478735,0.0624728729934065,-0.2691821062263445,-0.2186038105482347,-0.28202987138778207,-0.3224293365300822,-0.2838758443777794,-0.3010082026292642,0.03772255734913391,0.004495046517776933,0.08715125723941845,-0.020989302450047553,-0.01582697473721422,-0.10244317534640685,0.08157566502364223,-0.2293851250917026,-0.3122805431899867,-0.27454175840664236,0.044480576088628515,-0.29622323082869945,-0.3449707072410481,-0.3187296235691819,0.19281271948999978,0.819333136165682,0.8125306682750594,0.936679003920583,0.9407148828874945,0.9497335692194407,1.0,0.272167388830344,-0.219657008277439,-0.20049015606276807,0.37124072250901874,0.36766684508463954,0.4805448688410151,-0.0055020587321130045,0.048446325561700754,0.06155391752713958,-0.08593640137706848,0.4142004648634361,0.40654719703539066,0.4152917816412056,0.469756756887569,0.4613709285257814,-0.25638656590048,-0.1982197779239409,0.16010923296657828,-0.143410205297229,-0.539311716110973,0.453776616356776,-0.335621215236961,0.6568660705759601,-0.7877057366903366,0.8447404744582303,-0.408373112805751,0.3225756502954591,-0.2366223022766408,0.5506483614630555,-0.6057400381729786,0.645848488128258,-0.3746835994500045,0.3006158507980633,-0.22861129406514297,0.07375645963834766,-0.012678709957542621,-0.28982664799988017,-0.31572655030497426,-0.001596348403597522,0.13665565875878444,0.08898107450258147,0.16746865456213167,-0.16746865456213167,0.24776985362901233,0.20352065374630113,0.4534254279268757,-0.02281890030908888,0.009316211901327951,0.4437609833678705,-0.3377629247030318,0.24982364706935162,0.07905669360438237
address_length_ratio,-0.00017802813810990095,-0.24906620411643365,0.24906620411643365,-0.06147621226093521,-0.1023181000943903,-0.1023181000943903,0.05750606367793845,0.02624362335150449,0.04195678353408482,0.02692012697320292,0.03323598933101719,0.006269046600028653,0.009508740987722161,0.0038756895504840965,-0.01900194725226505,-0.03225885524548823,0.05751299030442436,0.060392477786416744,-0.013137822766994942,0.0619226654899107,0.003421584878148617,0.01676189546821785,0.007918668690415794,0.04551711748275411,0.04136949356303494,0.047088746090641155,0.01589488476192818,0.1839113710467158,0.22915605472714684,0.411801653436861,0.37277440556511326,0.22589528905465492,0.25418314693076843,0.272167388830344,1.0,-0.942822270171483,-0.6296001766042675,0.1393850257531842,0.14745230466741907,0.07064513483496125,0.06042781765739387,0.15855302069634472,0.1759014027799342,-0.18040570129426944,0.21316622642831634,0.21110574683069855,0.16010484736359035,0.1613832817074899,0.14827952328581465,-0.09781152876824863,-0.29646116246710813,-0.034199168813092706,0.0403041644155838,-0.04805420968934977,0.021345417434589255,-0.0006340433843300926,0.09350440425308883,-0.1731401317210209,0.24096844414012833,-0.01598151256665712,-0.007994038361421676,0.022394722257068723,0.09788049145656712,-0.14303924603407242,0.18763032624052928,-0.009548586196112095,-0.009444674159542232,0.01847694484917558,0.10051089907464417,0.08262915178665754,-0.12740629225135444,-0.12057302419698253,0.09528706938328636,0.11175876445448059,-0.06312696997180496,0.06917786688357809,-0.06917786688357809,0.24619803664850615,0.21098724858561854,0.21091744192413733,-0.0017452623631211677,0.030840872745962936,0.22915013281562968,-0.027773834836634828,-0.05936479144586499,0.049864367714268706
address_length_difference,0.0016927674076551813,0.2106178821776029,-0.2106178821776029,0.09216005672419013,0.13541020531842324,0.13541020531842324,-0.06584827027680122,-0.0001724211552881793,-0.016958574074107613,4.223800841878926e-05,-0.012622339362073633,0.028578229441511147,0.022970227522068582,0.015556577901404125,0.016206093035886097,0.028894897783415193,-0.049355793836725476,-0.05152338454922153,0.05284822875031444,-0.0703311891481025,0.03689462684254706,0.010721985720219117,0.026125909844710214,-0.034952479751041196,-0.03012004360632977,-0.04212715324998432,0.003475886599314713,-0.18407449407202228,-0.19297967557124526,-0.32155953108561736,-0.32679046517047505,-0.18003044768382068,-0.21866311611037031,-0.219657008277439,-0.942822270171483,1.0,0.7164575612503988,-0.12764555389353688,-0.1408259026883063,-0.05506207286391759,-0.1099957948506895,-0.10902102932384786,-0.15298299722720934,0.14909770494866717,-0.20378893639294238,-0.20518420718035055,-0.15337858175626498,-0.12533817438586792,-0.10377598689193894,0.16653584620862918,0.35259006654122454,0.0405123691234194,-0.06880074978306422,0.058868920596379874,-0.034809635614106695,0.016850064537178445,-0.0956738646075616,0.16616481309059258,-0.2193741367272878,0.022460006333082556,-0.0011274426949687858,-0.011221986266152709,-0.086732977101172,0.1282447182073999,-0.16670667460290742,0.010119679980352349,0.006118156234458913,-0.009274308065617009,-0.07995684797385882,-0.0639603802514821,0.1130011856418067,0.1118817389532129,-0.0570331923473136,-0.09354683609438509,0.04442028108834161,-0.057607737642782396,0.057607737642782396,-0.18808749969439767,-0.14513351514817371,-0.18666263762003238,-0.00021969735545747878,-0.014089233982649971,-0.1995363358313738,0.036886442097205895,0.07674041676264899,-0.014341390726801883
address_token_count_difference,0.001234505601452783,0.21721608097745007,-0.21721608097745007,0.05810250113626692,0.13906389241777073,0.13906389241777073,-0.06757532722280926,0.0009750514029898558,-0.014268667216982748,0.002280386150001199,-0.008886541855253996,0.03353303624224007,0.026038578187277603,0.01550978606142883,0.018149576687765703,0.03331677156500308,-0.05094616013925836,-0.05180941031652881,0.05621086435003388,-0.07319965156124154,0.04204770812552073,0.017013415819284783,0.03059345270930856,-0.03619105234811577,-0.030328849953111654,-0.039173893164864464,0.007630339693149099,-0.14677246741433753,-0.2203151781174709,-0.30709671618280027,-0.29813751154968005,-0.1628116740402937,-0.20923338404544306,-0.20049015606276807,-0.6296001766042675,0.7164575612503988,1.0,-0.12976644641908422,-0.145793150816067,-0.04055529677246938,-0.11501439636484184,-0.13014426167682827,-0.1729593664322054,0.16777942003379595,-0.2230725167181586,-0.22425986449860508,-0.1617545911885768,-0.11999270696365597,-0.09359374793465731,0.1939455488238545,0.43508154191054477,0.04099344944002218,-0.07146595447807724,0.06353972367610944,-0.039098537116089745,0.020431618247297795,-0.09904641041952213,0.16005923064099384,-0.20082921102898593,0.027683705753517127,-0.004572381788124846,-0.008716529283084114,-0.08713592800811165,0.12532140192863775,-0.16001622920924483,0.01521246004837357,0.0028258197927897863,-0.006251750615155697,-0.07140166462426249,-0.05485412860509963,0.1030379825469643,0.10482706569325861,-0.03670794935452557,-0.08352028928337484,0.03402819581456365,-0.047796942156296277,0.047796942156296277,-0.16864070732599373,-0.12874324497345394,-0.18290483103532262,-0.00022346863459904011,-0.012622608944764954,-0.2097221906787457,0.03211876018215385,0.09950117563519333,-0.005512428486419627
address_first_token_exact,-0.0011310099677728474,-0.052534728268189404,0.052534728268189404,0.019232015038402505,0.033127295271906866,0.033127295271906866,0.1393648268197175,0.11937697627888798,0.1444747326649442,0.12415649233007775,0.10812212269421091,0.12689985830559927,0.12715084148151226,0.1274914859126223,-0.12217725204741613,-0.05610701679715333,0.18956701953127472,0.19875664482139196,0.055669563996759645,0.16172019873658364,0.13638160602281724,0.11886579548742877,0.13214026090680434,0.1622212052211875,0.11307546565957916,0.09767087426078445,0.11655267530447128,0.31444609600060774,0.40093540945864115,0.44002050712433655,0.361907589008611,0.3709859356224079,0.3984827274365885,0.37124072250901874,0.1393850257531842,-0.12764555389353688,-0.12976644641908422,1.0,0.9429690930493435,0.1263244150675068,-0.0020875657889647924,0.06827505605829062,0.08803247905469033,-0.12033897714999316,0.5934235416850658,0.6003655793920967,0.6691371201534168,0.5907729837836729,0.5585432415478393,-0.3197249669363016,-0.18616444677411745,0.02430056513313321,0.012757924722245599,-0.07124370315364689,-0.015268481713173465,0.07852775632582544,0.05445580676675127,-0.18394995815770146,0.2906529067376046,-0.007409699462652191,-0.07092383453064519,0.11964152362800243,0.30631636800321516,-0.3937550060999199,0.458702385813497,0.0057633833641674865,-0.07210278759363266,0.11215819915034979,0.24907883581308043,0.21053423393201398,-0.3553102012109458,-0.31677895083408175,0.20095026254154852,0.29950450808808504,-0.12485736675662906,-0.012308689903570029,0.012308689903570029,0.26188575808187814,0.238229292839585,0.4378207696903586,0.008133988230809444,0.14467230659093933,0.4968994335944448,-0.13423864338557492,0.08818053860731123,0.32042828885049607
address_prefix4_exact,-0.0010922825560866942,-0.050735863441676236,0.050735863441676236,0.02439282811250345,0.024515800571772974,0.024515800571772974,0.1451620760511196,0.13009356813409487,0.15531584811730537,0.13498720984368767,0.11993028936947654,0.13724574339910972,0.13755517468589662,0.12949868538671472,-0.12627076147132635,-0.061894187102889624,0.20044135132845892,0.20985524001364222,0.057414129493898264,0.16762266508823742,0.14476737001432544,0.12969287420880893,0.14270002900509138,0.16847182164449176,0.1255439838072011,0.11124178175909637,0.1287826214620147,0.325594935964278,0.39867213673144414,0.4379627877356875,0.3600857172939652,0.3642471422912505,0.3882561026489924,0.36766684508463954,0.14745230466741907,-0.1408259026883063,-0.145793150816067,0.9429690930493435,1.0,0.11286370810999388,-0.0034868527599607453,0.06328467388455651,0.08420994906450668,-0.1179216056920763,0.5982272463132728,0.6049945716801436,0.6662662274714666,0.5843297274588808,0.550764030119664,-0.32814208709612713,-0.19575480207015372,0.019946443790096562,0.01871732552306682,-0.06485822796389318,-0.02377551333491746,0.08741670841436743,0.04594238710297507,-0.17991905296437213,0.28840228133568085,0.0005394280838009726,-0.08031866119788622,0.12931048570276898,0.3095233292313007,-0.4006461189567012,0.46768513638044973,0.014079331509039528,-0.0820142874220348,0.12226350398940944,0.2581263630381321,0.22015402321415967,-0.3651782544130486,-0.32516225835751117,0.205125121393038,0.3093939530773342,-0.13184574845386338,-0.015606258164376349,0.015606258164376349,0.2692218385479177,0.2421670962493297,0.4502677174340815,0.008757735494478832,0.15075163639143532,0.5078363665353536,-0.12920663384152428,0.07268271939306514,0.3241851507248602
address_suffix4_exact,0.005832354755634022,-0.0796416902363104,0.0796416902363104,-0.3812251904774071,0.15812390867617845,0.15812390867617845,-0.04010478721688463,-0.2819325602470439,-0.2620221332093977,-0.29592685756146814,-0.3098413806041609,-0.2828370531481878,-0.298031873098603,-0.054851233504475676,0.0848985995797816,0.14262688427335365,-0.1312821880083515,-0.13339784132017485,-0.10809252927288257,-0.03685990109175348,-0.24983292780065713,-0.2969272094575588,-0.279015915708535,-0.06833412165744572,-0.3016498819431999,-0.3240302839218936,-0.299682017500884,0.2074207636649755,0.5505520535048203,0.4156209719125734,0.4443961292160828,0.4790395781889719,0.4904421728226709,0.4805448688410151,0.07064513483496125,-0.05506207286391759,-0.04055529677246938,0.1263244150675068,0.11286370810999388,1.0,-0.022230527733527374,-0.0034142704823178285,-0.0070352595636057795,-0.00207999916563086,0.04475822748784612,0.04680680275562757,0.05418965660866108,0.07893342295698302,0.08252059936388308,-0.03725716337268875,-0.030972291931364537,0.12510817114360923,-0.12626360248476948,-0.34940495519333414,0.33928112753132816,-0.2929837554347509,0.4182766937214956,-0.4462282487800426,0.4321020101487962,-0.2923793802663731,0.2772653915331836,-0.2449010726571314,0.2451844434033353,-0.24433834680940814,0.24200377783454352,-0.27007833338041004,0.2578693770567476,-0.23135206629106286,-0.08996126006457912,-0.1301264361549786,-0.016658673204848165,-0.05510810456414804,-0.1284201381349798,-0.0675196506565905,0.1509067528414641,0.09790455186550653,-0.09790455186550653,-0.034413872857662536,-0.03000438755322384,0.10559552500560962,-0.018849775452090458,-0.08449655907918069,0.09742990966754779,-0.1892621024594822,0.19715894924527905,-0.0891303527788282
s1_address_has_numbers,0.0006850077537167641,-0.004484053830295995,0.004484053830295995,-0.010484726304904384,-0.06383500542203212,-0.06383500542203212,0.016861403047133797,0.006188695938000748,0.00861314031022804,0.0038856812357426,0.01161816558182481,-0.008546943290826028,-0.0053600469388034875,-0.008112812722967131,-0.009609195224041304,-0.01937993713428178,0.007944522011401136,0.008446379527021857,-0.01969410760104949,0.017354241075559537,-0.012220126692879385,0.0014624896717389732,-0.008287857650111623,0.00270197630164244,0.015230885703483313,0.02172160296328666,0.0014686752749114482,-0.005230792079388417,0.0015168809230442656,-0.00046335678227519574,0.02588410666943254,0.002060722986303379,0.00912447944180769,-0.0055020587321130045,0.06042781765739387,-0.1099957948506895,-0.11501439636484184,-0.0020875657889647924,-0.0034868527599607453,-0.022230527733527374,1.0,0.12266995770125523,0.5217229021810327,-0.36257206012364357,0.07736251563833504,0.07614267070805712,0.0893678766611176,0.10926053488881901,0.10951106318067311,0.2871192600381258,-0.11327579202857258,-0.024610126864030822,0.0247380342897135,0.010592168980838803,-0.010101827011415716,0.006668853893077088,-0.018713324199324206,0.018788343723929818,-0.002757198468247043,0.010204516271183465,-0.007934712630462328,0.006374916589913542,-0.03628987313046413,0.03197305942826426,-0.032223617472999705,0.009381672417729218,-0.008505495755529318,0.002539335498268873,-0.014859438063064367,-0.01537119097763898,0.003946355145609253,-0.004813127659712117,0.008127362187924566,-0.010954838629569778,-0.004551359898172122,-0.003759265373186059,0.003759265373186059,0.020959073550771163,0.01803754466755702,-0.0035852529537826155,-0.001512545725411295,-0.006672637458967662,0.06408504739631567,0.08829744566451062,-0.004033018208414291,0.005734450993472384
candidate_address_has_numbers,0.0011427875486231462,-0.40646101837223725,0.40646101837223725,0.03692740452780525,0.007537199575887108,0.007537199575887108,-0.002196715004666092,0.011490269945398994,0.010856659194404431,0.011991571257358972,0.016650297027067135,0.012300507128471057,0.015415661990629314,-0.005696267300783952,0.01218153115657093,0.01505572589638441,-0.0016604966308086222,0.0012346296472353132,0.00891864714058945,-0.005062875466238516,0.014379715874188674,0.020135135123414867,0.011714842218789632,-0.004784314465968694,0.004941301332069065,0.011001796816055133,0.009479763486914872,0.021486063348463678,0.08081217405658966,0.1220050195679031,0.09892812701040378,0.07765034798312935,0.025615540986703884,0.048446325561700754,0.15855302069634472,-0.10902102932384786,-0.13014426167682827,0.06827505605829062,0.06328467388455651,-0.0034142704823178285,0.12266995770125523,1.0,0.870382025909942,-0.7975308897523266,0.12906265530858194,0.12702760739852706,0.14909100830038513,0.18227761386548447,0.1826955662331113,0.4789964983040622,-0.2799456439725125,-0.002146558723830408,-0.01081096159848059,0.016914808023783527,-0.012851942394325135,0.008449063986056233,-0.002971018993472418,-0.007891062373527323,0.024205293611468823,0.01599562934364063,-0.011478660304399172,0.0078104143783566905,-0.07097865787595839,0.056828460605724385,-0.039141866030295035,0.012530845682297655,-0.008747933012008786,0.004700730012114028,-0.01656656991381229,-0.022792758566862432,0.018211380906958046,0.0011709629440432546,0.017856966579505692,-0.02356465616072398,-0.011530864895448356,0.02445011448991628,-0.02445011448991628,0.15050096732871912,0.14890542141529103,0.03577039853283237,-0.000628509242974529,-0.007577350590563697,0.10691206606066396,0.14730522528122164,0.012971323950388572,0.04063001218527053
both_addresses_have_numbers,0.0013129723668505418,-0.35377636462424605,0.35377636462424605,0.029629541364618064,-0.020055135871489823,-0.020055135871489823,0.012208742357760177,0.015601739274725308,0.017813367612924454,0.015274178750961667,0.022433119654446793,0.010659144229896313,0.014507386806492143,-0.0034725017392942268,0.001471262216963922,0.003831921773629374,0.01013182498129826,0.012938306207137673,-0.001496563584172998,0.010489560291532692,0.011651593695843218,0.02155389331948344,0.010450066888861832,0.005434055197751134,0.013559780165774511,0.02148275719465125,0.011684481614521054,0.02940510283879922,0.08985073175250322,0.13028431338319954,0.121208090578741,0.09208599622997889,0.05162931294120297,0.06155391752713958,0.1759014027799342,-0.15298299722720934,-0.1729593664322054,0.08803247905469033,0.08420994906450668,-0.0070352595636057795,0.5217229021810327,0.870382025909942,1.0,-0.9463937359765788,0.14828276718335634,0.1459446583420951,0.1712937582144091,0.2094225391142724,0.20990273327635875,0.550329032591516,-0.3536369152986079,-0.010700430710558343,0.002028383648951841,0.012645880920438191,-0.013171186788931036,0.011191398275583613,-0.0026468439964637195,-0.013676842177949603,0.03920211060391313,0.015718158803451635,-0.014673873815623479,0.013098274683908707,-0.05831616375319658,0.03947363699312467,-0.020634681909344744,0.012848898900426266,-0.012599006076030074,0.00837140376530937,-0.006174631891697081,-0.014456606335194187,-0.000993664101477288,-0.01844076670283469,0.02782096778354185,-0.008052954586445539,-0.017625560489383497,0.021213568204095642,-0.021213568204095642,0.15490665062581008,0.1502021688132656,0.052440999142952964,-0.0015151684858967114,-0.0021921329416724655,0.12283349480809029,0.16924203498713244,0.01664744226219228,0.047903237463760594
one_address_missing_numbers,-0.0012425888234976954,0.3517481879390613,-0.3517481879390613,-0.03335176548429577,0.010006465203666652,0.010006465203666652,-0.017218020087008394,-0.01791325685812073,-0.021636599342077463,-0.01816083355574975,-0.023982506823309553,-0.01582487930580817,-0.01897005099234724,-0.003054793809546186,0.0025364132339686595,-0.0056161215925057415,-0.017812999983794552,-0.020629178008693693,-0.0004822571164996918,-0.016032518104097795,-0.018170368869596443,-0.02505384802480006,-0.01578229518902826,-0.014157778814818217,-0.014317547004481571,-0.021167577901383003,-0.014519095261534765,-0.04419119437864806,-0.11015852690882105,-0.15681695501253728,-0.14358507581564084,-0.11744832810675547,-0.07783283594219588,-0.08593640137706848,-0.18040570129426944,0.14909770494866717,0.16777942003379595,-0.12033897714999316,-0.1179216056920763,-0.00207999916563086,-0.36257206012364357,-0.7975308897523266,-0.9463937359765788,1.0,-0.14033388201560182,-0.13812111045420075,-0.1621113397860034,-0.19819617919005747,-0.1986506319371085,-0.5208279491706612,0.4041308786652014,0.005290678482173844,0.0006646851909963221,-0.003991883745005502,0.009198262513250935,-0.011299904874190254,-0.008657458708708078,0.03247040618745451,-0.06052032018234629,-0.011483668986620713,0.014932048188576378,-0.016046252003003993,0.032636118334362224,-0.00933916552565901,-0.013405872554613318,-0.009266910326312484,0.01283185429169891,-0.011461953127973002,-0.011740829491553119,-0.0006649406037808507,0.02156790488529059,0.03654655416738283,-0.036182713189832544,-0.012030349663085464,0.023081717470639675,-0.02346784892172012,0.02346784892172012,-0.1682715823225133,-0.1617563995845977,-0.07771179924606435,0.0016432285607706754,-0.006610055618579923,-0.11624885005448823,-0.16016960177575115,-0.024911904692857447,-0.058040768092817975
address_number_set_exact,-0.001129378300485863,-0.052458938310551255,0.052458938310551255,0.04089881166555818,0.016381585056023,0.016381585056023,0.18413972101612971,0.1921521086026146,0.2214402686322519,0.2002813699299868,0.18425976234514188,0.20168225570949147,0.20427417787324645,0.16765643926957982,-0.16587429842678747,-0.08638167519955216,0.2658168807575463,0.2777586704158561,0.08031916444320344,0.20931016832712335,0.210292730002623,0.19543908720241923,0.20702960465699274,0.22020921797627274,0.19245296844787377,0.1766254601850776,0.19517986268101103,0.29556936950483936,0.3433127586416948,0.4059107417121962,0.4150009080812771,0.40606342420626235,0.4382282252358009,0.4142004648634361,0.21316622642831634,-0.20378893639294238,-0.2230725167181586,0.5934235416850658,0.5982272463132728,0.04475822748784612,0.07736251563833504,0.12906265530858194,0.14828276718335634,-0.14033388201560182,1.0,0.9842320932791193,0.845066758670645,0.7786786670856192,0.7096020605311402,-0.47337604600705613,-0.3262752878179679,0.015485795128779027,0.041108200416168875,-0.03849610918963896,-0.06989202752131615,0.14277954543767304,0.02631364024912806,-0.19198059259435557,0.3331148546212708,0.03685424526596687,-0.1336038991304662,0.1901106230722624,0.3444917888069032,-0.4677871186888386,0.5689382326366283,0.050473051690589604,-0.1324513893574599,0.17858640736730647,0.33748080462433977,0.29497968314953155,-0.44569998664691257,-0.3921636356478317,0.2851181766805686,0.3911784015802746,-0.19027160432105084,-0.007154453822160462,0.007154453822160462,0.3345827096849286,0.30825763357388203,0.5586042700496269,0.005573700398116247,0.19858928491681896,0.8201332807621524,-0.14557677424927426,0.06131243768602584,0.4543352298388387
address_number_ordered_exact,-0.001111570368791215,-0.051631770664594054,0.051631770664594054,0.038481748257523554,0.014979149296725634,0.014979149296725634,0.18216095102444607,0.19041015130859573,0.2190941158213405,0.197996382463564,0.1818781053996375,0.19856071575014278,0.2014560043184215,0.16547398888290424,-0.16391305371902942,-0.08696440308700379,0.2628817803829364,0.27488330523001625,0.07957810063667602,0.20754271115235692,0.2074050479978407,0.19239042817253113,0.20402962311299397,0.21638093433261918,0.1904857048734551,0.17442017317646902,0.19230485686742108,0.30037405608182854,0.34125110387872776,0.4020320045733141,0.4081072297211924,0.3979421548991711,0.4293555297813791,0.40654719703539066,0.21110574683069855,-0.20518420718035055,-0.22425986449860508,0.6003655793920967,0.6049945716801436,0.04680680275562757,0.07614267070805712,0.12702760739852706,0.1459446583420951,-0.13812111045420075,0.9842320932791193,1.0,0.8520138729130783,0.7664005344974735,0.6950744984947651,-0.4659118966697175,-0.32586440562348323,0.014356499944316151,0.04034873073601721,-0.03774834874727747,-0.06883631445297604,0.14059780584174633,0.02450820403898869,-0.187039948038345,0.32549220364278914,0.03611663189197794,-0.13128924292421293,0.18696933887502756,0.33841332247165,-0.45991687347584387,0.5603016760266541,0.05009115551427126,-0.13078035729098136,0.17606538941670882,0.33101099477624624,0.2892924700072719,-0.43848629763970964,-0.3860960175681659,0.27975651058845896,0.38433125083568137,-0.18602661132324916,-0.009169380523183236,0.009169380523183236,0.33014671641094406,0.3033114928023403,0.5491918376589318,0.0054690304860780335,0.19489224377381426,0.8031045007011244,-0.143281333252185,0.05694698748999667,0.4468483304059763
address_first_number_exact,-0.001304638814143601,-0.06059968306391822,0.06059968306391822,0.0337893678035518,0.03177117051234087,0.03177117051234087,0.17530193549976614,0.15699816114942952,0.18678733499864833,0.16172559064257697,0.142024241291729,0.1628089979178275,0.1651156812749961,0.15816732967898586,-0.1537810777921022,-0.07453836869867966,0.24274083159155171,0.2546054060078814,0.0671443757294213,0.20134634461140943,0.17700829289798534,0.15388714811995485,0.1686280510207105,0.20478132287123746,0.15160537727827494,0.1310550904878979,0.1522843697527207,0.25523053737997975,0.3458398027193722,0.40998373082553696,0.41005829600925975,0.4155256629798553,0.4479664152393375,0.4152917816412056,0.16010484736359035,-0.15337858175626498,-0.1617545911885768,0.6691371201534168,0.6662662274714666,0.05418965660866108,0.0893678766611176,0.14909100830038513,0.1712937582144091,-0.1621113397860034,0.845066758670645,0.8520138729130783,1.0,0.8542044132694826,0.8119581341560976,-0.43781499218314346,-0.2471907417792813,0.026034871281962677,0.021583135651574957,-0.077768642589449,-0.02838161887628132,0.10511642585176544,0.015694916828262902,-0.17293820138389815,0.30770332935636696,0.0007823201585721269,-0.09628003227185268,0.1559950527663232,0.3972877720969456,-0.5095049324210614,0.5893375233527004,0.01845400067541613,-0.09930392603110395,0.14714746378639668,0.3040587243357925,0.2563747232466383,-0.4549063740758013,-0.4085647350080205,0.24257544127269706,0.37782247183093864,-0.13758904974163588,-0.07140800892715614,0.07140800892715614,0.31641834635675986,0.2764727871795745,0.5300100737826196,0.0035015779157733587,0.1814379326706563,0.6895659741098693,-0.16816784069759205,0.07023487693685802,0.4038880210783185
address_number_jaccard,0.0056772214142103185,-0.07408874455822625,0.07408874455822625,0.030936488871352173,0.053019705349210695,0.053019705349210695,0.16578182721951798,0.13207130123724614,0.16249522833803784,0.13486470087568753,0.11116347681083762,0.13773708381676034,0.13833094864234372,0.15651786418234767,-0.1436352473255263,-0.0610632215391685,0.22494661251985512,0.23702510279179356,0.06418473515555867,0.19011481523193594,0.15860631914663573,0.12600684667939593,0.1436936459972509,0.1984822725766584,0.1186941917847301,0.09430118420687615,0.11996736840518095,0.22876796584059284,0.37808952856942146,0.44259987186203353,0.4586907245621144,0.47018567136068534,0.5072814190847289,0.469756756887569,0.1613832817074899,-0.12533817438586792,-0.11999270696365597,0.5907729837836729,0.5843297274588808,0.07893342295698302,0.10926053488881901,0.18227761386548447,0.2094225391142724,-0.19819617919005747,0.7786786670856192,0.7664005344974735,0.8542044132694826,1.0,0.9905873354623825,-0.393225087342688,-0.19753336315390904,0.038825927204489435,-0.0028070495187694096,-0.11165440133540734,0.005750163389315538,0.07592232456122572,0.05374729629633803,-0.21278082915294416,0.34876861274216225,-0.028735924265377327,-0.06686514926450876,0.1296206126389845,0.41412939270824706,-0.5215355403656179,0.5935697727055776,-0.01168632526391201,-0.06959181577667142,0.12157276451243618,0.28989475490120825,0.23708451974630143,-0.45693354026809463,-0.4145792017837266,0.2348284224895281,0.36953350305474697,-0.12412701691993794,-0.05988400928240064,0.05988400928240064,0.3220317853366733,0.2865951816653865,0.5253035079125142,0.0014592256584476616,0.17621286495927635,0.6443056813432007,-0.20560081443348052,0.10807625008547617,0.39312100616716433
address_shared_number_count,0.0058005747137587224,-0.07425862590320295,0.07425862590320295,0.03004461604320101,0.05955225284243723,0.05955225284243723,0.1538058899482543,0.11655421528351227,0.14566763200391095,0.11859880315364728,0.09503871765618462,0.12275951015653475,0.12255153912162065,0.1482708601811444,-0.13338480765493807,-0.05264624301002867,0.20801319603625684,0.2192268691876176,0.05952885975210544,0.17677278871562876,0.14489868256935393,0.11066813951083508,0.1284765294730636,0.1869697717533166,0.10113429743710184,0.07682854710178588,0.10322470229203987,0.2091262686883041,0.3696622281471502,0.4314044622980858,0.44790999281785543,0.4625902842511621,0.4994034333511575,0.4613709285257814,0.14827952328581465,-0.10377598689193894,-0.09359374793465731,0.5585432415478393,0.550764030119664,0.08252059936388308,0.10951106318067311,0.1826955662331113,0.20990273327635875,-0.1986506319371085,0.7096020605311402,0.6950744984947651,0.8119581341560976,0.9905873354623825,1.0,-0.3548309776633129,-0.16644047769501202,0.042210008174567555,-0.011014248900008334,-0.11786977212260825,0.017030522403799275,0.06223690537479419,0.05835152407870642,-0.2101431476812644,0.3403735131059433,-0.03738017858340616,-0.05386859872311378,0.11463164902013157,0.4055785883131809,-0.5071432605363447,0.5733071249748675,-0.020877003319917473,-0.05665913750902974,0.10726006892454516,0.27156584484565754,0.21929301782020758,-0.4390458030599672,-0.3999157010742903,0.22028850545448375,0.35089490823934266,-0.11074824113530139,-0.06103927410334895,0.06103927410334895,0.30632508148938103,0.27275297618168515,0.49893333966212083,0.000463728277567222,0.16586636797697973,0.596652016863511,-0.2060722455947524,0.11413469478722206,0.36654376488034945
address_conflicting_number_count,-0.0025470102720052392,-0.19469340449740474,0.19469340449740474,0.027369629960284043,-0.00797406804833025,-0.00797406804833025,-0.12611074653241303,-0.06983558205126711,-0.09076896119742159,-0.07246430145798875,-0.06005381188944954,-0.07033714737434706,-0.07038494283480434,-0.09672568584808901,0.10651345397424052,0.0460307090951054,-0.15755309735237646,-0.16243358844318895,-0.005460387340696604,-0.14480183190996668,-0.07559682808814497,-0.06414636099803278,-0.07571892894576186,-0.13596454174537292,-0.08253411942757805,-0.06845074577671503,-0.07728410409697138,-0.14906630218472794,-0.20003833636223387,-0.20116360545645728,-0.2318024763963202,-0.23659629468906074,-0.2929258901807959,-0.25638656590048,-0.09781152876824863,0.16653584620862918,0.1939455488238545,-0.3197249669363016,-0.32814208709612713,-0.03725716337268875,0.2871192600381258,0.4789964983040622,0.550329032591516,-0.5208279491706612,-0.47337604600705613,-0.4659118966697175,-0.43781499218314346,-0.393225087342688,-0.3548309776633129,1.0,0.27794561837835347,-0.022995144275115932,-0.04013221901275969,0.08401588861952385,-0.00947218206820837,-0.04510619194374576,-0.05602835765591647,0.1587762050021952,-0.2255665894945021,0.02131281297094929,0.047102538305832956,-0.08897847765626399,-0.3489847616743245,0.4114494609803737,-0.453996649984923,0.004372738774382754,0.05239421012514089,-0.08499069449072535,-0.23134213980711804,-0.2065789140843688,0.3200971490831047,0.2691309770805537,-0.12582489950162518,-0.2808221298401383,0.08408401362874948,0.04098007190804195,-0.04098007190804195,-0.09798233841165899,-0.0640193294999245,-0.3440187892025265,-0.004088868581972418,-0.11870336574790569,-0.3907748353425496,0.24606508801393578,-0.03800043761572848,-0.21592829461287957
address_number_count_difference,0.002281636018927565,0.14480920808276085,-0.14480920808276085,0.02069125528683972,0.03805359502639963,0.03805359502639963,-0.05538105908652535,0.02332522138912957,0.01042158712511908,0.026325101484354917,0.023321165387161467,0.03720814934049221,0.03589107439276001,-0.0075156883310320095,0.01962391756720837,-0.0004477141611208468,-0.04040953537256368,-0.041362177219322865,0.047884622598421356,-0.061617579662014144,0.035457547954519136,0.030272501168566158,0.034227491487454596,-0.03778317776519517,0.010454280928032241,0.009769405043700321,0.025881083181494964,-0.1042587714697308,-0.20988284037401347,-0.24496872727171853,-0.2577706916309422,-0.20141744536246295,-0.2086397723846973,-0.1982197779239409,-0.29646116246710813,0.35259006654122454,0.43508154191054477,-0.18616444677411745,-0.19575480207015372,-0.030972291931364537,-0.11327579202857258,-0.2799456439725125,-0.3536369152986079,0.4041308786652014,-0.3262752878179679,-0.32586440562348323,-0.2471907417792813,-0.19753336315390904,-0.16644047769501202,0.27794561837835347,1.0,-0.0031823112347363963,-0.02400519494075516,0.09194337184364318,-0.06236438578591105,0.0387480982555988,-0.09086401223340707,0.14542036313961523,-0.1795217925258388,0.05238068156140326,-0.024379120358736305,0.007042936791735621,-0.16642054069458248,0.20365502709300573,-0.23572056653880477,0.042732932996525246,-0.019540853283959873,0.010820262344826245,-0.0741027518391009,-0.053574352746644315,0.12875401206086473,0.12821570643671376,-0.021442499919548576,-0.09769068542045539,0.007511619211355193,-0.0019117885381718424,0.0019117885381718424,-0.13014132359554786,-0.08988661913622115,-0.17946518896300115,0.002952914679037239,-0.019230617750313227,-0.26677469188510755,0.024643416871491165,-0.0020709406346022374,-0.058930115617361147
transliteration_levenshtein_gain,-0.0004373352039232786,-0.027790831978576912,0.027790831978576912,-0.1071338982453707,0.368354683554902,0.368354683554902,-0.03294141525040622,-0.35523954754366976,-0.2754961099581492,-0.243883498941755,-0.27076311467692943,-0.20382890797659117,-0.2345255340170357,0.13804421068296804,-0.10575360155067867,0.10767596670494965,-0.13255879074705737,-0.14272498432885408,-0.11853280924678376,0.009416259329840778,-0.015678564218378408,-0.19038303049154115,-0.15576594507412506,-0.08647335337781005,-0.3062304828491371,-0.2616315236298303,-0.2005123223124341,-0.008197978203892292,0.12382238957391974,0.09233686625712918,0.14011005067670482,0.17841104646612208,0.16000699077738145,0.16010923296657828,-0.034199168813092706,0.0405123691234194,0.04099344944002218,0.02430056513313321,0.019946443790096562,0.12510817114360923,-0.024610126864030822,-0.002146558723830408,-0.010700430710558343,0.005290678482173844,0.015485795128779027,0.014356499944316151,0.026034871281962677,0.038825927204489435,0.042210008174567555,-0.022995144275115932,-0.0031823112347363963,1.0,-0.021226027383546214,-0.20552793410391892,0.2104223773895105,-0.19197759357544605,0.18063733873042365,-0.17461792236583515,0.14802881513178767,-0.18247875387070905,0.17642063743157713,-0.1561266960358033,0.11738373415711365,-0.10889347617537107,0.09666455474046501,-0.17949121094760076,0.18153796824022872,-0.17228505135875513,-0.1059652289363876,-0.1349283112064399,0.006850445833509677,-0.03140349728578731,-0.11411921980951924,-0.07538426500137375,0.13013473658242833,-0.006591870152403815,0.006591870152403815,-0.1822671362105591,-0.21643062716003014,-0.030484355627510486,0.03772614636661898,-0.08509115779153059,0.007967531224442008,-0.1136817628642665,0.16801038605011837,-0.07176905369829328
suffix_levenshtein_gain,0.00039856514302318583,0.04157323451201708,-0.04157323451201708,0.07944549424186166,-0.1862217765832404,-0.1862217765832404,0.030021136562716714,0.0515446308751096,0.16852285512295737,0.15727352232018788,0.2096920581085881,0.13821703643597663,0.14378924355871855,-0.09327889879417899,0.029732031842765943,0.009103003886667184,0.22731577664289357,0.23017418049400418,-0.34175003683989985,0.014393630906315416,0.030815921814354455,0.18360643469925286,0.12491349391666913,0.30553560016790354,0.4221102049401565,0.34674784032191025,0.3373933020700786,0.00965122760203721,-0.11386330146340473,-0.09250980061431206,-0.12484666404560087,-0.1526363246271047,-0.13780868039040428,-0.143410205297229,0.0403041644155838,-0.06880074978306422,-0.07146595447807724,0.012757924722245599,0.01871732552306682,-0.12626360248476948,0.0247380342897135,-0.01081096159848059,0.002028383648951841,0.0006646851909963221,0.041108200416168875,0.04034873073601721,0.021583135651574957,-0.0028070495187694096,-0.011014248900008334,-0.04013221901275969,-0.02400519494075516,-0.021226027383546214,1.0,0.20494123625185684,-0.22978924593246292,0.25811537346914,-0.19601201717926484,0.1707297397874428,-0.1300863948500591,0.24171611066634588,-0.2557274517465341,0.271971263085375,-0.11076972646925196,0.08943343571819383,-0.06665866066864042,0.30257030377444233,-0.3411296073736868,0.3674815026202084,0.22721712087320048,0.2457085047988872,-0.10945187273383623,-0.052363298117714535,0.24451747718196248,0.2006482375549172,-0.14996537723075845,-0.027291278295912238,0.027291278295912238,0.03183194467326791,0.06615166823933932,0.09203496312707574,0.01456651484260601,0.31167990427375636,0.04985984952340304,0.08481633257811108,-0.09168337888477456,0.14154863341838722
baseline_name_rank,-0.002817748812854169,0.0979760615605362,-0.0979760615605362,0.2258934266618542,-0.21574164432970513,-0.21574164432970513,0.12430715441951894,0.5974866586375105,0.5569858335918124,0.6256142102134103,0.6593860308023565,0.6364140050115902,0.6617485661204986,0.14244066165544403,-0.1804902862042623,-0.21573365536852748,0.32409204081875465,0.3327121059626438,0.2665111583712314,0.12233287933778955,0.5650851193312059,0.651070851582477,0.618655611600147,0.20751715720475425,0.614409300358525,0.6601176653862826,0.6567697419417775,0.0014849907503549998,-0.4530505101652938,-0.3855842476325296,-0.5106798459952613,-0.5322399543333624,-0.5422915342137299,-0.539311716110973,-0.04805420968934977,0.058868920596379874,0.06353972367610944,-0.07124370315364689,-0.06485822796389318,-0.34940495519333414,0.010592168980838803,0.016914808023783527,0.012645880920438191,-0.003991883745005502,-0.03849610918963896,-0.03774834874727747,-0.077768642589449,-0.11165440133540734,-0.11786977212260825,0.08401588861952385,0.09194337184364318,-0.20552793410391892,0.20494123625185684,1.0,-0.9349125229230331,0.8185943039915579,-0.6414489086070936,0.6126506483188308,-0.5067210252944793,0.6283168207701227,-0.5902373551743665,0.5519108046892485,-0.39675602207460153,0.36252959155682873,-0.31099054228696765,0.5753180743255719,-0.5431799615934185,0.5165342804670942,0.3669500342043298,0.5298334898341455,0.07837542122621731,0.27576644354290847,0.43864339699316063,0.1986685541218691,-0.5531999890119521,0.1868346573655118,-0.1868346573655118,0.20590670379723644,0.32708965274019713,0.07886436943434927,-0.023317226914720796,0.22548884053482443,0.012132199605525931,0.35493162511730125,-0.1896655382151539,0.3604701213019026
baseline_name_rank_missing,0.003013917071133447,-0.11331536371553927,0.11331536371553927,-0.2426648930517489,0.2356461885846602,0.2356461885846602,-0.24894276411819138,-0.6958920782183474,-0.6646476396121128,-0.7341040338845396,-0.761997628041498,-0.7502014396587853,-0.7721323700858959,-0.2188374011011555,0.2559305255968634,0.27051706880752424,-0.44081025976728905,-0.4487083599703321,-0.32449096134137556,-0.24435171959799318,-0.6641231244409526,-0.7527848437195995,-0.7311876743039255,-0.34421377497781364,-0.7123729777477139,-0.7549592001635674,-0.7662034624197592,-0.03488465748336865,0.3865516100677196,0.3087390600396531,0.4281500612401657,0.45068565553775125,0.4552976528329009,0.453776616356776,0.021345417434589255,-0.034809635614106695,-0.039098537116089745,-0.015268481713173465,-0.02377551333491746,0.33928112753132816,-0.010101827011415716,-0.012851942394325135,-0.013171186788931036,0.009198262513250935,-0.06989202752131615,-0.06883631445297604,-0.02838161887628132,0.005750163389315538,0.017030522403799275,-0.00947218206820837,-0.06236438578591105,0.2104223773895105,-0.22978924593246292,-0.9349125229230331,1.0,-0.9348965245723404,0.627755821950064,-0.5646946101513388,0.43177243488873474,-0.6551608763674254,0.6842796366430326,-0.6774413065245,0.34645779565741325,-0.29078871942786283,0.221535129886561,-0.6155277190100095,0.6385709072318224,-0.6382392850902865,-0.5392602319918887,-0.6508265727995491,0.1213162361385214,-0.05857248199599807,-0.553798041012352,-0.39179525912056995,0.7614480683465652,-0.27719768035130044,0.27719768035130044,-0.2966627368653535,-0.43153789383640556,-0.23255405340738608,0.027509341708891237,-0.34658882421079673,-0.12058193713634065,-0.37131934248484333,0.20272702626630348,-0.4937308295588112
baseline_name_score,-0.002817700595151907,0.10792729510244604,-0.10792729510244604,0.22917842365629418,-0.22860068197804065,-0.22860068197804065,0.40006087294675086,0.7550884690441607,0.7438641289956393,0.8019309753553614,0.8093130862526751,0.8173548873513399,0.8370906532008483,0.3176714750223022,-0.34209068023617617,-0.3157790446074617,0.567692752638141,0.5660002104282204,0.3532130446919812,0.38741080321142773,0.7283307027538942,0.7992457168573625,0.7974151371692347,0.5253894194499035,0.777340344255191,0.8024645775674387,0.837365990610306,0.05338442935091288,-0.2916661763619854,-0.21397930113256264,-0.316489877162199,-0.33706934802016336,-0.3364847601243552,-0.335621215236961,-0.0006340433843300926,0.016850064537178445,0.020431618247297795,0.07852775632582544,0.08741670841436743,-0.2929837554347509,0.006668853893077088,0.008449063986056233,0.011191398275583613,-0.011299904874190254,0.14277954543767304,0.14059780584174633,0.10511642585176544,0.07592232456122572,0.06223690537479419,-0.04510619194374576,0.0387480982555988,-0.19197759357544605,0.25811537346914,0.8185943039915579,-0.9348965245723404,1.0,-0.5457200046412533,0.4639399796231078,-0.32572573452839476,0.6615651637157928,-0.7255305078004575,0.7889316270774367,-0.2681479586775487,0.20265418572720648,-0.12798795092965398,0.6183417437690455,-0.6722682654387057,0.7334251079007117,0.625371639927482,0.7100582223087908,-0.22494327063527966,-0.05859859797535459,0.7050358187728268,0.49070033224659804,-0.7756338533470672,0.2809053880284246,-0.2809053880284246,0.33414453439477043,0.5057250279117981,0.3280651968714824,-0.029071558805501968,0.512554551497903,0.18730425421380734,0.4338343704788364,-0.19031788239049272,0.6267263127476194
baseline_address_rank,0.0004847098107888963,-0.13062413813165444,0.13062413813165444,-0.24765548386117375,0.17327796352221841,0.17327796352221841,-0.07160863717100541,-0.5090327752877627,-0.4724299722098709,-0.5320321306215903,-0.5636805497238763,-0.5402157686693109,-0.561143611894435,-0.1006365801722964,0.14070009643161205,0.18575320787200109,-0.25832936882887647,-0.2633750646297787,-0.22031673351725095,-0.06935904648070353,-0.4831162562854253,-0.5632687971111777,-0.5333103956690599,-0.13227454666584898,-0.5341216196275387,-0.5778415698779508,-0.5684064198711928,0.02293150538596137,0.5472848311605621,0.47213487951262806,0.6271800523830331,0.6489994690622707,0.6448996389495669,0.6568660705759601,0.09350440425308883,-0.0956738646075616,-0.09904641041952213,0.05445580676675127,0.04594238710297507,0.4182766937214956,-0.018713324199324206,-0.002971018993472418,-0.0026468439964637195,-0.008657458708708078,0.02631364024912806,0.02450820403898869,0.015694916828262902,0.05374729629633803,0.05835152407870642,-0.05602835765591647,-0.09086401223340707,0.18063733873042365,-0.19601201717926484,-0.6414489086070936,0.627755821950064,-0.5457200046412533,1.0,-0.9353691550704336,0.795865057971219,-0.5382759460248792,0.513875507500175,-0.45736104823652335,0.2765902083778268,-0.25400814576262487,0.2424094415222625,-0.504878640891892,0.482915575576925,-0.43732803594275094,-0.21900533088231613,-0.26461665755052866,0.17827230502764885,0.11324207134776317,-0.34180607318316664,-0.2779200813197629,0.3009831694823291,0.30740405906698703,-0.30740405906698703,-0.10113492013978939,-0.1771096310434922,0.08157215358525252,-0.03105718131609412,-0.16262715043003464,0.07726839230262023,-0.3379587297969885,0.164447602549184,-0.28321260127111547
baseline_address_rank_missing,-0.0033261666688801633,0.13964982426838568,-0.13964982426838568,0.2401710749882092,-0.16763992410530965,-0.16763992410530965,0.008261145045383755,0.4118769565952098,0.36842765456126453,0.4309400370893433,0.4655096856200845,0.43697579940646625,0.45602299783477357,0.04094537175904074,-0.07949104795557434,-0.14787460862928808,0.1530034885051319,0.1539191696276493,0.17829814241988337,-0.0018653645831744395,0.38077225874763454,0.4611423737970188,0.42871114204250466,0.051546611470060344,0.43623143659164665,0.48181371517922145,0.46588814292397474,-0.11829116359385651,-0.652057768377825,-0.5980033646893478,-0.7585666708336997,-0.7743096072037102,-0.7764424650490322,-0.7877057366903366,-0.1731401317210209,0.16616481309059258,0.16005923064099384,-0.18394995815770146,-0.17991905296437213,-0.4462282487800426,0.018788343723929818,-0.007891062373527323,-0.013676842177949603,0.03247040618745451,-0.19198059259435557,-0.187039948038345,-0.17293820138389815,-0.21278082915294416,-0.2101431476812644,0.1587762050021952,0.14542036313961523,-0.17461792236583515,0.1707297397874428,0.6126506483188308,-0.5646946101513388,0.4639399796231078,-0.9353691550704336,1.0,-0.935337946759086,0.4914938065587782,-0.43771359686113215,0.36630372747415385,-0.3555011113704834,0.37499166011219753,-0.39723746935357584,0.45549522997444575,-0.40860961177194277,0.35056519016088383,0.06246756529072774,0.1326896690821824,0.05957672265687922,0.10418069737022609,0.19295877121777674,0.0640323763207611,-0.14511143504227306,-0.3678188163312126,0.3678188163312126,-0.019711039497234354,0.041167530629891105,-0.28210330138512957,0.027807854540953157,0.08667284746363171,-0.2691418785194068,0.35195924252555577,-0.20398282116748254,0.1327043203733318
baseline_address_score,0.00554521981562877,-0.13061977989645904,0.13061977989645904,-0.19802846183008382,0.14835433694099565,0.14835433694099565,0.05405834827112146,-0.2652287241277009,-0.2211322568356437,-0.2788169080736177,-0.31173925531496127,-0.2802208433967741,-0.29551071440769366,0.022100513313457457,0.011417586554413108,0.09490752806457034,-0.03184656690104838,-0.02867678251355904,-0.11333530678907953,0.07036446986728084,-0.2312603397557673,-0.3026846738853137,-0.27182663124132694,0.03336795118133939,-0.2881746451342455,-0.33020439598108337,-0.3077629756815566,0.20352466522133844,0.6925294121672289,0.671365278288331,0.8200783390274541,0.82435901150048,0.8305669992376028,0.8447404744582303,0.24096844414012833,-0.2193741367272878,-0.20082921102898593,0.2906529067376046,0.28840228133568085,0.4321020101487962,-0.002757198468247043,0.024205293611468823,0.03920211060391313,-0.06052032018234629,0.3331148546212708,0.32549220364278914,0.30770332935636696,0.34876861274216225,0.3403735131059433,-0.2255665894945021,-0.1795217925258388,0.14802881513178767,-0.1300863948500591,-0.5067210252944793,0.43177243488873474,-0.32572573452839476,0.795865057971219,-0.935337946759086,1.0,-0.38348817642253197,0.3081798050520439,-0.23147880587144967,0.41912508071631616,-0.4723599624073679,0.530147901853801,-0.3495992756743811,0.28466950185244866,-0.22193888475468182,0.09824048906023258,0.02760743867246179,-0.22242339523218616,-0.22834668163560282,0.05043547694057597,0.11568737811615137,0.013746280772720986,0.35712237587669343,-0.35712237587669343,0.13502256651641628,0.11369776480622122,0.44303723320507243,-0.020642295636736436,-0.0017344371253368578,0.43002835423355557,-0.32190742849521453,0.2462931865228948,0.04695327436349633
transliterated_name_rank,-0.002528473634239075,0.08931103921086087,-0.08931103921086087,0.2009553288897599,-0.16087183475806355,-0.16087183475806355,0.18028520786825275,0.5958507518349992,0.5743296026629208,0.6258069189600483,0.6552468898123524,0.624313393812716,0.6543250969230938,0.16064581949969992,-0.19149622967861596,-0.20641724520818344,0.39945833405067155,0.4051580313181002,0.22816210500566392,0.1885582934134966,0.5617315785126187,0.6531002218943314,0.6159230781823364,0.2882656181814932,0.627731252729622,0.6721044905855712,0.6676399741559913,0.024716657644471767,-0.3467443989659315,-0.28376080607885795,-0.38348043965828843,-0.40278461594674,-0.4085587444097661,-0.408373112805751,-0.01598151256665712,0.022460006333082556,0.027683705753517127,-0.007409699462652191,0.0005394280838009726,-0.2923793802663731,0.010204516271183465,0.01599562934364063,0.015718158803451635,-0.011483668986620713,0.03685424526596687,0.03611663189197794,0.0007823201585721269,-0.028735924265377327,-0.03738017858340616,0.02131281297094929,0.05238068156140326,-0.18247875387070905,0.24171611066634588,0.6283168207701227,-0.6551608763674254,0.6615651637157928,-0.5382759460248792,0.4914938065587782,-0.38348817642253197,1.0,-0.9551058299494573,0.8721382211432118,-0.30603308959231856,0.2627242859092144,-0.20696020244527455,0.6413971370421608,-0.6344691704329168,0.6228641080390837,0.5401276754891099,0.7064940680146099,-0.13595797606724797,0.11867013572366811,0.5456279582048593,0.43305091233159415,-0.42380541608641126,0.012268269507118916,-0.012268269507118916,0.2332100446711634,0.37399386573030285,0.1571987430175728,0.04107588977691089,0.3035582895403171,0.08166120696700128,0.35952833854262617,-0.16839322525043837,0.44389386192615254
transliterated_name_rank_missing,0.002647323003329252,-0.1008531630410923,0.1008531630410923,-0.2142686198693889,0.15214822385884688,0.15214822385884688,-0.27614562465197917,-0.6657427195399808,-0.6529010764235519,-0.7014133408302933,-0.7243592081407814,-0.70243949787514,-0.7309429686700486,-0.22283901414239235,0.25274918530179996,0.2491859530519124,-0.49252721282441403,-0.4969987586551662,-0.2708250798325108,-0.2966891590803635,-0.6322625755821384,-0.7249399324779611,-0.6976753823586458,-0.39022332302571894,-0.6953933914731842,-0.7353604785799794,-0.7415850388250628,-0.05256702444356046,0.27929569953230415,0.20831579690006588,0.3009541497690548,0.3205829147060808,0.3215720927528388,0.3225756502954591,-0.007994038361421676,-0.0011274426949687858,-0.004572381788124846,-0.07092383453064519,-0.08031866119788622,0.2772653915331836,-0.007934712630462328,-0.011478660304399172,-0.014673873815623479,0.014932048188576378,-0.1336038991304662,-0.13128924292421293,-0.09628003227185268,-0.06686514926450876,-0.05386859872311378,0.047102538305832956,-0.024379120358736305,0.17642063743157713,-0.2557274517465341,-0.5902373551743665,0.6842796366430326,-0.7255305078004575,0.513875507500175,-0.43771359686113215,0.3081798050520439,-0.9551058299494573,1.0,-0.9550883612939813,0.25386094015960625,-0.19231351708482927,0.12202460514860371,-0.6476742210760175,0.688260949485836,-0.6990570816931042,-0.6644218210547743,-0.7743319519680417,0.29032463517689394,0.06378945827477389,-0.6270634454539895,-0.5715938612086097,0.5138663010107903,-0.02775040330573235,0.02775040330573235,-0.3091953047169175,-0.45289128021580277,-0.2898557764371537,-0.05322574577836222,-0.39407950490474103,-0.17661543413488537,-0.35502809700834964,0.17615215184928398,-0.5450654103208735
transliterated_name_score,-0.0025284273890655963,0.09862121971706417,-0.09862121971706417,0.204488850276879,-0.1343412210575853,-0.1343412210575853,0.40077379665725243,0.7133329044621411,0.7159630696466648,0.7549821828000494,0.7602097517423376,0.7567850660520783,0.7825774097040258,0.3059170875117143,-0.3267624837278815,-0.2899917036405538,0.5946719610761747,0.5915228154612895,0.3025320926985218,0.4298674827424135,0.6838527438311565,0.7619475949761192,0.7537478549195258,0.5357607179084211,0.74443823573262,0.7679284853763763,0.7943362527144476,0.06621560229965562,-0.21058335440838485,-0.13879743486364657,-0.21976979428459473,-0.23796530728455131,-0.23518702940446654,-0.2366223022766408,0.022394722257068723,-0.011221986266152709,-0.008716529283084114,0.11964152362800243,0.12931048570276898,-0.2449010726571314,0.006374916589913542,0.0078104143783566905,0.013098274683908707,-0.016046252003003993,0.1901106230722624,0.18696933887502756,0.1559950527663232,0.1296206126389845,0.11463164902013157,-0.08897847765626399,0.007042936791735621,-0.1561266960358033,0.271971263085375,0.5519108046892485,-0.6774413065245,0.7889316270774367,-0.45736104823652335,0.36630372747415385,-0.23147880587144967,0.8721382211432118,-0.9550883612939813,1.0,-0.19720978358516802,0.12765074803942753,-0.0526268968449656,0.6257984471522229,-0.6908216544906004,0.7539889913367471,0.704333404529612,0.7839236828985573,-0.34999949661839136,-0.14952429557157804,0.7242801661483306,0.6153560982719595,-0.5558596169119046,0.06781801819595293,-0.06781801819595293,0.340534533051401,0.5044528900606756,0.36834349194608446,0.04978344647377956,0.5260011590955516,0.22874481185196055,0.39731072961977965,-0.16945572640177106,0.6404293348646076
number_address_rank,0.003270849320073907,-0.09855723214881512,0.09855723214881512,-0.11664148094275803,0.1336527810289694,0.1336527810289694,0.029194177836506265,-0.22494954093290614,-0.1929519950652456,-0.23770400214388115,-0.2644087440252539,-0.23627427372746135,-0.2496734732115065,0.010372285490368147,0.01526885970908856,0.08011047655003102,-0.04715447845393145,-0.04556822451912327,-0.09207422563093064,0.04005393129718843,-0.19602525295686757,-0.2550719034422135,-0.2297943153244456,0.009252606107401397,-0.24593708731307032,-0.28136475016969054,-0.2615230324932329,0.09923145204827237,0.4511039024045238,0.4476186112756914,0.5233106736680601,0.5509427233453381,0.5580683938807851,0.5506483614630555,0.09788049145656712,-0.086732977101172,-0.08713592800811165,0.30631636800321516,0.3095233292313007,0.2451844434033353,-0.03628987313046413,-0.07097865787595839,-0.05831616375319658,0.032636118334362224,0.3444917888069032,0.33841332247165,0.3972877720969456,0.41412939270824706,0.4055785883131809,-0.3489847616743245,-0.16642054069458248,0.11738373415711365,-0.11076972646925196,-0.39675602207460153,0.34645779565741325,-0.2681479586775487,0.2765902083778268,-0.3555011113704834,0.41912508071631616,-0.30603308959231856,0.25386094015960625,-0.19720978358516802,1.0,-0.9756610821090235,0.9149745737396068,-0.27946702288717995,0.2348833843780463,-0.18901729769093945,0.13420060190693578,0.1483397826572748,-0.3032820070518652,-0.19487988439077178,-0.06207758060688241,0.22657126511726838,0.19707362112146004,-0.18847965962285468,0.18847965962285468,0.06933516972528289,0.016887108561146023,0.2660530763708842,-0.01520161295170122,-0.016608073535773846,0.27254621837235005,-0.2462975588100062,0.17838754215803795,0.03799666324682864
number_address_rank_missing,-0.004598274402129253,0.10101584859341763,-0.10101584859341763,0.10301298777842732,-0.12438115992549595,-0.12438115992549595,-0.07127178017614443,0.15085926890091814,0.1153913081360585,0.16062275138989188,0.1881274087276707,0.1579033160807072,0.16933499726281354,-0.051021317087855234,0.02746424545579147,-0.050927088810026194,-0.025886119663182217,-0.030308860121313452,0.060709037722815884,-0.08723745608211766,0.11946870587031329,0.17637131175259044,0.1507499322154496,-0.0638165037772833,0.17028943741609653,0.20528558431646854,0.18222037061342555,-0.16353216290717135,-0.4953245841776568,-0.5056118562604339,-0.5803971027497878,-0.603690468632126,-0.6152602785523257,-0.6057400381729786,-0.14303924603407242,0.1282447182073999,0.12532140192863775,-0.3937550060999199,-0.4006461189567012,-0.24433834680940814,0.03197305942826426,0.056828460605724385,0.03947363699312467,-0.00933916552565901,-0.4677871186888386,-0.45991687347584387,-0.5095049324210614,-0.5215355403656179,-0.5071432605363447,0.4114494609803737,0.20365502709300573,-0.10889347617537107,0.08943343571819383,0.36252959155682873,-0.29078871942786283,0.20265418572720648,-0.25400814576262487,0.37499166011219753,-0.4723599624073679,0.2627242859092144,-0.19231351708482927,0.12765074803942753,-0.9756610821090235,1.0,-0.9756121880832076,0.2355741292375165,-0.17561529349328375,0.12301514871407619,-0.2215918942204766,-0.21244475886412836,0.40991723065199964,0.30168837840744717,-0.023582814112298997,-0.3246476617109956,-0.12203782695462893,0.1706118614948214,-0.1706118614948214,-0.1475928804141266,-0.0993992106501391,-0.3887311790473747,0.012471800178402796,-0.03565003510196024,-0.4054637230391454,0.24932016646581381,-0.18578468804991827,-0.13617059997215109
number_address_score,0.006042015908643957,-0.09855229307730619,0.09855229307730619,-0.08580523358688472,0.11421379656831138,0.11421379656831138,0.10954335946396097,-0.07064559110697127,-0.03376751956992153,-0.0770631776402384,-0.10405025352058425,-0.07222247234625512,-0.08155352753654935,0.08888607403597182,-0.06800762731140239,0.02158407553783474,0.09689963694105955,0.1038478705977496,-0.02589098055595027,0.12964747154648115,-0.037108386081049355,-0.08973134245102475,-0.06481307628043827,0.11499429011180407,-0.08873974295164505,-0.12173693387587164,-0.0950832537647562,0.22667146185381515,0.5269613303505323,0.5498546673761147,0.6227001983215485,0.6399610123346327,0.654449131277707,0.645848488128258,0.18763032624052928,-0.16670667460290742,-0.16001622920924483,0.458702385813497,0.46768513638044973,0.24200377783454352,-0.032223617472999705,-0.039141866030295035,-0.020634681909344744,-0.013405872554613318,0.5689382326366283,0.5603016760266541,0.5893375233527004,0.5935697727055776,0.5733071249748675,-0.453996649984923,-0.23572056653880477,0.09666455474046501,-0.06665866066864042,-0.31099054228696765,0.221535129886561,-0.12798795092965398,0.2424094415222625,-0.39723746935357584,0.530147901853801,-0.20696020244527455,0.12202460514860371,-0.0526268968449656,0.9149745737396068,-0.9756121880832076,1.0,-0.18057302579101753,0.10841569672492138,-0.05173669641279679,0.30136351931777267,0.27831405641377943,-0.4741068818451363,-0.3648721648365551,0.13363164235175265,0.39743748757859987,0.03421882172981926,-0.11759598732596346,0.11759598732596346,0.21824953785110232,0.18424466584898788,0.4947919634953123,-0.008718767068876239,0.08589796762793829,0.5294249547501023,-0.24147643763930063,0.19698466715771945,0.2317305165566141
suffix_name_rank,-0.0024103369350548416,0.0960030305608509,-0.0960030305608509,0.16073057410385153,-0.19572648767355202,-0.19572648767355202,0.17220449271443264,0.5436861351070885,0.528708687383531,0.5650429081924844,0.6021036061396874,0.5684383756565135,0.5953091929870373,0.11700473634782321,-0.15156253469333505,-0.17272793701028724,0.3840789037635218,0.39209381313261255,0.1566565871968662,0.17144185899230105,0.512622679157252,0.5961700097915007,0.5545362130686904,0.2900677031399518,0.6061282238153386,0.6537219245593121,0.654729710290197,0.030454666002012194,-0.3158892189776838,-0.26077663003926993,-0.349575311907474,-0.3682533622332481,-0.37236247287657087,-0.3746835994500045,-0.009548586196112095,0.010119679980352349,0.01521246004837357,0.0057633833641674865,0.014079331509039528,-0.27007833338041004,0.009381672417729218,0.012530845682297655,0.012848898900426266,-0.009266910326312484,0.050473051690589604,0.05009115551427126,0.01845400067541613,-0.01168632526391201,-0.020877003319917473,0.004372738774382754,0.042732932996525246,-0.17949121094760076,0.30257030377444233,0.5753180743255719,-0.6155277190100095,0.6183417437690455,-0.504878640891892,0.45549522997444575,-0.3495992756743811,0.6413971370421608,-0.6476742210760175,0.6257984471522229,-0.27946702288717995,0.2355741292375165,-0.18057302579101753,1.0,-0.961944879912235,0.8922631077348289,0.551145408683005,0.707486592169011,-0.16380533881105708,0.08111395288897809,0.5118759216325346,0.44929677569623166,-0.4036596061289288,-0.006562229787017843,0.006562229787017843,0.2301643742476937,0.33740527261323405,0.17291032515925556,-0.016864024826618532,0.3185006410961933,0.09246261502412702,0.27810877352362023,-0.16086542833528317,0.3918860535730017
suffix_name_rank_missing,0.002505691319106302,-0.10622119013792261,0.10622119013792261,-0.1837007769492867,0.20674053060292535,0.20674053060292535,-0.2447401123280094,-0.5985489464931587,-0.5950002715746323,-0.6235078436024479,-0.6583975442141871,-0.6311578291668009,-0.6549955065090071,-0.15516439535342905,0.18766787775315386,0.19961526581281364,-0.4705655147260749,-0.47733330752029984,-0.16754670132929808,-0.24325769332037364,-0.5681827579928106,-0.6516741244180569,-0.6162180442682307,-0.40201944646620247,-0.6702764507480707,-0.712583878336093,-0.7263314320196181,-0.05406597353410128,0.2581596803490856,0.19563319448091873,0.2787092656552565,0.2978535381772354,0.29750743429042037,0.3006158507980633,-0.009444674159542232,0.006118156234458913,0.0028258197927897863,-0.07210278759363266,-0.0820142874220348,0.2578693770567476,-0.008505495755529318,-0.008747933012008786,-0.012599006076030074,0.01283185429169891,-0.1324513893574599,-0.13078035729098136,-0.09930392603110395,-0.06959181577667142,-0.05665913750902974,0.05239421012514089,-0.019540853283959873,0.18153796824022872,-0.3411296073736868,-0.5431799615934185,0.6385709072318224,-0.6722682654387057,0.482915575576925,-0.40860961177194277,0.28466950185244866,-0.6344691704329168,0.688260949485836,-0.6908216544906004,0.2348833843780463,-0.17561529349328375,0.10841569672492138,-0.961944879912235,1.0,-0.9619309537324957,-0.650652382753032,-0.7611856316239606,0.2992804827926843,0.07595113098658098,-0.5834350004391955,-0.5635415171232878,0.4733791912277484,0.00036964544358056094,-0.00036964544358056094,-0.29388561444738537,-0.4018205908525463,-0.2861492571166806,0.020516263495795974,-0.42388526523666503,-0.17263640284336823,-0.27004991520796184,0.16733084900679968,-0.47728773589420953
suffix_name_score,-0.0024103020403471605,0.10530207473169169,-0.10530207473169169,0.17463191951932147,-0.20619749395161194,-0.20619749395161194,0.34122479611020173,0.6434230931678071,0.6551665330959718,0.6719131029282106,0.6942697848972806,0.6827648103379238,0.7024007422724071,0.21501404311731748,-0.23873061367991666,-0.2315046717018571,0.5656786026448076,0.5656138655881106,0.18635948825845453,0.3325658352493213,0.6168964453932858,0.6861135232989848,0.6662002626540628,0.5564984580558736,0.72117296428843,0.7456629963357074,0.7802746939705381,0.06509831454611072,-0.20092877282654126,-0.1359471482842474,-0.21230269138224112,-0.2298660030768401,-0.22579333023695966,-0.22861129406514297,0.01847694484917558,-0.009274308065617009,-0.006251750615155697,0.11215819915034979,0.12226350398940944,-0.23135206629106286,0.002539335498268873,0.004700730012114028,0.00837140376530937,-0.011461953127973002,0.17858640736730647,0.17606538941670882,0.14714746378639668,0.12157276451243618,0.10726006892454516,-0.08499069449072535,0.010820262344826245,-0.17228505135875513,0.3674815026202084,0.5165342804670942,-0.6382392850902865,0.7334251079007117,-0.43732803594275094,0.35056519016088383,-0.22193888475468182,0.6228641080390837,-0.6990570816931042,0.7539889913367471,-0.18901729769093945,0.12301514871407619,-0.05173669641279679,0.8922631077348289,-0.9619309537324957,1.0,0.6890909005532764,0.7742621723645947,-0.3501061694631536,-0.14819513487740849,0.6757403155742049,0.6033708412978203,-0.5128729831321744,0.03712778763368543,-0.03712778763368543,0.3208544174939468,0.4502840602044614,0.3512752974565282,-0.02274169065055566,0.5658403344719799,0.21580527999454108,0.30820365458203386,-0.16175006989691806,0.5666510107696063
retrieval_signal_count_top100,0.0018892981541620126,0.05241649083187627,-0.05241649083187627,0.14211550501031633,-0.11212502462716424,-0.11212502462716424,0.3175819446202441,0.5282965456386933,0.5452078021997547,0.5592977711363168,0.5781967905021544,0.575610147975072,0.583969474852206,0.22019136033441514,-0.23858139398756484,-0.18663812279426092,0.5015747806721704,0.5079620899121368,0.1925459962429296,0.3298721245608485,0.5208993569712265,0.5805508501876147,0.5650861987764592,0.44420544615713875,0.5617646030820241,0.5907948525083276,0.6187161223344255,0.14978149289113554,0.04303086339999392,0.11027730455539472,0.07804042611191572,0.070953928684324,0.07430693465082963,0.07375645963834766,0.10051089907464417,-0.07995684797385882,-0.07140166462426249,0.24907883581308043,0.2581263630381321,-0.08996126006457912,-0.014859438063064367,-0.01656656991381229,-0.006174631891697081,-0.011740829491553119,0.33748080462433977,0.33101099477624624,0.3040587243357925,0.28989475490120825,0.27156584484565754,-0.23134213980711804,-0.0741027518391009,-0.1059652289363876,0.22721712087320048,0.3669500342043298,-0.5392602319918887,0.625371639927482,-0.21900533088231613,0.06246756529072774,0.09824048906023258,0.5401276754891099,-0.6644218210547743,0.704333404529612,0.13420060190693578,-0.2215918942204766,0.30136351931777267,0.551145408683005,-0.650652382753032,0.6890909005532764,1.0,0.8558977644795173,-0.5223138724078319,-0.3986169581424709,0.6524100548011759,0.892198248535998,-0.6532599998806727,0.296759918174796,-0.296759918174796,0.36105846534359,0.4985771729054027,0.4748489438691737,-0.01322007431499346,0.43289120431595096,0.39230601516641617,0.21337613961717802,-0.01695208889960615,0.6021085022519534
retrieval_signal_count_top250,0.0005315364384299472,0.06049479143580412,-0.06049479143580412,0.15110776556370298,-0.13356503529015382,-0.13356503529015382,0.2991408031398449,0.5849020254819766,0.5888557416540459,0.6144934788762193,0.6352451504818236,0.6272124559498283,0.6448738817573354,0.22203194265775797,-0.24316696762218,-0.2008466272782632,0.5024303616281075,0.5100872197478866,0.21425931340744106,0.31241081729996284,0.5702668673377094,0.6366709952527623,0.614899593955936,0.42941553672780325,0.6192450297283744,0.6502306939744156,0.6750476674470556,0.13462189317878434,-0.02778338215638943,0.0407822250841195,-0.004117618118278067,-0.01120208621906476,-0.013388980340989011,-0.012678709957542621,0.08262915178665754,-0.0639603802514821,-0.05485412860509963,0.21053423393201398,0.22015402321415967,-0.1301264361549786,-0.01537119097763898,-0.022792758566862432,-0.014456606335194187,-0.0006649406037808507,0.29497968314953155,0.2892924700072719,0.2563747232466383,0.23708451974630143,0.21929301782020758,-0.2065789140843688,-0.053574352746644315,-0.1349283112064399,0.2457085047988872,0.5298334898341455,-0.6508265727995491,0.7100582223087908,-0.26461665755052866,0.1326896690821824,0.02760743867246179,0.7064940680146099,-0.7743319519680417,0.7839236828985573,0.1483397826572748,-0.21244475886412836,0.27831405641377943,0.707486592169011,-0.7611856316239606,0.7742621723645947,0.8558977644795173,1.0,-0.4362766033878613,-0.09501401009481729,0.6842107533993845,0.7516306596907361,-0.6173918463111587,0.22051751264684663,-0.22051751264684663,0.36894231370461233,0.5192650883995197,0.45441432868000997,-0.01612750511671642,0.42419603097616837,0.3591700619219265,0.2407040008340316,-0.05082803692547349,0.6023009852093989
retrieval_best_rank,-0.005100029603694679,-0.029189975000131683,0.029189975000131683,-0.08634655275535331,0.0006190757151072774,0.0006190757151072774,-0.2191202260918056,-0.284072878398948,-0.3149384158441904,-0.2987323066343699,-0.288596548450794,-0.3080335963815263,-0.3091898991207564,-0.18254243297237768,0.1857765578871174,0.12250181553882737,-0.34473151613841296,-0.3508570916293454,-0.1058486176436329,-0.2461770645080832,-0.2979244610124263,-0.3019457247386496,-0.31504464309424024,-0.31223253164157083,-0.3001980783112222,-0.2918749930188651,-0.3236689740183003,-0.17381986766557017,-0.22309891175984706,-0.2832141159691562,-0.2834883644074119,-0.2799732454948056,-0.3009438538886761,-0.28982664799988017,-0.12740629225135444,0.1130011856418067,0.1030379825469643,-0.3553102012109458,-0.3651782544130486,-0.016658673204848165,0.003946355145609253,0.018211380906958046,-0.000993664101477288,0.02156790488529059,-0.44569998664691257,-0.43848629763970964,-0.4549063740758013,-0.45693354026809463,-0.4390458030599672,0.3200971490831047,0.12875401206086473,0.006850445833509677,-0.10945187273383623,0.07837542122621731,0.1213162361385214,-0.22494327063527966,0.17827230502764885,0.05957672265687922,-0.22242339523218616,-0.13595797606724797,0.29032463517689394,-0.34999949661839136,-0.3032820070518652,0.40991723065199964,-0.4741068818451363,-0.16380533881105708,0.2992804827926843,-0.3501061694631536,-0.5223138724078319,-0.4362766033878613,1.0,0.7960188523031774,-0.4522974560258377,-0.8210173635024528,0.363417986496267,0.09290994444750175,-0.09290994444750175,-0.28622237127450256,-0.34031995085619227,-0.44942235334592673,-0.025935621447996583,-0.29407942036718276,-0.4263134089255568,-0.012926721908349873,-0.08338715143943165,-0.4525613263511882
retrieval_mean_rank_present,-0.0051601284078175835,-0.01561795380135668,0.01561795380135668,-0.03857360795612045,-0.02171236403309943,-0.02171236403309943,-0.2072363426958293,-0.1360384892960513,-0.17388944706368514,-0.1474953126811177,-0.13458109289568174,-0.15763716502147962,-0.14787838777851148,-0.1399269272021277,0.1368311399526392,0.07455067380170803,-0.25173196555094196,-0.25244357005528273,-0.05313184756787879,-0.22158927171321013,-0.15389329061853504,-0.14490472933939963,-0.16571298846793167,-0.25647850270095274,-0.14433407623738664,-0.13295337701555843,-0.16082033090002731,-0.14242968558672747,-0.2505531025575974,-0.29167437748205594,-0.3078974243505772,-0.301324633793298,-0.3264594830189386,-0.31572655030497426,-0.12057302419698253,0.1118817389532129,0.10482706569325861,-0.31677895083408175,-0.32516225835751117,-0.05510810456414804,-0.004813127659712117,0.0011709629440432546,-0.01844076670283469,0.03654655416738283,-0.3921636356478317,-0.3860960175681659,-0.4085647350080205,-0.4145792017837266,-0.3999157010742903,0.2691309770805537,0.12821570643671376,-0.03140349728578731,-0.052363298117714535,0.27576644354290847,-0.05857248199599807,-0.05859859797535459,0.11324207134776317,0.10418069737022609,-0.22834668163560282,0.11867013572366811,0.06378945827477389,-0.14952429557157804,-0.19487988439077178,0.30168837840744717,-0.3648721648365551,0.08111395288897809,0.07595113098658098,-0.14819513487740849,-0.3986169581424709,-0.09501401009481729,0.7960188523031774,1.0,-0.27093623822046164,-0.647924493941924,0.28855332939339623,0.03766260463013955,-0.03766260463013955,-0.1973595545012584,-0.207471844596336,-0.36575268987689497,-0.0258015438589458,-0.2342087288882824,-0.3547524869627948,0.03513263320485745,-0.08870403152414669,-0.3218929912188556
retrieval_best_score,0.0033019619482748167,0.08049527745377474,-0.08049527745377474,0.18487346578935113,-0.08916159600365121,-0.08916159600365121,0.3592947551042679,0.666867223974285,0.6824496579613839,0.6998651484585163,0.6889276997924773,0.7113177387541364,0.7282973440469479,0.3335519563907803,-0.3427141193135623,-0.2709695526331552,0.5966829444121782,0.5911298008270397,0.28096083278639655,0.3802871748054187,0.6678464568652127,0.6997580673927106,0.7083912546243941,0.5215948452717591,0.6979933592925873,0.6967959191627028,0.748173571361104,0.1523545279186846,-0.02673565324553901,0.06247464013229997,0.005291550864372229,-0.016574213238387127,-0.010388979878997078,-0.001596348403597522,0.09528706938328636,-0.0570331923473136,-0.03670794935452557,0.20095026254154852,0.205125121393038,-0.1284201381349798,0.008127362187924566,0.017856966579505692,0.02782096778354185,-0.036182713189832544,0.2851181766805686,0.27975651058845896,0.24257544127269706,0.2348284224895281,0.22028850545448375,-0.12582489950162518,-0.021442499919548576,-0.11411921980951924,0.24451747718196248,0.43864339699316063,-0.553798041012352,0.7050358187728268,-0.34180607318316664,0.19295877121777674,0.05043547694057597,0.5456279582048593,-0.6270634454539895,0.7242801661483306,-0.06207758060688241,-0.023582814112298997,0.13363164235175265,0.5118759216325346,-0.5834350004391955,0.6757403155742049,0.6524100548011759,0.6842107533993845,-0.4522974560258377,-0.27093623822046164,1.0,0.62947963639475,-0.5607765411573493,0.16549854167800246,-0.16549854167800246,0.3406405897605495,0.5719557836776668,0.39354437736173764,0.02806202480283143,0.5198584767925108,0.349326464037967,0.35829475731783117,0.02883624966787012,0.7263482275265041
retrieval_rrf_score_top100,0.003595192148003907,0.05045679891663226,-0.05045679891663226,0.13508960998566885,-0.07329085874334049,-0.07329085874334049,0.28817903431638653,0.4612754663079195,0.48476926321300606,0.4878415734606556,0.5000310515917589,0.5032631760702253,0.5088340967135117,0.20939150296107967,-0.22532853549358825,-0.1666701218467668,0.4671805721955978,0.47334729912264584,0.16332069163916885,0.30557394673967103,0.46215680832550887,0.5080851186377318,0.49926510202684043,0.40787564226170797,0.4925884686486586,0.5130913394646556,0.5422614126204491,0.16124899639242382,0.09426766775010646,0.1661424134345685,0.13826926281303017,0.13192292837919156,0.1426592288329746,0.13665565875878444,0.11175876445448059,-0.09354683609438509,-0.08352028928337484,0.29950450808808504,0.3093939530773342,-0.0675196506565905,-0.010954838629569778,-0.02356465616072398,-0.008052954586445539,-0.012030349663085464,0.3911784015802746,0.38433125083568137,0.37782247183093864,0.36953350305474697,0.35089490823934266,-0.2808221298401383,-0.09769068542045539,-0.07538426500137375,0.2006482375549172,0.1986685541218691,-0.39179525912056995,0.49070033224659804,-0.2779200813197629,0.0640323763207611,0.11568737811615137,0.43305091233159415,-0.5715938612086097,0.6153560982719595,0.22657126511726838,-0.3246476617109956,0.39743748757859987,0.44929677569623166,-0.5635415171232878,0.6033708412978203,0.892198248535998,0.7516306596907361,-0.8210173635024528,-0.647924493941924,0.62947963639475,1.0,-0.5684311202760961,0.09898725498685833,-0.09898725498685833,0.3360934648945756,0.45831496444641606,0.4586895766713136,0.006062584276016287,0.3969086954366061,0.4100663457980307,0.16627507379025228,0.03492437760024475,0.5831254481316351
frozen_candidate_position,-0.0006024561204100528,-0.08005179458415716,0.08005179458415716,-0.1574513261816455,0.1722545449802631,0.1722545449802631,-0.31244512338369534,-0.5640940309496583,-0.5559997542958071,-0.6018225827345024,-0.6138124804390187,-0.6244676468876039,-0.6301201589638246,-0.24449249265144887,0.2665411862582287,0.23231321858119514,-0.429958834624351,-0.4358298294428833,-0.2958019193301303,-0.30657776543117593,-0.5527005548015115,-0.6079810212979768,-0.6080907909747789,-0.38107803444215455,-0.5639481699465251,-0.5871080815488398,-0.6149990795892116,-0.10053716068690019,0.08912285346257377,0.025153622158119483,0.07854459620736208,0.09597974394557751,0.09355907662276396,0.08898107450258147,-0.06312696997180496,0.04442028108834161,0.03402819581456365,-0.12485736675662906,-0.13184574845386338,0.1509067528414641,-0.004551359898172122,-0.011530864895448356,-0.017625560489383497,0.023081717470639675,-0.19027160432105084,-0.18602661132324916,-0.13758904974163588,-0.12412701691993794,-0.11074824113530139,0.08408401362874948,0.007511619211355193,0.13013473658242833,-0.14996537723075845,-0.5531999890119521,0.7614480683465652,-0.7756338533470672,0.3009831694823291,-0.14511143504227306,0.013746280772720986,-0.42380541608641126,0.5138663010107903,-0.5558596169119046,0.19707362112146004,-0.12203782695462893,0.03421882172981926,-0.4036596061289288,0.4733791912277484,-0.5128729831321744,-0.6532599998806727,-0.6173918463111587,0.363417986496267,0.28855332939339623,-0.5607765411573493,-0.5684311202760961,1.0,-0.6730062496868552,0.6730062496868552,-0.31776063093675083,-0.45794664935485985,-0.36733649193144013,0.0426327888272574,-0.35361255672889325,-0.2709961820969345,-0.262682470864563,0.07479754380697226,-0.5177770003185528
task2_baseline_member,0.0015089369418109565,-0.006318092814429876,0.006318092814429876,-0.027459801898927806,-0.0454057724846821,-0.0454057724846821,0.1073797601664619,0.09019980448314457,0.09080325055934974,0.10326928982469973,0.10563032743787676,0.11806437812529796,0.10905647343750455,0.07270039943719589,-0.07093008224042105,-0.036373710902753494,0.08696159595844032,0.08749962427585908,0.09075271011443617,0.09717561279615776,0.09467495008527087,0.098694254660935,0.10525523366099596,0.10834986164390065,0.06935733908957685,0.07150135134473376,0.087267225604472,0.0536635485847941,0.13170874345387135,0.12584221338506726,0.16314737719573694,0.1593473149965138,0.15159526383126917,0.16746865456213167,0.06917786688357809,-0.057607737642782396,-0.047796942156296277,-0.012308689903570029,-0.015606258164376349,0.09790455186550653,-0.003759265373186059,0.02445011448991628,0.021213568204095642,-0.02346784892172012,-0.007154453822160462,-0.009169380523183236,-0.07140800892715614,-0.05988400928240064,-0.06103927410334895,0.04098007190804195,-0.0019117885381718424,-0.006591870152403815,-0.027291278295912238,0.1868346573655118,-0.27719768035130044,0.2809053880284246,0.30740405906698703,-0.3678188163312126,0.35712237587669343,0.012268269507118916,-0.02775040330573235,0.06781801819595293,-0.18847965962285468,0.1706118614948214,-0.11759598732596346,-0.006562229787017843,0.00036964544358056094,0.03712778763368543,0.296759918174796,0.22051751264684663,0.09290994444750175,0.03766260463013955,0.16549854167800246,0.09898725498685833,-0.6730062496868552,1.0,-1.0,0.0836861636609509,0.1691602730405063,0.1387344087684146,-0.06794823218374736,0.0749385175110986,0.11477921371774062,0.06252436118521176,0.04778685791334207,0.13046026105809538
task2_5_augmentation_only,-0.0015089369418109565,0.006318092814429876,-0.006318092814429876,0.027459801898927806,0.0454057724846821,0.0454057724846821,-0.1073797601664619,-0.09019980448314457,-0.09080325055934974,-0.10326928982469973,-0.10563032743787676,-0.11806437812529796,-0.10905647343750455,-0.07270039943719589,0.07093008224042105,0.036373710902753494,-0.08696159595844032,-0.08749962427585908,-0.09075271011443617,-0.09717561279615776,-0.09467495008527087,-0.098694254660935,-0.10525523366099596,-0.10834986164390065,-0.06935733908957685,-0.07150135134473376,-0.087267225604472,-0.0536635485847941,-0.13170874345387135,-0.12584221338506726,-0.16314737719573694,-0.1593473149965138,-0.15159526383126917,-0.16746865456213167,-0.06917786688357809,0.057607737642782396,0.047796942156296277,0.012308689903570029,0.015606258164376349,-0.09790455186550653,0.003759265373186059,-0.02445011448991628,-0.021213568204095642,0.02346784892172012,0.007154453822160462,0.009169380523183236,0.07140800892715614,0.05988400928240064,0.06103927410334895,-0.04098007190804195,0.0019117885381718424,0.006591870152403815,0.027291278295912238,-0.1868346573655118,0.27719768035130044,-0.2809053880284246,-0.30740405906698703,0.3678188163312126,-0.35712237587669343,-0.012268269507118916,0.02775040330573235,-0.06781801819595293,0.18847965962285468,-0.1706118614948214,0.11759598732596346,0.006562229787017843,-0.00036964544358056094,-0.03712778763368543,-0.296759918174796,-0.22051751264684663,-0.09290994444750175,-0.03766260463013955,-0.16549854167800246,-0.09898725498685833,0.6730062496868552,-1.0,1.0,-0.0836861636609509,-0.1691602730405063,-0.1387344087684146,0.06794823218374736,-0.0749385175110986,-0.11477921371774062,-0.06252436118521176,-0.04778685791334207,-0.13046026105809538
name_address_similarity_min,-0.005359631161356397,-0.24895162262277132,0.24895162262277132,0.09371543721375651,-0.27438471904662465,-0.27438471904662465,0.18502595185273368,0.534287450072038,0.5592370479727977,0.5893143090323321,0.5771732288244347,0.48306367131416533,0.510639802755522,0.25741219488736644,-0.23953732573700715,-0.35780378676848645,0.3427938003360415,0.35258483158415754,0.30002018696098864,0.2065970925562062,0.49361234411394506,0.5511470073663841,0.4889661204321713,0.2444823126693126,0.47538710262594464,0.5087376455437609,0.3991536323193946,0.14410856153840648,0.23655658914505875,0.3335169239972924,0.3186424559757859,0.2896478973350342,0.21644590672833053,0.24776985362901233,0.24619803664850615,-0.18808749969439767,-0.16864070732599373,0.26188575808187814,0.2692218385479177,-0.034413872857662536,0.020959073550771163,0.15050096732871912,0.15490665062581008,-0.1682715823225133,0.3345827096849286,0.33014671641094406,0.31641834635675986,0.3220317853366733,0.30632508148938103,-0.09798233841165899,-0.13014132359554786,-0.1822671362105591,0.03183194467326791,0.20590670379723644,-0.2966627368653535,0.33414453439477043,-0.10113492013978939,-0.019711039497234354,0.13502256651641628,0.2332100446711634,-0.3091953047169175,0.340534533051401,0.06933516972528289,-0.1475928804141266,0.21824953785110232,0.2301643742476937,-0.29388561444738537,0.3208544174939468,0.36105846534359,0.36894231370461233,-0.28622237127450256,-0.1973595545012584,0.3406405897605495,0.3360934648945756,-0.31776063093675083,0.0836861636609509,-0.0836861636609509,1.0,0.8775615305228749,0.484361745527097,0.009658753046381086,0.23832295640583495,0.3580683255146224,0.07025914430843269,-0.2032459404214378,0.3699986106855114
name_address_similarity_product,-0.005359534446014609,-0.24894713025369855,0.24894713025369855,0.14424673961076778,-0.28375693424395076,-0.28375693424395076,0.2560678218401613,0.6655727069568063,0.6845141915572608,0.717214726827793,0.7432591374672971,0.6680930249106553,0.6738979211760813,0.2737589974316831,-0.2602072640012628,-0.36934174444079926,0.4670283146143707,0.46713577105219023,0.3878102523431773,0.27642594555158495,0.6154904620652142,0.7161694209190574,0.6645773326676376,0.34923184822229036,0.6072425036709371,0.6578555000429205,0.5829355850158994,0.15066350209251472,0.1858429688882032,0.2851733348061621,0.25290115698084353,0.23880409828816013,0.1809293349100602,0.20352065374630113,0.21098724858561854,-0.14513351514817371,-0.12874324497345394,0.238229292839585,0.2421670962493297,-0.03000438755322384,0.01803754466755702,0.14890542141529103,0.1502021688132656,-0.1617563995845977,0.30825763357388203,0.3033114928023403,0.2764727871795745,0.2865951816653865,0.27275297618168515,-0.0640193294999245,-0.08988661913622115,-0.21643062716003014,0.06615166823933932,0.32708965274019713,-0.43153789383640556,0.5057250279117981,-0.1771096310434922,0.041167530629891105,0.11369776480622122,0.37399386573030285,-0.45289128021580277,0.5044528900606756,0.016887108561146023,-0.0993992106501391,0.18424466584898788,0.33740527261323405,-0.4018205908525463,0.4502840602044614,0.4985771729054027,0.5192650883995197,-0.34031995085619227,-0.207471844596336,0.5719557836776668,0.45831496444641606,-0.45794664935485985,0.1691602730405063,-0.1691602730405063,0.8775615305228749,1.0,0.48364101997193853,-0.004608639597078198,0.3329719176281266,0.36884330384932174,0.30279771186680843,-0.13324652583152247,0.6126002934121929
strong_name_and_address,-0.0009669881327759249,-0.04491601333450834,0.04491601333450834,0.01911887801374369,-0.04607862646760708,-0.04607862646760708,0.28666323714315,0.3629172501127686,0.390008245224679,0.391443072597549,0.38590515310581286,0.40693451948971077,0.39340388211354127,0.22143706229492252,-0.21756497106950623,-0.1805795654937119,0.41602929519863835,0.40413579847167347,0.18671534959120817,0.32242689146205483,0.360825876925037,0.3847503855738434,0.41003273983066385,0.3655768733309462,0.36390445888535905,0.3691332879569672,0.4003543906136699,0.27311612707666444,0.3647775256472447,0.4118130611114341,0.4469870296505332,0.45116914586383927,0.46037449050659435,0.4534254279268757,0.21091744192413733,-0.18666263762003238,-0.18290483103532262,0.4378207696903586,0.4502677174340815,0.10559552500560962,-0.0035852529537826155,0.03577039853283237,0.052440999142952964,-0.07771179924606435,0.5586042700496269,0.5491918376589318,0.5300100737826196,0.5253035079125142,0.49893333966212083,-0.3440187892025265,-0.17946518896300115,-0.030484355627510486,0.09203496312707574,0.07886436943434927,-0.23255405340738608,0.3280651968714824,0.08157215358525252,-0.28210330138512957,0.44303723320507243,0.1571987430175728,-0.2898557764371537,0.36834349194608446,0.2660530763708842,-0.3887311790473747,0.4947919634953123,0.17291032515925556,-0.2861492571166806,0.3512752974565282,0.4748489438691737,0.45441432868000997,-0.44942235334592673,-0.36575268987689497,0.39354437736173764,0.4586895766713136,-0.36733649193144013,0.1387344087684146,-0.1387344087684146,0.484361745527097,0.48364101997193853,1.0,-0.014809337187392873,0.32931808858121014,0.6932700307653848,-0.07533298898651147,-0.06703937341942211,0.5164005912402879
transliteration_rescue,-0.00015315064146373986,0.008719922809661388,-0.008719922809661388,0.010117563873354019,0.12817289127533674,0.12817289127533674,-0.01153577125981419,0.025171550458622283,0.024661024010552157,0.014487607273583124,0.0014614705965912745,-0.0024589513829678224,0.015240541155852886,-0.024567597065843272,0.017247940287678083,0.008659146194382676,0.019594496792249463,0.019013928618472335,0.003968250818249815,-0.007175783362265378,0.02918360205089265,0.056228017869290846,0.043620862171467566,-0.017192714626830554,0.02628498326054691,0.009844356381442551,-0.0020924871504172304,0.0020077128833130477,-0.020967695303006677,-0.01620154356310938,-0.021321052697460117,-0.02197966384113837,-0.021594569649067693,-0.02281890030908888,-0.0017452623631211677,-0.00021969735545747878,-0.00022346863459904011,0.008133988230809444,0.008757735494478832,-0.018849775452090458,-0.001512545725411295,-0.000628509242974529,-0.0015151684858967114,0.0016432285607706754,0.005573700398116247,0.0054690304860780335,0.0035015779157733587,0.0014592256584476616,0.000463728277567222,-0.004088868581972418,0.002952914679037239,0.03772614636661898,0.01456651484260601,-0.023317226914720796,0.027509341708891237,-0.029071558805501968,-0.03105718131609412,0.027807854540953157,-0.020642295636736436,0.04107588977691089,-0.05322574577836222,0.04978344647377956,-0.01520161295170122,0.012471800178402796,-0.008718767068876239,-0.016864024826618532,0.020516263495795974,-0.02274169065055566,-0.01322007431499346,-0.01612750511671642,-0.025935621447996583,-0.0258015438589458,0.02806202480283143,0.006062584276016287,0.0426327888272574,-0.06794823218374736,0.06794823218374736,0.009658753046381086,-0.004608639597078198,-0.014809337187392873,1.0,-0.0012753905866359789,0.006214052695757453,-0.01974110565866807,-0.010617630862788297,0.025564150072102925
legal_suffix_rescue,-0.0012141206982603514,0.06540387802913727,-0.06540387802913727,0.10364227983275043,-0.12865871603254186,-0.12865871603254186,0.6203978666324257,0.4655928588639046,0.5114930203133832,0.46984724975425,0.4567654965276934,0.5007944753461797,0.4840955659970935,0.24002585506951807,-0.2487446883712017,-0.22210533776607708,0.6055149307529263,0.5877316303577971,0.1670801994033861,0.5717357236926565,0.4535626206439571,0.44978285768747034,0.48641824882774193,0.9246302857324153,0.5408055704955865,0.5099249473750807,0.5843934671155225,0.05719376089221716,-0.0043171363390371855,0.03865489531946712,0.008338533616547192,0.0010751102775641366,0.011497103783991812,0.009316211901327951,0.030840872745962936,-0.014089233982649971,-0.012622608944764954,0.14467230659093933,0.15075163639143532,-0.08449655907918069,-0.006672637458967662,-0.007577350590563697,-0.0021921329416724655,-0.006610055618579923,0.19858928491681896,0.19489224377381426,0.1814379326706563,0.17621286495927635,0.16586636797697973,-0.11870336574790569,-0.019230617750313227,-0.08509115779153059,0.31167990427375636,0.22548884053482443,-0.34658882421079673,0.512554551497903,-0.16262715043003464,0.08667284746363171,-0.0017344371253368578,0.3035582895403171,-0.39407950490474103,0.5260011590955516,-0.016608073535773846,-0.03565003510196024,0.08589796762793829,0.3185006410961933,-0.42388526523666503,0.5658403344719799,0.43289120431595096,0.42419603097616837,-0.29407942036718276,-0.2342087288882824,0.5198584767925108,0.3969086954366061,-0.35361255672889325,0.0749385175110986,-0.0749385175110986,0.23832295640583495,0.3329719176281266,0.32931808858121014,-0.0012753905866359789,1.0,0.2158798856724782,0.2177272076772686,-0.08417258506913465,0.48561393050563556
strong_address_and_number,-0.0009355469030164619,-0.04345558724729738,0.04345558724729738,0.024602025548992584,0.021403416212808935,0.021403416212808935,0.18802029667162629,0.2349521048256659,0.2603527864773925,0.24444016266280463,0.23273977999750914,0.2530253819857817,0.2557797714798106,0.1751285377235909,-0.17442134432974776,-0.08938443969904361,0.292027668171936,0.3049991800145303,0.10405887660104542,0.21249313572021952,0.25822523516277524,0.24807685345562874,0.2576016536044791,0.23486199709487182,0.2334251873490917,0.22253098600486354,0.24649682247066912,0.35763530203790705,0.35808854265594997,0.40524912039250854,0.43626853636320695,0.44206183133475413,0.4541505501870549,0.4437609833678705,0.22915013281562968,-0.1995363358313738,-0.2097221906787457,0.4968994335944448,0.5078363665353536,0.09742990966754779,0.06408504739631567,0.10691206606066396,0.12283349480809029,-0.11624885005448823,0.8201332807621524,0.8031045007011244,0.6895659741098693,0.6443056813432007,0.596652016863511,-0.3907748353425496,-0.26677469188510755,0.007967531224442008,0.04985984952340304,0.012132199605525931,-0.12058193713634065,0.18730425421380734,0.07726839230262023,-0.2691418785194068,0.43002835423355557,0.08166120696700128,-0.17661543413488537,0.22874481185196055,0.27254621837235005,-0.4054637230391454,0.5294249547501023,0.09246261502412702,-0.17263640284336823,0.21580527999454108,0.39230601516641617,0.3591700619219265,-0.4263134089255568,-0.3547524869627948,0.349326464037967,0.4100663457980307,-0.2709961820969345,0.11477921371774062,-0.11477921371774062,0.3580683255146224,0.36884330384932174,0.6932700307653848,0.006214052695757453,0.2158798856724782,1.0,-0.12059192233589401,0.099801836703734,0.4444307326173208
high_name_numeric_conflict,-0.0012890121048805899,-0.05987383187935718,0.05987383187935718,0.16071871719824235,-0.11290722741954896,-0.11290722741954896,0.18061341090633884,0.3730446921347879,0.3828172650651578,0.40850207239566416,0.5144577601459344,0.4676571513897739,0.4412343382477634,0.07512883589611925,-0.08713940020506282,-0.09403804287093459,0.31462284588458284,0.29949818016212293,0.23083603881009787,0.17659155033758878,0.34324011062851983,0.5059232744244607,0.451170171766905,0.252484628376109,0.3730581417062827,0.45991737890710993,0.4472764857539549,-0.04584218319529579,-0.26985233259979846,-0.2391100079654305,-0.3103962292028406,-0.3239374898739601,-0.34929001084917516,-0.3377629247030318,-0.027773834836634828,0.036886442097205895,0.03211876018215385,-0.13423864338557492,-0.12920663384152428,-0.1892621024594822,0.08829744566451062,0.14730522528122164,0.16924203498713244,-0.16016960177575115,-0.14557677424927426,-0.143281333252185,-0.16816784069759205,-0.20560081443348052,-0.2060722455947524,0.24606508801393578,0.024643416871491165,-0.1136817628642665,0.08481633257811108,0.35493162511730125,-0.37131934248484333,0.4338343704788364,-0.3379587297969885,0.35195924252555577,-0.32190742849521453,0.35952833854262617,-0.35502809700834964,0.39731072961977965,-0.2462975588100062,0.24932016646581381,-0.24147643763930063,0.27810877352362023,-0.27004991520796184,0.30820365458203386,0.21337613961717802,0.2407040008340316,-0.012926721908349873,0.03513263320485745,0.35829475731783117,0.16627507379025228,-0.262682470864563,0.06252436118521176,-0.06252436118521176,0.07025914430843269,0.30279771186680843,-0.07533298898651147,-0.01974110565866807,0.2177272076772686,-0.12059192233589401,1.0,-0.0893646580679078,0.46745553345898333
high_address_weak_name,0.014424182140338693,-0.03220276798207221,0.03220276798207221,-0.1055559178750209,0.26854734657231005,0.26854734657231005,-0.05222049220582751,-0.2532156423363292,-0.25225411683446763,-0.2720949255701698,-0.27587876396526395,-0.22703579838275967,-0.23419396199073503,-0.030297253990735306,0.045360745265417064,0.21208932855325585,-0.12628522411699294,-0.12033777152650983,-0.11528220515545373,-0.05594654513330995,-0.17762373522356442,-0.22693947050745844,-0.2261472064894357,-0.07782852138330999,-0.2553609023579973,-0.2723559031575036,-0.21330514172044648,0.04809049232439374,0.17133380869918344,0.1404012836932812,0.21365925856094178,0.3187226233549454,0.25875891537500295,0.24982364706935162,-0.05936479144586499,0.07674041676264899,0.09950117563519333,0.08818053860731123,0.07268271939306514,0.19715894924527905,-0.004033018208414291,0.012971323950388572,0.01664744226219228,-0.024911904692857447,0.06131243768602584,0.05694698748999667,0.07023487693685802,0.10807625008547617,0.11413469478722206,-0.03800043761572848,-0.0020709406346022374,0.16801038605011837,-0.09168337888477456,-0.1896655382151539,0.20272702626630348,-0.19031788239049272,0.164447602549184,-0.20398282116748254,0.2462931865228948,-0.16839322525043837,0.17615215184928398,-0.16945572640177106,0.17838754215803795,-0.18578468804991827,0.19698466715771945,-0.16086542833528317,0.16733084900679968,-0.16175006989691806,-0.01695208889960615,-0.05082803692547349,-0.08338715143943165,-0.08870403152414669,0.02883624966787012,0.03492437760024475,0.07479754380697226,0.04778685791334207,-0.04778685791334207,-0.2032459404214378,-0.13324652583152247,-0.06703937341942211,-0.010617630862788297,-0.08417258506913465,0.099801836703734,-0.0893646580679078,1.0,0.08593652570877301
independent_strong_signal_count,0.0009522962859156071,0.04901472809952262,-0.04901472809952262,0.17525310193457916,-0.04515382607174012,-0.04515382607174012,0.34689741399950424,0.609767914518793,0.6385548278633899,0.6544084014025435,0.7190365920013744,0.7203073067310108,0.6955719325570697,0.26439029800244906,-0.2620619647570237,-0.20430003359778304,0.6091010429199032,0.59594293844586,0.3310870879551193,0.3735176358976561,0.6138414624373308,0.7352763308919723,0.7188929877126263,0.493561020695282,0.6117521153368174,0.6862416920518614,0.7134905721559677,0.17005470374313644,0.03675840446980835,0.11090783270384441,0.07161729026956368,0.09781777104022753,0.08776538213043103,0.07905669360438237,0.049864367714268706,-0.014341390726801883,-0.005512428486419627,0.32042828885049607,0.3241851507248602,-0.0891303527788282,0.005734450993472384,0.04063001218527053,0.047903237463760594,-0.058040768092817975,0.4543352298388387,0.4468483304059763,0.4038880210783185,0.39312100616716433,0.36654376488034945,-0.21592829461287957,-0.058930115617361147,-0.07176905369829328,0.14154863341838722,0.3604701213019026,-0.4937308295588112,0.6267263127476194,-0.28321260127111547,0.1327043203733318,0.04695327436349633,0.44389386192615254,-0.5450654103208735,0.6404293348646076,0.03799666324682864,-0.13617059997215109,0.2317305165566141,0.3918860535730017,-0.47728773589420953,0.5666510107696063,0.6021085022519534,0.6023009852093989,-0.4525613263511882,-0.3218929912188556,0.7263482275265041,0.5831254481316351,-0.5177770003185528,0.13046026105809538,-0.13046026105809538,0.3699986106855114,0.6126002934121929,0.5164005912402879,0.025564150072102925,0.48561393050563556,0.4444307326173208,0.46745553345898333,0.08593652570877301,1.0
