eval_index,source1_entity_id,match_count,match_group,split
0,S1-666810549,3,3-5,train
1,S1-62442466,2,2,train
2,S1-325456958,1,1,train
3,S1-23880469,2,2,train
4,S1-321912770,2,2,train
5,S1-499893145,4,3-5,train
6,S1-34271266,1,1,validation
7,S1-632316790,4,3-5,train
8,S1-12671677,3,3-5,train
9,S1-601487637,1,1,train
10,S1-84077555,2,2,train
11,S1-393003104,3,3-5,train
12,S1-534276832,5,3-5,validation
13,S1-999489037,3,3-5,train
14,S1-827339968,2,2,train
15,S1-581601700,3,3-5,train
16,S1-376553261,1,1,train
17,S1-785085508,6,6+,train
18,S1-526422218,3,3-5,train
19,S1-259394431,8,6+,train
20,S1-304291330,7,6+,train
21,S1-596204672,1,1,validation
22,S1-410924527,2,2,train
23,S1-405210924,8,6+,train
24,S1-376310367,2,2,train
25,S1-923459637,6,6+,train
26,S1-170409019,1,1,train
27,S1-27724756,6,6+,train
28,S1-817250804,3,3-5,train
29,S1-774294806,7,6+,train
30,S1-604902985,1,1,train
31,S1-858888416,2,2,validation
32,S1-165531397,2,2,train
33,S1-908315186,2,2,train
34,S1-492757336,6,6+,train
35,S1-700371761,2,2,train
36,S1-731396221,5,3-5,train
37,S1-7818407,1,1,train
38,S1-499042496,2,2,train
39,S1-826533114,3,3-5,validation
40,S1-364337152,3,3-5,train
41,S1-138408620,1,1,train
42,S1-399172420,6,6+,train
43,S1-844691254,1,1,train
44,S1-141789762,7,6+,train
45,S1-797191364,1,1,train
46,S1-542039141,2,2,train
47,S1-221622480,2,2,train
48,S1-319472097,1,1,validation
49,S1-435527696,1,1,train
50,S1-395623094,2,2,train
51,S1-217033256,8,6+,train
52,S1-142024746,2,2,train
53,S1-721664013,6,6+,train
54,S1-500946268,2,2,train
55,S1-647190140,8,6+,train
56,S1-16853985,2,2,train
57,S1-583230475,6,6+,train
58,S1-170320378,2,2,train
59,S1-246828600,2,2,train
60,S1-333525514,1,1,train
61,S1-988225336,7,6+,train
62,S1-318868115,3,3-5,train
63,S1-699445525,1,1,train
64,S1-837956708,1,1,train
65,S1-652805767,6,6+,train
66,S1-929389811,2,2,train
67,S1-730270938,7,6+,train
68,S1-602120896,4,3-5,train
69,S1-98863016,2,2,train
70,S1-217491635,3,3-5,validation
71,S1-486464960,1,1,validation
72,S1-924921937,2,2,validation
73,S1-275495579,2,2,train
74,S1-534276225,2,2,train
75,S1-603466622,7,6+,validation
76,S1-963816660,1,1,train
77,S1-373265184,3,3-5,validation
78,S1-838183093,6,6+,train
79,S1-353218756,1,1,train
80,S1-788421984,6,6+,train
81,S1-477315306,1,1,validation
82,S1-853183635,3,3-5,train
83,S1-284320448,2,2,validation
84,S1-224892227,5,3-5,validation
85,S1-477490402,2,2,train
86,S1-739334388,2,2,train
87,S1-485430804,2,2,train
88,S1-190309888,6,6+,train
89,S1-24389557,6,6+,train
90,S1-472052652,4,3-5,train
91,S1-189707706,6,6+,train
92,S1-410842497,6,6+,train
93,S1-875652972,1,1,train
94,S1-143964224,2,2,train
95,S1-312818451,2,2,train
96,S1-443694042,6,6+,train
97,S1-221700432,7,6+,train
98,S1-211846479,7,6+,train
99,S1-469887545,3,3-5,train
100,S1-927577426,1,1,validation
101,S1-5969920,4,3-5,validation
102,S1-699859388,2,2,train
103,S1-481075969,6,6+,train
104,S1-610286736,3,3-5,train
105,S1-6303452,1,1,train
106,S1-722135542,1,1,train
107,S1-934292441,6,6+,validation
108,S1-851890513,6,6+,train
109,S1-426145771,1,1,train
110,S1-56440471,5,3-5,train
111,S1-353490061,5,3-5,train
112,S1-765715791,2,2,train
113,S1-508977949,1,1,train
114,S1-988047816,6,6+,validation
115,S1-344311461,2,2,train
116,S1-202613824,6,6+,train
117,S1-9833244,1,1,train
118,S1-963250793,1,1,train
119,S1-307657793,2,2,train
120,S1-784834193,4,3-5,train
121,S1-28401461,2,2,train
122,S1-732454514,6,6+,train
123,S1-429062407,5,3-5,train
124,S1-371372956,2,2,train
125,S1-815473838,2,2,train
126,S1-125990495,2,2,validation
127,S1-244269916,2,2,validation
128,S1-757486267,6,6+,train
129,S1-82784977,1,1,validation
130,S1-701996329,4,3-5,train
131,S1-853066098,2,2,validation
132,S1-380284567,1,1,train
133,S1-14894228,4,3-5,train
134,S1-892322797,6,6+,train
135,S1-74479159,6,6+,train
136,S1-625829301,1,1,train
137,S1-388306842,4,3-5,validation
138,S1-817478127,1,1,train
139,S1-167937421,6,6+,train
140,S1-172875954,1,1,train
141,S1-801128261,6,6+,train
142,S1-311685243,3,3-5,train
143,S1-84081383,1,1,train
144,S1-224883686,6,6+,train
145,S1-659183027,4,3-5,train
146,S1-116216109,4,3-5,train
147,S1-984177784,1,1,validation
148,S1-189323653,1,1,validation
149,S1-678521759,2,2,train
150,S1-139861520,4,3-5,train
151,S1-21046955,4,3-5,train
152,S1-83979093,2,2,train
153,S1-895277394,7,6+,train
154,S1-567908526,5,3-5,train
155,S1-850532952,5,3-5,train
156,S1-663911481,4,3-5,train
157,S1-391514358,1,1,validation
158,S1-972290170,5,3-5,train
159,S1-725565493,2,2,train
160,S1-306371850,1,1,train
161,S1-283366582,2,2,train
162,S1-99549651,6,6+,train
163,S1-24452791,1,1,train
164,S1-658282601,1,1,train
165,S1-244092029,1,1,train
166,S1-649288353,6,6+,train
167,S1-656904202,7,6+,train
168,S1-842289368,6,6+,train
169,S1-580633152,1,1,train
170,S1-813191679,1,1,train
171,S1-447692335,8,6+,train
172,S1-69236204,4,3-5,train
173,S1-419548577,5,3-5,train
174,S1-953247190,1,1,train
175,S1-832798143,1,1,train
176,S1-548295587,2,2,train
177,S1-198233065,6,6+,validation
178,S1-726341071,2,2,train
179,S1-865447522,3,3-5,train
180,S1-942016723,7,6+,validation
181,S1-468134438,2,2,train
182,S1-377910011,4,3-5,train
183,S1-258381046,2,2,train
184,S1-108224089,3,3-5,train
185,S1-171684462,7,6+,train
186,S1-131459890,1,1,train
187,S1-56458609,4,3-5,validation
188,S1-366712795,1,1,validation
189,S1-369637549,1,1,train
190,S1-213743616,6,6+,validation
191,S1-886063604,2,2,train
192,S1-533097051,2,2,train
193,S1-417220031,2,2,train
194,S1-428273491,6,6+,train
195,S1-780476843,2,2,train
196,S1-98221475,1,1,train
197,S1-706071884,2,2,train
198,S1-948963193,1,1,train
199,S1-7991601,2,2,train
200,S1-513775253,4,3-5,train
201,S1-568797405,9,6+,train
202,S1-842229121,1,1,validation
203,S1-238598249,2,2,train
204,S1-231309781,7,6+,train
205,S1-416791664,1,1,train
206,S1-931159227,7,6+,train
207,S1-395704062,1,1,train
208,S1-743425746,6,6+,train
209,S1-830905390,1,1,train
210,S1-134062235,2,2,train
211,S1-376364401,6,6+,train
212,S1-382137545,3,3-5,train
213,S1-522260938,6,6+,train
214,S1-584631371,4,3-5,train
215,S1-72496936,6,6+,train
216,S1-892157205,3,3-5,train
217,S1-520297280,5,3-5,train
218,S1-503540775,6,6+,validation
219,S1-477906155,2,2,train
220,S1-434013383,6,6+,train
221,S1-383125253,4,3-5,train
222,S1-711115156,6,6+,train
223,S1-928844636,1,1,train
224,S1-110818309,6,6+,train
225,S1-608578979,2,2,train
226,S1-429236649,6,6+,validation
227,S1-702553411,3,3-5,train
228,S1-635124013,2,2,validation
229,S1-927613674,4,3-5,train
230,S1-940610331,1,1,train
231,S1-80358063,1,1,train
232,S1-969936722,3,3-5,train
233,S1-686236728,3,3-5,train
234,S1-911493817,2,2,train
235,S1-193024260,4,3-5,train
236,S1-320939338,1,1,train
237,S1-402055507,2,2,train
238,S1-413219048,5,3-5,train
239,S1-227305362,6,6+,train
240,S1-988427866,6,6+,train
241,S1-253595160,2,2,train
242,S1-826392842,1,1,train
243,S1-562332569,2,2,train
244,S1-312174040,1,1,train
245,S1-309039502,1,1,train
246,S1-395607880,3,3-5,train
247,S1-831799110,2,2,train
248,S1-86252024,2,2,train
249,S1-299886026,2,2,train
250,S1-113686883,6,6+,train
251,S1-594062748,1,1,train
252,S1-567580358,6,6+,validation
253,S1-715390584,5,3-5,train
254,S1-915743615,2,2,validation
255,S1-941718710,6,6+,validation
256,S1-464683527,2,2,train
257,S1-151539227,7,6+,train
258,S1-14896883,2,2,train
259,S1-837759481,2,2,train
260,S1-22773709,2,2,train
261,S1-706119949,5,3-5,train
262,S1-254985920,8,6+,train
263,S1-983028711,1,1,train
264,S1-493996106,1,1,train
265,S1-725540048,4,3-5,train
266,S1-40163870,7,6+,validation
267,S1-77531863,2,2,train
268,S1-912883308,2,2,train
269,S1-14851611,1,1,validation
270,S1-725269588,2,2,validation
271,S1-307096877,6,6+,train
272,S1-815910746,8,6+,train
273,S1-972728999,6,6+,train
274,S1-972088303,1,1,train
275,S1-43010938,3,3-5,train
276,S1-643298867,7,6+,train
277,S1-373010636,1,1,train
278,S1-996172495,4,3-5,train
279,S1-10981659,3,3-5,validation
280,S1-27454128,3,3-5,train
281,S1-628401568,1,1,train
282,S1-76509609,6,6+,validation
283,S1-77014826,6,6+,train
284,S1-963731947,6,6+,train
285,S1-88039944,5,3-5,train
286,S1-138875666,2,2,validation
287,S1-369409299,1,1,train
288,S1-486964756,2,2,train
289,S1-996958081,2,2,train
290,S1-651033881,4,3-5,train
291,S1-886638197,5,3-5,train
292,S1-412290366,6,6+,train
293,S1-257596640,1,1,train
294,S1-374125567,6,6+,validation
295,S1-514368446,3,3-5,train
296,S1-573099317,7,6+,train
297,S1-660003620,3,3-5,train
298,S1-818563886,1,1,train
299,S1-617123021,6,6+,train
300,S1-300255693,5,3-5,train
301,S1-747207352,1,1,train
302,S1-674429272,4,3-5,validation
303,S1-650252253,2,2,train
304,S1-189159700,1,1,train
305,S1-359031735,3,3-5,train
306,S1-936652717,8,6+,validation
307,S1-56098934,3,3-5,train
308,S1-314884247,1,1,train
309,S1-706236764,3,3-5,train
310,S1-91975768,6,6+,train
311,S1-93112596,6,6+,train
312,S1-388929691,8,6+,train
313,S1-930015613,3,3-5,validation
314,S1-167292891,1,1,train
315,S1-570029436,4,3-5,train
316,S1-937014924,2,2,train
317,S1-858950586,4,3-5,train
318,S1-489941294,6,6+,train
319,S1-647166470,4,3-5,train
320,S1-626298400,4,3-5,train
321,S1-358582113,2,2,train
322,S1-799894832,3,3-5,train
323,S1-385864519,7,6+,validation
324,S1-598906646,3,3-5,train
325,S1-196331683,4,3-5,train
326,S1-448097379,2,2,train
327,S1-191409901,6,6+,train
328,S1-38301121,6,6+,train
329,S1-36067158,2,2,validation
330,S1-835240540,1,1,validation
331,S1-193659115,2,2,train
332,S1-825828879,1,1,train
333,S1-678903633,1,1,train
334,S1-613399908,6,6+,train
335,S1-449081651,2,2,train
336,S1-432013556,2,2,train
337,S1-256367032,3,3-5,train
338,S1-472227414,5,3-5,train
339,S1-98365400,2,2,train
340,S1-630851367,4,3-5,train
341,S1-624026887,7,6+,train
342,S1-405122081,2,2,validation
343,S1-602701796,6,6+,train
344,S1-857396898,6,6+,train
345,S1-405761010,1,1,train
346,S1-366117611,2,2,train
347,S1-147235772,6,6+,train
348,S1-995304693,5,3-5,validation
349,S1-903512594,5,3-5,train
350,S1-358129315,6,6+,train
351,S1-385334439,2,2,train
352,S1-828449651,1,1,train
353,S1-527247011,1,1,train
354,S1-470273112,6,6+,train
355,S1-738609535,2,2,train
356,S1-967603048,4,3-5,train
357,S1-543472400,2,2,train
358,S1-447825076,7,6+,train
359,S1-958404454,1,1,train
360,S1-513756665,2,2,train
361,S1-156278443,3,3-5,validation
362,S1-846856422,2,2,train
363,S1-485332962,3,3-5,validation
364,S1-466114030,3,3-5,train
365,S1-654911334,5,3-5,train
366,S1-568284321,4,3-5,train
367,S1-845531466,6,6+,train
368,S1-926022446,2,2,train
369,S1-547817388,1,1,train
370,S1-237748354,2,2,train
371,S1-120192914,3,3-5,train
372,S1-425347310,2,2,train
373,S1-451023654,1,1,train
374,S1-33215609,2,2,validation
375,S1-576850475,6,6+,train
376,S1-409908083,3,3-5,train
377,S1-561240726,2,2,train
378,S1-2966236,1,1,train
379,S1-829623102,1,1,train
380,S1-322587603,3,3-5,train
381,S1-591699261,3,3-5,train
382,S1-838881646,1,1,train
383,S1-83442105,2,2,train
384,S1-82989162,1,1,train
385,S1-555013661,3,3-5,train
386,S1-458817763,6,6+,validation
387,S1-550003377,2,2,train
388,S1-76730866,2,2,train
389,S1-943845692,2,2,train
390,S1-244830415,4,3-5,train
391,S1-21135482,6,6+,validation
392,S1-496806232,1,1,train
393,S1-522682697,2,2,train
394,S1-727039600,4,3-5,train
395,S1-386768152,4,3-5,train
396,S1-646312272,5,3-5,validation
397,S1-577817490,1,1,validation
398,S1-378692807,1,1,train
399,S1-598861891,1,1,train
400,S1-755166550,2,2,train
401,S1-148407690,5,3-5,validation
402,S1-315561373,7,6+,train
403,S1-429050026,6,6+,train
404,S1-973794733,2,2,train
405,S1-473152527,1,1,train
406,S1-802628497,2,2,train
407,S1-936336512,4,3-5,validation
408,S1-429361585,2,2,train
409,S1-503088761,1,1,train
410,S1-337634725,3,3-5,train
411,S1-960998321,2,2,train
412,S1-200588940,2,2,train
413,S1-740424868,3,3-5,train
414,S1-683705441,7,6+,train
415,S1-741361829,8,6+,validation
416,S1-162854474,1,1,train
417,S1-607816998,2,2,train
418,S1-759579472,7,6+,validation
419,S1-309636451,6,6+,train
420,S1-293379781,4,3-5,train
421,S1-440309303,1,1,validation
422,S1-193938283,2,2,train
423,S1-572052567,3,3-5,train
424,S1-818736796,8,6+,train
425,S1-118668540,6,6+,train
426,S1-524372741,8,6+,train
427,S1-622257785,1,1,train
428,S1-263042581,7,6+,train
429,S1-42638715,6,6+,validation
430,S1-516616786,2,2,train
431,S1-242234665,2,2,train
432,S1-91071098,1,1,train
433,S1-613832629,2,2,train
434,S1-711796943,8,6+,train
435,S1-430518858,2,2,train
436,S1-664638517,4,3-5,train
437,S1-472826715,2,2,train
438,S1-251359856,1,1,validation
439,S1-684991836,3,3-5,train
440,S1-937781530,3,3-5,train
441,S1-468223434,4,3-5,train
442,S1-29020094,6,6+,train
443,S1-164364078,1,1,train
444,S1-613763096,1,1,train
445,S1-119282720,4,3-5,train
446,S1-422821234,4,3-5,train
447,S1-915110405,4,3-5,validation
448,S1-714911230,1,1,train
449,S1-482546085,2,2,train
450,S1-108301724,1,1,train
451,S1-157320150,6,6+,validation
452,S1-883426730,2,2,train
453,S1-937765344,6,6+,train
454,S1-60701964,1,1,validation
455,S1-50491670,1,1,train
456,S1-917990330,2,2,train
457,S1-235036019,3,3-5,train
458,S1-60422910,1,1,train
459,S1-48049082,1,1,train
460,S1-131596512,4,3-5,train
461,S1-727393814,6,6+,validation
462,S1-869544386,1,1,train
463,S1-341279675,6,6+,train
464,S1-448011743,7,6+,train
465,S1-528576714,6,6+,train
466,S1-184600562,6,6+,train
467,S1-842053910,1,1,validation
468,S1-882155467,2,2,train
469,S1-852159793,1,1,train
470,S1-559625277,1,1,train
471,S1-250982466,1,1,train
472,S1-866242875,5,3-5,train
473,S1-538523256,6,6+,train
474,S1-196084308,1,1,train
475,S1-776013404,5,3-5,train
476,S1-661138404,3,3-5,train
477,S1-601798453,6,6+,validation
478,S1-226182978,2,2,train
479,S1-812620941,4,3-5,train
480,S1-519004166,2,2,train
481,S1-219754944,1,1,train
482,S1-175525772,1,1,validation
483,S1-106082991,2,2,validation
484,S1-261603667,1,1,train
485,S1-635009993,4,3-5,train
486,S1-328739789,3,3-5,train
487,S1-886224939,1,1,validation
488,S1-58735848,1,1,train
489,S1-860245960,1,1,train
490,S1-618990838,1,1,validation
491,S1-225287507,6,6+,train
492,S1-829488425,6,6+,train
493,S1-388756498,6,6+,validation
494,S1-267576240,1,1,train
495,S1-418028425,4,3-5,validation
496,S1-695619646,5,3-5,train
497,S1-457123989,2,2,train
498,S1-800202579,1,1,train
499,S1-981743312,4,3-5,train
500,S1-393913561,3,3-5,train
501,S1-449030774,4,3-5,validation
502,S1-487706187,5,3-5,validation
503,S1-58793279,3,3-5,train
504,S1-595645302,1,1,validation
505,S1-576794481,1,1,train
506,S1-727092776,4,3-5,train
507,S1-368162803,6,6+,train
508,S1-658887159,1,1,train
509,S1-193376953,1,1,train
510,S1-136550614,2,2,train
511,S1-227243989,2,2,train
512,S1-494320185,6,6+,train
513,S1-95705878,4,3-5,train
514,S1-710004264,5,3-5,train
515,S1-789882249,2,2,train
516,S1-982916786,5,3-5,train
517,S1-627443949,5,3-5,validation
518,S1-158930861,2,2,train
519,S1-43079406,3,3-5,validation
520,S1-127711522,3,3-5,train
521,S1-303406759,4,3-5,train
522,S1-653207132,1,1,train
523,S1-321825526,2,2,train
524,S1-252122667,2,2,train
525,S1-674348265,2,2,validation
526,S1-552997208,2,2,train
527,S1-282823735,4,3-5,validation
528,S1-131587322,1,1,validation
529,S1-306758637,2,2,train
530,S1-774130535,2,2,train
531,S1-568221271,6,6+,train
532,S1-511044289,1,1,train
533,S1-275123196,7,6+,validation
534,S1-431979176,2,2,train
535,S1-575974509,6,6+,validation
536,S1-683293283,7,6+,train
537,S1-378355204,1,1,train
538,S1-244930419,1,1,validation
539,S1-713972869,6,6+,validation
540,S1-229138872,6,6+,train
541,S1-211578398,2,2,train
542,S1-41652026,6,6+,train
543,S1-685385952,4,3-5,validation
544,S1-841311489,6,6+,train
545,S1-493372152,6,6+,train
546,S1-302909393,2,2,validation
547,S1-36434341,6,6+,train
548,S1-39922820,6,6+,train
549,S1-184741037,1,1,train
550,S1-850733168,2,2,train
551,S1-492297249,7,6+,validation
552,S1-27484205,1,1,train
553,S1-237034557,2,2,train
554,S1-883686555,8,6+,train
555,S1-277749360,3,3-5,train
556,S1-897426678,3,3-5,train
557,S1-525334342,6,6+,train
558,S1-822071386,6,6+,train
559,S1-244420995,2,2,train
560,S1-789755948,6,6+,train
561,S1-547381892,4,3-5,validation
562,S1-216512331,2,2,validation
563,S1-600025984,7,6+,train
564,S1-31738720,7,6+,train
565,S1-685473260,1,1,train
566,S1-914253279,2,2,train
567,S1-754980311,5,3-5,validation
568,S1-448365644,1,1,train
569,S1-871602321,1,1,train
570,S1-758560906,2,2,train
571,S1-320482971,8,6+,train
572,S1-526319034,6,6+,train
573,S1-1546507,2,2,train
574,S1-701366717,6,6+,validation
575,S1-936744564,8,6+,validation
576,S1-72253095,6,6+,train
577,S1-998086807,7,6+,train
578,S1-233037285,4,3-5,train
579,S1-416604819,6,6+,train
580,S1-995453870,4,3-5,train
581,S1-118613048,2,2,train
582,S1-941442245,3,3-5,validation
583,S1-830947882,2,2,train
584,S1-743039270,1,1,train
585,S1-958328226,2,2,train
586,S1-433235913,4,3-5,validation
587,S1-43795313,4,3-5,train
588,S1-48450389,2,2,train
589,S1-483617998,1,1,train
590,S1-122804336,1,1,train
591,S1-675330943,3,3-5,train
592,S1-539225888,5,3-5,validation
593,S1-147563663,8,6+,train
594,S1-53304208,2,2,train
595,S1-752626415,6,6+,train
596,S1-573923600,3,3-5,train
597,S1-994431408,1,1,train
598,S1-597082100,1,1,train
599,S1-772669384,1,1,train
600,S1-387051622,1,1,train
601,S1-904561860,4,3-5,train
602,S1-152682901,6,6+,train
603,S1-169560090,2,2,train
604,S1-518690054,2,2,train
605,S1-976046895,1,1,validation
606,S1-883610300,2,2,train
607,S1-127345654,4,3-5,train
608,S1-504023205,6,6+,train
609,S1-763650415,6,6+,train
610,S1-35546089,5,3-5,train
611,S1-807820467,2,2,validation
612,S1-877132619,1,1,train
613,S1-978494395,2,2,train
614,S1-732916077,1,1,train
615,S1-418107909,3,3-5,train
616,S1-155286402,2,2,validation
617,S1-350016401,2,2,train
618,S1-471448638,3,3-5,train
619,S1-681041035,1,1,validation
620,S1-947598273,2,2,train
621,S1-682158271,1,1,train
622,S1-160133715,6,6+,validation
623,S1-817586497,2,2,train
624,S1-513440237,1,1,train
625,S1-486610265,8,6+,train
626,S1-825258449,2,2,train
627,S1-926456222,2,2,validation
628,S1-484728714,2,2,validation
629,S1-598542518,3,3-5,train
630,S1-166551551,1,1,train
631,S1-765461577,1,1,train
632,S1-448024464,3,3-5,train
633,S1-157607064,2,2,validation
634,S1-603368813,7,6+,train
635,S1-672321612,6,6+,train
636,S1-646264130,2,2,train
637,S1-345304925,4,3-5,train
638,S1-83597351,4,3-5,train
639,S1-837544561,1,1,train
640,S1-500678677,1,1,train
641,S1-514359558,3,3-5,validation
642,S1-866390570,6,6+,validation
643,S1-508279062,2,2,validation
644,S1-463221930,1,1,validation
645,S1-670192642,3,3-5,train
646,S1-625810979,9,6+,train
647,S1-64046750,2,2,train
648,S1-851799228,2,2,train
649,S1-538726180,2,2,train
650,S1-322669336,1,1,validation
651,S1-291073402,6,6+,train
652,S1-260117830,1,1,train
653,S1-669259511,1,1,train
654,S1-215975093,6,6+,train
655,S1-376103241,6,6+,validation
656,S1-29405212,1,1,train
657,S1-437447839,6,6+,train
658,S1-755043524,4,3-5,train
659,S1-496872164,1,1,train
660,S1-306838137,1,1,train
661,S1-731357545,4,3-5,validation
662,S1-247766923,1,1,validation
663,S1-778825181,1,1,validation
664,S1-192836793,5,3-5,train
665,S1-534675431,1,1,train
666,S1-778683091,3,3-5,train
667,S1-442889245,1,1,train
668,S1-537020218,1,1,train
669,S1-725725585,4,3-5,train
670,S1-955103875,6,6+,validation
671,S1-825081206,6,6+,train
672,S1-484223922,6,6+,train
673,S1-365225613,4,3-5,train
674,S1-602436070,6,6+,validation
675,S1-8228041,6,6+,train
676,S1-102220094,1,1,train
677,S1-962309419,2,2,train
678,S1-290151219,2,2,train
679,S1-825702181,2,2,train
680,S1-527623828,1,1,train
681,S1-554088641,1,1,train
682,S1-413991672,5,3-5,validation
683,S1-483991433,4,3-5,train
684,S1-767773395,2,2,train
685,S1-477901499,6,6+,train
686,S1-697654915,4,3-5,train
687,S1-681100809,1,1,train
688,S1-122319199,6,6+,train
689,S1-709456316,1,1,validation
690,S1-913698717,7,6+,validation
691,S1-919713342,2,2,train
692,S1-236525682,1,1,train
693,S1-805245951,7,6+,train
694,S1-853547895,6,6+,train
695,S1-519824415,2,2,validation
696,S1-174869868,5,3-5,train
697,S1-857254044,2,2,train
698,S1-165005031,6,6+,train
699,S1-769861339,1,1,train
700,S1-892280365,4,3-5,train
701,S1-821216947,6,6+,train
702,S1-554828661,6,6+,validation
703,S1-182187299,7,6+,validation
704,S1-414245720,2,2,train
705,S1-152271819,7,6+,train
706,S1-337842604,4,3-5,train
707,S1-548437755,5,3-5,train
708,S1-445789311,1,1,train
709,S1-696413849,3,3-5,train
710,S1-599443413,6,6+,train
711,S1-553621336,1,1,train
712,S1-648363067,4,3-5,train
713,S1-119244642,1,1,train
714,S1-718442751,7,6+,train
715,S1-435713198,6,6+,train
716,S1-794737326,2,2,validation
717,S1-155127900,4,3-5,train
718,S1-938892153,6,6+,train
719,S1-811584721,7,6+,train
720,S1-609203500,7,6+,validation
721,S1-693897480,4,3-5,train
722,S1-562720955,3,3-5,validation
723,S1-576724787,1,1,train
724,S1-715859635,8,6+,train
725,S1-240729676,2,2,train
726,S1-761281539,6,6+,train
727,S1-408335144,2,2,validation
728,S1-909322791,2,2,train
729,S1-696610523,2,2,train
730,S1-23656226,6,6+,train
731,S1-212092404,3,3-5,train
732,S1-75790712,1,1,train
733,S1-975604,9,6+,train
734,S1-751767631,2,2,train
735,S1-904412118,1,1,train
736,S1-670851327,1,1,train
737,S1-424363388,2,2,validation
738,S1-108113823,2,2,train
739,S1-838802055,7,6+,train
740,S1-828451545,3,3-5,validation
741,S1-361672143,1,1,train
742,S1-889740019,1,1,validation
743,S1-75602535,2,2,train
744,S1-657582069,1,1,train
745,S1-264880408,1,1,train
746,S1-848661659,4,3-5,train
747,S1-405756474,2,2,train
748,S1-218718407,2,2,train
749,S1-173120673,7,6+,train
750,S1-375923225,6,6+,train
751,S1-947528816,1,1,train
752,S1-819385839,3,3-5,train
753,S1-147632831,6,6+,train
754,S1-986097886,2,2,validation
755,S1-210886270,4,3-5,validation
756,S1-443267001,1,1,train
757,S1-817072892,3,3-5,train
758,S1-412735587,1,1,train
759,S1-191740851,6,6+,train
760,S1-839461589,2,2,train
761,S1-826629884,2,2,validation
762,S1-651766459,2,2,train
763,S1-341474200,4,3-5,train
764,S1-964171549,1,1,validation
765,S1-380349726,6,6+,train
766,S1-988455669,1,1,train
767,S1-958702531,7,6+,validation
768,S1-594791977,2,2,train
769,S1-152627595,2,2,train
770,S1-689371808,9,6+,train
771,S1-952835064,2,2,train
772,S1-387705722,7,6+,train
773,S1-918320154,1,1,train
774,S1-222480166,2,2,train
775,S1-671872030,5,3-5,train
776,S1-929930529,2,2,train
777,S1-731617546,2,2,train
778,S1-352432683,6,6+,train
779,S1-827674432,3,3-5,train
780,S1-958530122,2,2,validation
781,S1-423256624,5,3-5,validation
782,S1-759946134,6,6+,train
783,S1-412781674,3,3-5,train
784,S1-969136696,6,6+,train
785,S1-146299073,5,3-5,train
786,S1-898517171,6,6+,train
787,S1-982595205,3,3-5,validation
788,S1-378037417,1,1,validation
789,S1-62928617,3,3-5,train
790,S1-69536557,6,6+,train
791,S1-112938301,6,6+,validation
792,S1-961262928,7,6+,train
793,S1-633468365,1,1,validation
794,S1-262768143,1,1,train
795,S1-637961311,2,2,train
796,S1-623449902,7,6+,validation
797,S1-498483128,6,6+,train
798,S1-900767988,1,1,train
799,S1-286133775,1,1,train
800,S1-229752073,3,3-5,train
801,S1-25678825,6,6+,train
802,S1-777589210,4,3-5,train
803,S1-971568219,2,2,train
804,S1-721318716,2,2,train
805,S1-346833280,2,2,train
806,S1-848899618,2,2,train
807,S1-876471513,5,3-5,train
808,S1-235311059,3,3-5,train
809,S1-979523625,1,1,train
810,S1-160603978,1,1,train
811,S1-928421854,1,1,train
812,S1-10226354,1,1,validation
813,S1-724382399,6,6+,train
814,S1-804641501,6,6+,train
815,S1-116183575,1,1,train
816,S1-889587513,3,3-5,train
817,S1-530533709,5,3-5,train
818,S1-432677456,6,6+,train
819,S1-511479542,1,1,train
820,S1-521723868,1,1,validation
821,S1-326501744,5,3-5,validation
822,S1-767723361,6,6+,validation
823,S1-868505464,2,2,train
824,S1-316964409,3,3-5,train
825,S1-742906295,6,6+,train
826,S1-144349552,3,3-5,train
827,S1-365740595,5,3-5,train
828,S1-973160179,1,1,validation
829,S1-97581034,6,6+,train
830,S1-964121957,6,6+,train
831,S1-967829292,1,1,validation
832,S1-451696312,4,3-5,train
833,S1-284446147,4,3-5,train
834,S1-272950006,2,2,validation
835,S1-911996117,2,2,train
836,S1-570496077,4,3-5,train
837,S1-56096739,3,3-5,validation
838,S1-824031083,7,6+,train
839,S1-371942248,3,3-5,train
840,S1-918038176,8,6+,train
841,S1-143654907,6,6+,train
842,S1-497617437,3,3-5,train
843,S1-994675423,1,1,train
844,S1-216756474,7,6+,train
845,S1-119130608,6,6+,validation
846,S1-753923134,2,2,train
847,S1-268367508,6,6+,train
848,S1-481767344,6,6+,validation
849,S1-580754968,5,3-5,train
850,S1-772429261,2,2,train
851,S1-165733386,6,6+,train
852,S1-998185825,1,1,train
853,S1-695962546,1,1,train
854,S1-961135122,5,3-5,train
855,S1-661265110,1,1,validation
856,S1-735002854,1,1,train
857,S1-248851062,4,3-5,train
858,S1-308672895,1,1,train
859,S1-598381057,3,3-5,train
860,S1-862497551,6,6+,train
861,S1-341849231,1,1,train
862,S1-132190793,8,6+,validation
863,S1-744791365,5,3-5,train
864,S1-680458311,2,2,train
865,S1-615141729,2,2,train
866,S1-747923624,7,6+,validation
867,S1-664530334,1,1,train
868,S1-324582363,1,1,train
869,S1-34855882,2,2,train
870,S1-990685449,6,6+,train
871,S1-223405264,1,1,train
872,S1-617365248,1,1,train
873,S1-908030885,5,3-5,train
874,S1-583656122,6,6+,train
875,S1-193330402,4,3-5,train
876,S1-560474339,1,1,train
877,S1-752986795,3,3-5,train
878,S1-768934606,8,6+,validation
879,S1-956278334,1,1,train
880,S1-541489331,4,3-5,train
881,S1-551948243,4,3-5,train
882,S1-918287237,1,1,train
883,S1-273843470,1,1,train
884,S1-209776733,2,2,train
885,S1-78268878,6,6+,train
886,S1-291797419,4,3-5,train
887,S1-520421007,1,1,train
888,S1-45607063,1,1,train
889,S1-699863184,2,2,validation
890,S1-383037442,4,3-5,validation
891,S1-817089811,2,2,train
892,S1-987628206,6,6+,train
893,S1-716236697,1,1,train
894,S1-303280953,4,3-5,validation
895,S1-137682971,7,6+,train
896,S1-358366940,2,2,train
897,S1-252121861,1,1,train
898,S1-911629592,1,1,train
899,S1-552899163,1,1,train
900,S1-712965801,2,2,train
901,S1-347604732,1,1,train
902,S1-628242537,1,1,validation
903,S1-661651735,1,1,train
904,S1-839510184,6,6+,train
905,S1-522529710,2,2,train
906,S1-49319470,5,3-5,train
907,S1-825589646,2,2,train
908,S1-869690488,1,1,train
909,S1-544226518,1,1,train
910,S1-487912217,6,6+,validation
911,S1-116739097,4,3-5,validation
912,S1-46506456,4,3-5,validation
913,S1-566471548,6,6+,train
914,S1-371623594,1,1,train
915,S1-430322347,3,3-5,train
916,S1-10933219,1,1,train
917,S1-473718430,3,3-5,train
918,S1-907413777,1,1,train
919,S1-166820303,5,3-5,train
920,S1-271821450,1,1,train
921,S1-709450585,1,1,train
922,S1-65717135,1,1,validation
923,S1-277382907,6,6+,train
924,S1-609772105,4,3-5,train
925,S1-807499574,2,2,train
926,S1-270559303,1,1,train
927,S1-618206456,2,2,train
928,S1-967846434,3,3-5,train
929,S1-265287489,2,2,train
930,S1-742745295,6,6+,train
931,S1-183926446,3,3-5,train
932,S1-558301415,6,6+,train
933,S1-943330616,1,1,train
934,S1-1336288,6,6+,train
935,S1-301399114,9,6+,train
936,S1-800992800,6,6+,train
937,S1-308624795,1,1,train
938,S1-673607048,3,3-5,train
939,S1-794641226,2,2,train
940,S1-226094134,2,2,train
941,S1-844417701,1,1,train
942,S1-778353037,2,2,train
943,S1-499452488,1,1,train
944,S1-868275771,2,2,train
945,S1-576731421,2,2,train
946,S1-608341038,1,1,train
947,S1-966069549,3,3-5,train
948,S1-275568333,6,6+,train
949,S1-146678216,2,2,validation
950,S1-923748873,6,6+,train
951,S1-576834750,1,1,validation
952,S1-330055842,1,1,train
953,S1-552056786,5,3-5,train
954,S1-903813200,1,1,train
955,S1-635699047,4,3-5,train
956,S1-695872196,1,1,train
957,S1-3091595,4,3-5,validation
958,S1-874689419,1,1,validation
959,S1-768711116,1,1,train
960,S1-176975724,1,1,train
961,S1-236893075,2,2,train
962,S1-821184367,1,1,train
963,S1-943135528,3,3-5,train
964,S1-738637324,9,6+,validation
965,S1-81012011,3,3-5,validation
966,S1-541714156,3,3-5,train
967,S1-375759145,3,3-5,train
968,S1-816836288,6,6+,train
969,S1-720611741,5,3-5,train
970,S1-771261007,6,6+,train
971,S1-513150233,6,6+,validation
972,S1-92172572,1,1,train
973,S1-788280370,1,1,train
974,S1-25758398,7,6+,train
975,S1-799688574,1,1,train
976,S1-676123250,1,1,train
977,S1-17903415,4,3-5,validation
978,S1-316193273,2,2,train
979,S1-938471078,1,1,validation
980,S1-465304007,6,6+,train
981,S1-364347299,2,2,train
982,S1-463773230,7,6+,train
983,S1-117553494,7,6+,validation
984,S1-47132167,6,6+,train
985,S1-203184783,1,1,train
986,S1-693712804,6,6+,train
987,S1-64095164,1,1,train
988,S1-60558773,2,2,train
989,S1-647984170,9,6+,train
990,S1-536309151,7,6+,validation
991,S1-911427275,6,6+,train
992,S1-80518653,4,3-5,train
993,S1-368224092,1,1,train
994,S1-814956477,2,2,validation
995,S1-827662160,2,2,train
996,S1-132574198,3,3-5,train
997,S1-763406995,2,2,train
998,S1-442302837,1,1,train
999,S1-466489413,6,6+,train
1000,S1-886503777,2,2,validation
1001,S1-15096534,2,2,train
1002,S1-996138745,1,1,train
1003,S1-709669260,1,1,train
1004,S1-273493644,7,6+,train
1005,S1-23428263,6,6+,train
1006,S1-797769932,4,3-5,train
1007,S1-292803216,7,6+,train
1008,S1-789858779,2,2,train
1009,S1-36127734,4,3-5,train
1010,S1-287450912,1,1,train
1011,S1-264584555,2,2,train
1012,S1-452204534,2,2,train
1013,S1-806959894,1,1,train
1014,S1-852897095,4,3-5,validation
1015,S1-335053811,7,6+,train
1016,S1-267651940,1,1,validation
1017,S1-96701426,2,2,train
1018,S1-235837384,5,3-5,train
1019,S1-539501096,1,1,train
1020,S1-838875640,5,3-5,train
1021,S1-586511211,8,6+,train
1022,S1-972937163,1,1,validation
1023,S1-681814857,1,1,train
1024,S1-916683125,6,6+,train
1025,S1-646974807,6,6+,train
1026,S1-890068278,5,3-5,validation
1027,S1-353153244,4,3-5,train
1028,S1-261485818,1,1,train
1029,S1-820496317,4,3-5,train
1030,S1-685558343,2,2,train
1031,S1-901323762,1,1,train
1032,S1-756353353,4,3-5,train
1033,S1-907838365,3,3-5,train
1034,S1-826196644,6,6+,train
1035,S1-251698975,2,2,train
1036,S1-991233944,2,2,train
1037,S1-735120498,1,1,validation
1038,S1-101458428,1,1,train
1039,S1-866340981,6,6+,validation
1040,S1-101120494,1,1,train
1041,S1-18153789,4,3-5,train
1042,S1-297716629,3,3-5,train
1043,S1-735849166,6,6+,validation
1044,S1-197364759,1,1,train
1045,S1-765868240,2,2,train
1046,S1-185727571,2,2,train
1047,S1-260297310,6,6+,train
1048,S1-221493428,1,1,train
1049,S1-445735155,2,2,train
1050,S1-243216192,4,3-5,train
1051,S1-192357643,3,3-5,train
1052,S1-508069298,1,1,train
1053,S1-749369812,1,1,train
1054,S1-918152402,1,1,train
1055,S1-989623000,1,1,train
1056,S1-995298786,2,2,validation
1057,S1-343816869,3,3-5,train
1058,S1-147428838,4,3-5,train
1059,S1-897679378,6,6+,train
1060,S1-417671985,1,1,train
1061,S1-64819173,3,3-5,train
1062,S1-536995451,2,2,train
1063,S1-954964807,6,6+,train
1064,S1-385882337,1,1,train
1065,S1-236005225,4,3-5,train
1066,S1-752141216,1,1,train
1067,S1-487380478,6,6+,train
1068,S1-958235969,2,2,train
1069,S1-471105563,5,3-5,train
1070,S1-142214828,1,1,train
1071,S1-859470815,2,2,train
1072,S1-399207289,6,6+,validation
1073,S1-243600551,2,2,train
1074,S1-205078968,2,2,train
1075,S1-503295813,1,1,train
1076,S1-37172560,7,6+,train
1077,S1-816831876,2,2,train
1078,S1-117375013,4,3-5,train
1079,S1-669607745,2,2,train
1080,S1-301240535,2,2,train
1081,S1-608861041,2,2,validation
1082,S1-652130065,1,1,train
1083,S1-739857896,6,6+,validation
1084,S1-120938307,4,3-5,train
1085,S1-699835475,3,3-5,validation
1086,S1-514094189,2,2,train
1087,S1-359706789,5,3-5,train
1088,S1-379535039,2,2,train
1089,S1-210492082,1,1,train
1090,S1-376707483,4,3-5,validation
1091,S1-745620858,1,1,validation
1092,S1-145968352,1,1,train
1093,S1-46893848,6,6+,train
1094,S1-664282482,7,6+,train
1095,S1-408779612,2,2,validation
1096,S1-219350030,6,6+,validation
1097,S1-463402821,2,2,train
1098,S1-869039937,2,2,train
1099,S1-861931076,1,1,train
1100,S1-401818186,2,2,train
1101,S1-436068074,2,2,train
1102,S1-46838294,6,6+,train
1103,S1-463716118,8,6+,validation
1104,S1-195984334,2,2,train
1105,S1-890823887,2,2,validation
1106,S1-528535762,2,2,train
1107,S1-408498062,2,2,train
1108,S1-669367761,4,3-5,train
1109,S1-130006356,5,3-5,validation
1110,S1-147598013,2,2,train
1111,S1-148487455,4,3-5,train
1112,S1-909566317,6,6+,train
1113,S1-968844027,2,2,validation
1114,S1-124809550,1,1,train
1115,S1-381396029,2,2,validation
1116,S1-275404489,7,6+,train
1117,S1-613491985,2,2,train
1118,S1-466656730,6,6+,train
1119,S1-646394425,2,2,train
1120,S1-554219092,4,3-5,train
1121,S1-686402579,2,2,train
1122,S1-395089031,3,3-5,train
1123,S1-763496267,2,2,train
1124,S1-964576652,5,3-5,train
1125,S1-206946116,4,3-5,validation
1126,S1-589222541,5,3-5,train
1127,S1-85749037,1,1,train
1128,S1-115659068,2,2,train
1129,S1-373882086,7,6+,train
1130,S1-788041324,2,2,train
1131,S1-479425985,2,2,train
1132,S1-312522025,3,3-5,train
1133,S1-830141489,6,6+,train
1134,S1-340539199,2,2,train
1135,S1-211938096,2,2,train
1136,S1-571962005,2,2,train
1137,S1-554944945,2,2,validation
1138,S1-308421929,6,6+,train
1139,S1-655170789,3,3-5,train
1140,S1-868937193,7,6+,train
1141,S1-405123069,3,3-5,train
1142,S1-854441515,7,6+,train
1143,S1-554558976,3,3-5,train
1144,S1-382588731,2,2,train
1145,S1-780240718,2,2,validation
1146,S1-917091907,1,1,train
1147,S1-543983902,7,6+,train
1148,S1-442571574,6,6+,train
1149,S1-355529170,5,3-5,train
1150,S1-278341393,1,1,train
1151,S1-950978559,3,3-5,validation
1152,S1-522320602,1,1,train
1153,S1-107542281,2,2,train
1154,S1-93349869,6,6+,train
1155,S1-895676801,1,1,train
1156,S1-917015223,2,2,train
1157,S1-183760590,6,6+,train
1158,S1-634658287,5,3-5,train
1159,S1-418227719,5,3-5,train
1160,S1-90140583,1,1,validation
1161,S1-527278000,1,1,train
1162,S1-3222824,7,6+,train
1163,S1-17911285,3,3-5,validation
1164,S1-349564670,1,1,train
1165,S1-742275412,6,6+,validation
1166,S1-72569045,2,2,validation
1167,S1-157046838,1,1,train
1168,S1-6720944,7,6+,train
1169,S1-108598145,1,1,train
1170,S1-547456245,5,3-5,train
1171,S1-745068059,4,3-5,train
1172,S1-515159389,8,6+,train
1173,S1-384690487,2,2,train
1174,S1-60299340,2,2,train
1175,S1-684222447,2,2,validation
1176,S1-279307544,2,2,train
1177,S1-109668041,7,6+,train
1178,S1-157892886,6,6+,train
1179,S1-650490254,2,2,train
1180,S1-794488722,2,2,train
1181,S1-552967531,1,1,train
1182,S1-593437432,6,6+,train
1183,S1-984689628,4,3-5,train
1184,S1-89975278,2,2,train
1185,S1-607646840,1,1,train
1186,S1-767894405,1,1,train
1187,S1-943144193,2,2,train
1188,S1-646657730,4,3-5,train
1189,S1-465830454,6,6+,train
1190,S1-184575367,3,3-5,validation
1191,S1-319623568,2,2,train
1192,S1-318221268,8,6+,train
1193,S1-918838609,1,1,validation
1194,S1-782505093,4,3-5,train
1195,S1-142353255,1,1,train
1196,S1-870779174,1,1,train
1197,S1-63461951,1,1,train
1198,S1-544416893,6,6+,train
1199,S1-561078401,4,3-5,train
1200,S1-792879855,1,1,train
1201,S1-556595513,1,1,train
1202,S1-236901060,1,1,train
1203,S1-892947730,4,3-5,train
1204,S1-878402297,2,2,train
1205,S1-158704798,5,3-5,train
1206,S1-286872141,6,6+,train
1207,S1-465168971,2,2,train
1208,S1-84486547,2,2,train
1209,S1-445190687,1,1,train
1210,S1-735995140,6,6+,validation
1211,S1-659450434,4,3-5,validation
1212,S1-13320255,3,3-5,train
1213,S1-266868463,1,1,train
1214,S1-9752908,2,2,train
1215,S1-336102537,1,1,train
1216,S1-995801594,3,3-5,train
1217,S1-591817692,7,6+,train
1218,S1-244433281,1,1,train
1219,S1-603520729,3,3-5,train
1220,S1-54989341,6,6+,train
1221,S1-974775007,6,6+,train
1222,S1-574020053,1,1,train
1223,S1-699476681,1,1,train
1224,S1-239816658,2,2,train
1225,S1-36010238,1,1,train
1226,S1-759625979,6,6+,train
1227,S1-225359620,7,6+,train
1228,S1-354336608,2,2,train
1229,S1-696742393,5,3-5,train
1230,S1-697157906,2,2,validation
1231,S1-444827471,6,6+,validation
1232,S1-769376953,7,6+,validation
1233,S1-919629126,1,1,train
1234,S1-771578021,7,6+,train
1235,S1-163540095,1,1,train
1236,S1-655657043,1,1,validation
1237,S1-662112384,6,6+,train
1238,S1-339063731,3,3-5,train
1239,S1-608071405,4,3-5,train
1240,S1-4897246,1,1,train
1241,S1-47542297,2,2,train
1242,S1-409041902,6,6+,train
1243,S1-262258130,3,3-5,train
1244,S1-926738151,6,6+,train
1245,S1-212186368,2,2,train
1246,S1-953930164,5,3-5,validation
1247,S1-232018359,2,2,train
1248,S1-64520490,6,6+,train
1249,S1-401069578,1,1,train
1250,S1-419811158,1,1,train
1251,S1-136176160,2,2,train
1252,S1-186971519,3,3-5,train
1253,S1-404739036,2,2,validation
1254,S1-689349801,6,6+,validation
1255,S1-466485905,1,1,train
1256,S1-485005589,3,3-5,validation
1257,S1-659604934,7,6+,train
1258,S1-746594235,5,3-5,train
1259,S1-313068801,2,2,train
1260,S1-104873844,2,2,train
1261,S1-556896534,1,1,train
1262,S1-71241025,4,3-5,train
1263,S1-702482218,2,2,train
1264,S1-745854619,2,2,train
1265,S1-92827570,2,2,train
1266,S1-66996740,1,1,train
1267,S1-217781684,6,6+,train
1268,S1-895584113,7,6+,train
1269,S1-883084598,6,6+,train
1270,S1-128676932,2,2,train
1271,S1-847443798,1,1,train
1272,S1-131739835,2,2,validation
1273,S1-726034983,6,6+,train
1274,S1-980447949,7,6+,train
1275,S1-955253579,1,1,train
1276,S1-468242879,2,2,train
1277,S1-52714094,2,2,train
1278,S1-190564152,1,1,train
1279,S1-180600062,3,3-5,validation
1280,S1-815307384,1,1,train
1281,S1-44045458,1,1,train
1282,S1-594148774,5,3-5,train
1283,S1-564356812,4,3-5,train
1284,S1-279363484,5,3-5,train
1285,S1-104816395,2,2,train
1286,S1-327171864,1,1,train
1287,S1-902611444,5,3-5,train
1288,S1-58299293,1,1,validation
1289,S1-264449092,2,2,train
1290,S1-47938067,2,2,train
1291,S1-95923346,6,6+,train
1292,S1-106882088,2,2,train
1293,S1-22383520,1,1,train
1294,S1-358135757,1,1,train
1295,S1-234913018,2,2,train
1296,S1-826997944,6,6+,validation
1297,S1-170168165,7,6+,train
1298,S1-816515470,5,3-5,train
1299,S1-146762607,7,6+,train
1300,S1-250963877,2,2,train
1301,S1-533969006,4,3-5,train
1302,S1-142821661,7,6+,train
1303,S1-194850157,2,2,train
1304,S1-665546872,3,3-5,train
1305,S1-637882952,1,1,train
1306,S1-273376031,2,2,train
1307,S1-514870973,1,1,train
1308,S1-437666575,2,2,train
1309,S1-152724833,2,2,train
1310,S1-321937574,1,1,validation
1311,S1-918549689,5,3-5,train
1312,S1-288647377,3,3-5,train
1313,S1-802725467,2,2,train
1314,S1-588208203,1,1,train
1315,S1-818933837,4,3-5,validation
1316,S1-825390694,7,6+,train
1317,S1-268524303,2,2,train
1318,S1-396918511,3,3-5,train
1319,S1-651955876,1,1,validation
1320,S1-425278099,2,2,train
1321,S1-784693677,3,3-5,train
1322,S1-871981932,1,1,train
1323,S1-57664859,3,3-5,train
1324,S1-825195733,1,1,train
1325,S1-151922964,1,1,train
1326,S1-88405046,6,6+,train
1327,S1-511307207,3,3-5,train
1328,S1-583402846,1,1,train
1329,S1-682961092,7,6+,train
1330,S1-818476722,3,3-5,train
1331,S1-782834593,2,2,train
1332,S1-468310677,2,2,train
1333,S1-68349134,1,1,train
1334,S1-973771616,1,1,train
1335,S1-256497662,2,2,validation
1336,S1-673235727,6,6+,train
1337,S1-126171225,5,3-5,train
1338,S1-124582982,7,6+,train
1339,S1-859600791,4,3-5,train
1340,S1-657186999,3,3-5,train
1341,S1-784549165,3,3-5,train
1342,S1-240722841,4,3-5,train
1343,S1-897846363,2,2,train
1344,S1-58998004,2,2,train
1345,S1-386701857,5,3-5,train
1346,S1-378887387,2,2,train
1347,S1-188093831,1,1,train
1348,S1-616257353,4,3-5,train
1349,S1-125399326,7,6+,train
1350,S1-683504384,7,6+,validation
1351,S1-902550187,8,6+,train
1352,S1-146871219,1,1,train
1353,S1-532160473,6,6+,train
1354,S1-78549990,1,1,train
1355,S1-934024872,6,6+,train
1356,S1-847646784,3,3-5,train
1357,S1-618739380,4,3-5,train
1358,S1-469732584,1,1,train
1359,S1-856127395,2,2,validation
1360,S1-40037505,2,2,train
1361,S1-90760214,2,2,validation
1362,S1-776585956,8,6+,train
1363,S1-9006550,6,6+,train
1364,S1-783148138,6,6+,train
1365,S1-818360330,1,1,train
1366,S1-105555430,6,6+,train
1367,S1-276278602,4,3-5,train
1368,S1-315662644,1,1,train
1369,S1-352673420,1,1,train
1370,S1-445461281,4,3-5,train
1371,S1-438043807,3,3-5,train
1372,S1-732211485,2,2,train
1373,S1-513009133,1,1,train
1374,S1-770402470,6,6+,train
1375,S1-48083819,1,1,train
1376,S1-202935301,2,2,train
1377,S1-174539885,5,3-5,train
1378,S1-581928095,1,1,train
1379,S1-689965579,4,3-5,train
1380,S1-479458507,3,3-5,validation
1381,S1-852379071,6,6+,train
1382,S1-787132916,1,1,train
1383,S1-842786955,1,1,train
1384,S1-530797143,4,3-5,validation
1385,S1-459907815,4,3-5,train
1386,S1-220612572,2,2,train
1387,S1-829162268,7,6+,train
1388,S1-98311617,1,1,validation
1389,S1-36570312,2,2,train
1390,S1-726974073,2,2,validation
1391,S1-41236962,6,6+,validation
1392,S1-72942551,1,1,train
1393,S1-70667266,4,3-5,train
1394,S1-337030440,1,1,train
1395,S1-631918814,8,6+,train
1396,S1-569495393,1,1,train
1397,S1-380008287,2,2,validation
1398,S1-850949673,2,2,train
1399,S1-385525350,3,3-5,validation
1400,S1-608960173,7,6+,validation
1401,S1-346215679,3,3-5,train
1402,S1-350078932,1,1,train
1403,S1-699682085,1,1,train
1404,S1-717119194,2,2,train
1405,S1-231564869,1,1,train
1406,S1-450445482,2,2,train
1407,S1-510890056,2,2,validation
1408,S1-801240555,1,1,train
1409,S1-228116067,5,3-5,train
1410,S1-484485120,7,6+,train
1411,S1-704584237,5,3-5,train
1412,S1-447511515,3,3-5,train
1413,S1-335427687,1,1,train
1414,S1-127465498,3,3-5,train
1415,S1-565639525,6,6+,train
1416,S1-176020217,7,6+,train
1417,S1-100053007,2,2,train
1418,S1-913494383,1,1,train
1419,S1-885492373,4,3-5,train
1420,S1-75725447,1,1,train
1421,S1-998014069,7,6+,train
1422,S1-816789578,3,3-5,train
1423,S1-230851905,2,2,train
1424,S1-246544448,4,3-5,train
1425,S1-355133849,1,1,train
1426,S1-865904161,1,1,train
1427,S1-379066608,2,2,train
1428,S1-755797687,4,3-5,train
1429,S1-244251713,6,6+,train
1430,S1-877108954,5,3-5,train
1431,S1-86186662,9,6+,train
1432,S1-840896992,6,6+,validation
1433,S1-673256212,5,3-5,train
1434,S1-468950979,6,6+,train
1435,S1-278279945,7,6+,train
1436,S1-395401154,2,2,train
1437,S1-727414334,3,3-5,train
1438,S1-626663162,2,2,train
1439,S1-149815324,2,2,train
1440,S1-365874611,4,3-5,train
1441,S1-89651290,4,3-5,train
1442,S1-182443824,1,1,validation
1443,S1-488571099,1,1,train
1444,S1-792086668,1,1,train
1445,S1-744745789,6,6+,train
1446,S1-599137382,2,2,train
1447,S1-114213154,7,6+,validation
1448,S1-657140569,5,3-5,validation
1449,S1-341634892,7,6+,train
1450,S1-480567858,2,2,train
1451,S1-96972060,2,2,train
1452,S1-861236781,2,2,train
1453,S1-668033796,2,2,train
1454,S1-265931033,2,2,train
1455,S1-291681443,4,3-5,train
1456,S1-451337741,4,3-5,train
1457,S1-463001178,2,2,train
1458,S1-91463602,1,1,train
1459,S1-66643851,6,6+,train
1460,S1-364701117,1,1,train
1461,S1-884354532,2,2,validation
1462,S1-531806810,4,3-5,train
1463,S1-571199994,6,6+,train
1464,S1-152170476,1,1,train
1465,S1-107416340,6,6+,train
1466,S1-996881216,6,6+,validation
1467,S1-128603622,1,1,train
1468,S1-802590947,2,2,train
1469,S1-679580622,9,6+,train
1470,S1-21791672,2,2,train
1471,S1-850086797,1,1,train
1472,S1-103755710,1,1,train
1473,S1-856263976,1,1,validation
1474,S1-415829665,6,6+,train
1475,S1-967000109,2,2,train
1476,S1-550539597,6,6+,train
1477,S1-635466493,2,2,train
1478,S1-33022002,2,2,train
1479,S1-421435865,6,6+,validation
1480,S1-824480206,2,2,train
1481,S1-352198688,2,2,train
1482,S1-571079664,4,3-5,train
1483,S1-227079970,1,1,validation
1484,S1-878379021,2,2,train
1485,S1-318100586,7,6+,train
1486,S1-700465526,7,6+,validation
1487,S1-932751397,1,1,train
1488,S1-280178322,6,6+,train
1489,S1-275017220,2,2,validation
1490,S1-895299412,1,1,train
1491,S1-989877052,4,3-5,train
1492,S1-596650375,1,1,train
1493,S1-101750584,2,2,train
1494,S1-527943950,6,6+,train
1495,S1-69976737,1,1,train
1496,S1-569478775,3,3-5,train
1497,S1-518323728,3,3-5,validation
1498,S1-150756526,3,3-5,train
1499,S1-58424451,2,2,train
1500,S1-672114842,7,6+,train
1501,S1-844200775,2,2,train
1502,S1-150739404,6,6+,train
1503,S1-317561706,5,3-5,train
1504,S1-545775869,1,1,train
1505,S1-461325295,8,6+,train
1506,S1-269500822,4,3-5,train
1507,S1-22259924,2,2,train
1508,S1-634717065,9,6+,train
1509,S1-751144077,4,3-5,train
1510,S1-448432836,1,1,train
1511,S1-562654931,5,3-5,train
1512,S1-664775844,7,6+,train
1513,S1-673822645,1,1,train
1514,S1-765803740,1,1,train
1515,S1-897621753,2,2,train
1516,S1-541146490,6,6+,train
1517,S1-524896871,1,1,train
1518,S1-609698634,2,2,train
1519,S1-537367352,6,6+,train
1520,S1-953445907,3,3-5,train
1521,S1-543009015,1,1,train
1522,S1-641296273,4,3-5,train
1523,S1-229128515,2,2,train
1524,S1-936966173,1,1,train
1525,S1-194509639,2,2,train
1526,S1-509275215,6,6+,train
1527,S1-881763144,6,6+,train
1528,S1-79137297,3,3-5,validation
1529,S1-454877496,7,6+,train
1530,S1-751740894,1,1,validation
1531,S1-636246413,1,1,validation
1532,S1-988906815,3,3-5,validation
1533,S1-588260570,1,1,train
1534,S1-181564489,2,2,train
1535,S1-236746621,3,3-5,train
1536,S1-77144009,1,1,train
1537,S1-7097977,2,2,train
1538,S1-892866063,1,1,validation
1539,S1-365860319,2,2,train
1540,S1-509907253,1,1,validation
1541,S1-706172441,1,1,validation
1542,S1-795458916,4,3-5,train
1543,S1-935841203,5,3-5,train
1544,S1-287003817,4,3-5,train
1545,S1-294719135,2,2,train
1546,S1-319983270,3,3-5,train
1547,S1-857824745,5,3-5,train
1548,S1-351612308,1,1,train
1549,S1-374201585,3,3-5,train
1550,S1-769603128,2,2,validation
1551,S1-122102804,4,3-5,validation
1552,S1-692421884,1,1,validation
1553,S1-160581838,2,2,train
1554,S1-381970632,2,2,train
1555,S1-643185566,6,6+,validation
1556,S1-141739535,6,6+,validation
1557,S1-619627653,2,2,train
1558,S1-475970178,2,2,train
1559,S1-391460256,2,2,train
1560,S1-395910855,1,1,validation
1561,S1-826609493,2,2,train
1562,S1-366519795,7,6+,train
1563,S1-862884361,3,3-5,train
1564,S1-713268735,5,3-5,train
1565,S1-359849957,1,1,train
1566,S1-641374355,2,2,train
1567,S1-394709022,4,3-5,train
1568,S1-226626086,2,2,train
1569,S1-958072004,7,6+,train
1570,S1-683948759,2,2,validation
1571,S1-76746021,1,1,train
1572,S1-367803336,7,6+,train
1573,S1-587401797,2,2,train
1574,S1-845272321,6,6+,train
1575,S1-983138779,8,6+,train
1576,S1-6413290,3,3-5,validation
1577,S1-371649542,7,6+,train
1578,S1-277759769,7,6+,train
1579,S1-168353465,3,3-5,train
1580,S1-680356898,1,1,validation
1581,S1-428643413,6,6+,train
1582,S1-629768600,1,1,train
1583,S1-703651297,1,1,train
1584,S1-969787813,2,2,train
1585,S1-778853247,5,3-5,validation
1586,S1-77298507,1,1,train
1587,S1-25751038,6,6+,train
1588,S1-364431155,3,3-5,train
1589,S1-355916040,2,2,train
1590,S1-297077255,6,6+,validation
1591,S1-355017224,1,1,train
1592,S1-360468912,2,2,train
1593,S1-393956617,3,3-5,train
1594,S1-909190177,2,2,validation
1595,S1-669316507,2,2,validation
1596,S1-984862208,1,1,train
1597,S1-151984607,3,3-5,train
1598,S1-21174479,3,3-5,train
1599,S1-989673465,2,2,train
1600,S1-132854259,1,1,train
1601,S1-431502806,2,2,train
1602,S1-117449404,2,2,train
1603,S1-564056327,1,1,train
1604,S1-197028615,2,2,train
1605,S1-138639825,2,2,train
1606,S1-223213046,2,2,train
1607,S1-666986822,5,3-5,train
1608,S1-251575993,2,2,validation
1609,S1-815257510,3,3-5,train
1610,S1-838745256,4,3-5,train
1611,S1-42236507,2,2,train
1612,S1-470693015,2,2,train
1613,S1-255893453,7,6+,train
1614,S1-736663336,7,6+,train
1615,S1-755549607,1,1,train
1616,S1-652110249,4,3-5,train
1617,S1-31078958,6,6+,train
1618,S1-677927219,2,2,train
1619,S1-36796565,5,3-5,train
1620,S1-803634228,6,6+,train
1621,S1-550200331,7,6+,train
1622,S1-206498248,2,2,train
1623,S1-486610086,5,3-5,train
1624,S1-572471294,2,2,train
1625,S1-661089455,1,1,validation
1626,S1-129744751,1,1,train
1627,S1-618920650,3,3-5,train
1628,S1-208442017,7,6+,train
1629,S1-741943320,1,1,train
1630,S1-185976135,3,3-5,train
1631,S1-617009217,1,1,train
1632,S1-783570694,2,2,train
1633,S1-625508492,1,1,train
1634,S1-954480619,1,1,validation
1635,S1-20882497,1,1,validation
1636,S1-374411916,3,3-5,train
1637,S1-739432839,3,3-5,train
1638,S1-95032728,2,2,train
1639,S1-760857015,1,1,train
1640,S1-147580774,1,1,train
1641,S1-292595219,4,3-5,validation
1642,S1-106119938,3,3-5,train
1643,S1-597418691,1,1,train
1644,S1-262589380,1,1,train
1645,S1-808753928,2,2,train
1646,S1-360097052,6,6+,train
1647,S1-702472096,6,6+,train
1648,S1-644592650,1,1,train
1649,S1-734818354,5,3-5,validation
1650,S1-412314607,1,1,train
1651,S1-835709449,5,3-5,train
1652,S1-161028765,3,3-5,train
1653,S1-883286251,5,3-5,validation
1654,S1-156662290,2,2,train
1655,S1-869201086,2,2,train
1656,S1-126730675,2,2,train
1657,S1-493323513,3,3-5,train
1658,S1-132261299,2,2,train
1659,S1-179320017,1,1,train
1660,S1-949611030,5,3-5,train
1661,S1-72434650,5,3-5,train
1662,S1-10803304,9,6+,train
1663,S1-694979523,1,1,train
1664,S1-140031504,2,2,train
1665,S1-976420785,7,6+,train
1666,S1-338846339,5,3-5,train
1667,S1-602535006,1,1,train
1668,S1-183136756,1,1,train
1669,S1-546275990,6,6+,train
1670,S1-492453861,4,3-5,train
1671,S1-243270869,1,1,train
1672,S1-457063139,3,3-5,train
1673,S1-984388664,7,6+,train
1674,S1-203632321,6,6+,train
1675,S1-108563961,4,3-5,train
1676,S1-718729247,6,6+,train
1677,S1-549934604,6,6+,validation
1678,S1-275711249,6,6+,train
1679,S1-953242467,6,6+,train
1680,S1-608416269,1,1,train
1681,S1-521420048,2,2,train
1682,S1-533344407,5,3-5,train
1683,S1-811042356,1,1,train
1684,S1-734052246,7,6+,train
1685,S1-253313969,1,1,train
1686,S1-748208279,2,2,train
1687,S1-215630659,6,6+,train
1688,S1-120342753,1,1,train
1689,S1-811535223,2,2,train
1690,S1-218464284,5,3-5,train
1691,S1-98464261,1,1,train
1692,S1-48083754,2,2,train
1693,S1-557396255,4,3-5,train
1694,S1-585709350,6,6+,train
1695,S1-207594052,6,6+,train
1696,S1-195474593,6,6+,train
1697,S1-302149559,5,3-5,train
1698,S1-204735269,1,1,train
1699,S1-167405785,1,1,train
1700,S1-270823033,2,2,validation
1701,S1-699485427,6,6+,train
1702,S1-975899427,7,6+,train
1703,S1-244512131,6,6+,train
1704,S1-232646048,2,2,validation
1705,S1-156997550,2,2,train
1706,S1-438446947,2,2,train
1707,S1-789788161,2,2,train
1708,S1-318960302,6,6+,train
1709,S1-494213295,4,3-5,train
1710,S1-892409514,1,1,train
1711,S1-293734182,8,6+,train
1712,S1-114465137,1,1,train
1713,S1-367040033,4,3-5,validation
1714,S1-528035742,1,1,train
1715,S1-985430569,2,2,train
1716,S1-216154254,2,2,train
1717,S1-431727410,2,2,train
1718,S1-173642545,5,3-5,validation
1719,S1-852534912,1,1,train
1720,S1-274216854,3,3-5,train
1721,S1-452131887,1,1,train
1722,S1-976732666,2,2,validation
1723,S1-985468824,3,3-5,train
1724,S1-995336440,6,6+,train
1725,S1-510615509,1,1,train
1726,S1-831642111,1,1,train
1727,S1-151164516,1,1,train
1728,S1-26545829,2,2,train
1729,S1-526924036,2,2,train
1730,S1-271118570,7,6+,train
1731,S1-927630690,2,2,validation
1732,S1-927098456,1,1,train
1733,S1-896528931,1,1,train
1734,S1-826772312,4,3-5,train
1735,S1-410967622,2,2,train
1736,S1-437257915,3,3-5,train
1737,S1-411645733,6,6+,train
1738,S1-682251746,1,1,train
1739,S1-31817296,3,3-5,validation
1740,S1-761887612,6,6+,train
1741,S1-270385351,6,6+,train
1742,S1-74015696,7,6+,validation
1743,S1-507203136,1,1,train
1744,S1-673975721,1,1,train
1745,S1-227165693,1,1,train
1746,S1-84703463,3,3-5,train
1747,S1-744331567,2,2,train
1748,S1-79367557,1,1,train
1749,S1-970876847,1,1,validation
1750,S1-364055760,7,6+,train
1751,S1-982433109,4,3-5,validation
1752,S1-530040610,1,1,train
1753,S1-807286997,1,1,train
1754,S1-336478402,6,6+,train
1755,S1-668200892,6,6+,train
1756,S1-915112778,1,1,validation
1757,S1-317695347,2,2,validation
1758,S1-574373892,1,1,train
1759,S1-594182067,3,3-5,validation
1760,S1-531151851,6,6+,train
1761,S1-310098879,6,6+,train
1762,S1-715142673,4,3-5,train
1763,S1-225398906,1,1,train
1764,S1-504729197,4,3-5,validation
1765,S1-719483330,2,2,train
1766,S1-796231098,6,6+,train
1767,S1-667864776,6,6+,train
1768,S1-28321157,5,3-5,train
1769,S1-657706574,1,1,train
1770,S1-665854996,3,3-5,train
1771,S1-866558023,4,3-5,train
1772,S1-721441358,9,6+,validation
1773,S1-709556053,2,2,train
1774,S1-910413032,2,2,train
1775,S1-173353493,2,2,validation
1776,S1-931201511,8,6+,validation
1777,S1-605989770,1,1,validation
1778,S1-304221702,1,1,train
1779,S1-447071519,2,2,train
1780,S1-198806105,2,2,train
1781,S1-295486843,1,1,train
1782,S1-368717927,2,2,train
1783,S1-935113363,3,3-5,train
1784,S1-971668489,2,2,train
1785,S1-214153310,2,2,validation
1786,S1-745936162,6,6+,train
1787,S1-290941000,5,3-5,train
1788,S1-742393260,2,2,train
1789,S1-408479150,3,3-5,train
1790,S1-937580684,6,6+,train
1791,S1-921987404,6,6+,train
1792,S1-615768122,6,6+,train
1793,S1-77079057,1,1,train
1794,S1-948086428,5,3-5,train
1795,S1-126099843,2,2,validation
1796,S1-765071575,2,2,train
1797,S1-737416411,2,2,train
1798,S1-244399199,4,3-5,train
1799,S1-479200405,8,6+,train
1800,S1-534447194,3,3-5,validation
1801,S1-482152306,2,2,train
1802,S1-583801238,2,2,train
1803,S1-351354176,2,2,train
1804,S1-61593184,2,2,train
1805,S1-2568624,6,6+,train
1806,S1-504127086,4,3-5,validation
1807,S1-930231697,2,2,train
1808,S1-38348195,1,1,train
1809,S1-279223472,4,3-5,train
1810,S1-116140099,2,2,train
1811,S1-89097058,2,2,train
1812,S1-169572282,1,1,train
1813,S1-291507112,5,3-5,train
1814,S1-234193636,6,6+,validation
1815,S1-872598661,1,1,train
1816,S1-259123020,2,2,train
1817,S1-295699250,2,2,validation
1818,S1-493451908,6,6+,validation
1819,S1-826528254,8,6+,train
1820,S1-136065309,2,2,validation
1821,S1-900873159,4,3-5,validation
1822,S1-89242444,5,3-5,train
1823,S1-247383698,4,3-5,train
1824,S1-826929266,3,3-5,train
1825,S1-223619705,7,6+,train
1826,S1-727765247,6,6+,validation
1827,S1-673177933,2,2,train
1828,S1-541635401,7,6+,train
1829,S1-319110004,6,6+,train
1830,S1-44784468,6,6+,train
1831,S1-464732893,2,2,validation
1832,S1-50751334,2,2,train
1833,S1-721499939,2,2,train
1834,S1-252753267,6,6+,train
1835,S1-738553622,2,2,train
1836,S1-614319780,6,6+,validation
1837,S1-782043779,1,1,validation
1838,S1-726628287,4,3-5,train
1839,S1-997311054,7,6+,validation
1840,S1-792079993,5,3-5,train
1841,S1-100654505,6,6+,train
1842,S1-9787801,1,1,train
1843,S1-835200363,4,3-5,validation
1844,S1-952653556,6,6+,train
1845,S1-397905324,6,6+,train
1846,S1-213733425,1,1,train
1847,S1-599544882,7,6+,train
1848,S1-564929167,2,2,train
1849,S1-857469948,2,2,validation
1850,S1-390216659,6,6+,validation
1851,S1-907123039,1,1,validation
1852,S1-838957118,5,3-5,train
1853,S1-837323829,2,2,train
1854,S1-826097618,6,6+,train
1855,S1-851004731,1,1,train
1856,S1-737491550,2,2,train
1857,S1-713328382,7,6+,train
1858,S1-434922924,3,3-5,train
1859,S1-370464518,2,2,train
1860,S1-153680330,2,2,train
1861,S1-671079565,2,2,train
1862,S1-201976174,1,1,train
1863,S1-840071532,7,6+,train
1864,S1-493520545,4,3-5,train
1865,S1-915758895,6,6+,train
1866,S1-817514285,6,6+,train
1867,S1-180706830,6,6+,train
1868,S1-500554456,1,1,train
1869,S1-554198862,1,1,train
1870,S1-461578840,3,3-5,validation
1871,S1-463806111,7,6+,train
1872,S1-259613541,2,2,train
1873,S1-346447231,3,3-5,train
1874,S1-624308370,1,1,validation
1875,S1-916566282,5,3-5,train
1876,S1-549738562,2,2,train
1877,S1-845968189,1,1,train
1878,S1-18973410,5,3-5,validation
1879,S1-51123099,6,6+,train
1880,S1-122928705,4,3-5,validation
1881,S1-226778697,1,1,train
1882,S1-43307865,3,3-5,train
1883,S1-302629714,4,3-5,validation
1884,S1-972879145,2,2,validation
1885,S1-3564318,2,2,train
1886,S1-712880681,4,3-5,train
1887,S1-762953541,2,2,train
1888,S1-905913718,2,2,train
1889,S1-676618123,6,6+,train
1890,S1-6335496,2,2,validation
1891,S1-640438575,1,1,train
1892,S1-117996373,4,3-5,validation
1893,S1-606577240,1,1,train
1894,S1-904117839,3,3-5,train
1895,S1-105061671,4,3-5,train
1896,S1-510869482,1,1,train
1897,S1-319197956,2,2,train
1898,S1-466323180,1,1,train
1899,S1-320297483,2,2,validation
1900,S1-531241206,2,2,validation
1901,S1-257718642,6,6+,validation
1902,S1-787677880,7,6+,train
1903,S1-541399208,2,2,train
1904,S1-833566953,1,1,train
1905,S1-30317761,1,1,train
1906,S1-534395070,2,2,validation
1907,S1-793122880,6,6+,train
1908,S1-835783869,1,1,train
1909,S1-133245821,1,1,train
1910,S1-346761539,2,2,train
1911,S1-771399817,1,1,train
1912,S1-601032420,1,1,train
1913,S1-771859138,7,6+,validation
1914,S1-82309895,3,3-5,train
1915,S1-909627069,5,3-5,train
1916,S1-895246366,1,1,validation
1917,S1-369593897,6,6+,train
1918,S1-734365260,4,3-5,train
1919,S1-579201202,5,3-5,validation
1920,S1-822024343,6,6+,train
1921,S1-331570481,1,1,validation
1922,S1-888609422,2,2,train
1923,S1-875513115,1,1,train
1924,S1-430508873,2,2,train
1925,S1-334483019,1,1,train
1926,S1-657765406,5,3-5,validation
1927,S1-574507580,1,1,validation
1928,S1-719193761,4,3-5,train
1929,S1-470492822,3,3-5,train
1930,S1-355635391,3,3-5,train
1931,S1-373137193,1,1,validation
1932,S1-942989521,4,3-5,train
1933,S1-373461272,6,6+,train
1934,S1-481846287,4,3-5,train
1935,S1-707673187,1,1,train
1936,S1-89089948,2,2,train
1937,S1-413060992,3,3-5,train
1938,S1-798161316,2,2,train
1939,S1-972155258,4,3-5,train
1940,S1-356435982,4,3-5,train
1941,S1-810108459,7,6+,train
1942,S1-46097451,5,3-5,train
1943,S1-715130060,3,3-5,train
1944,S1-140315073,6,6+,validation
1945,S1-424694474,2,2,train
1946,S1-629817150,3,3-5,validation
1947,S1-974684123,1,1,train
1948,S1-501827028,7,6+,train
1949,S1-715132483,2,2,train
1950,S1-107390706,3,3-5,train
1951,S1-76082078,2,2,train
1952,S1-592525499,2,2,validation
1953,S1-747860114,6,6+,train
1954,S1-933387266,1,1,train
1955,S1-366351432,6,6+,train
1956,S1-827737614,5,3-5,train
1957,S1-749834649,6,6+,train
1958,S1-617722154,3,3-5,train
1959,S1-912817951,2,2,train
1960,S1-236107963,8,6+,train
1961,S1-952642939,6,6+,train
1962,S1-293885786,6,6+,validation
1963,S1-158657030,3,3-5,train
1964,S1-523977435,6,6+,train
1965,S1-441493307,8,6+,train
1966,S1-751177206,1,1,validation
1967,S1-905498259,1,1,train
1968,S1-775320963,4,3-5,train
1969,S1-460380406,2,2,train
1970,S1-502725975,2,2,train
1971,S1-623976805,1,1,train
1972,S1-794267700,1,1,train
1973,S1-932863192,1,1,train
1974,S1-76614442,1,1,train
1975,S1-103086937,5,3-5,train
1976,S1-60697762,1,1,validation
1977,S1-588761744,2,2,train
1978,S1-599289392,4,3-5,validation
1979,S1-523036992,2,2,train
1980,S1-511379656,1,1,train
1981,S1-379066749,1,1,train
1982,S1-472973212,1,1,train
1983,S1-230211953,1,1,train
1984,S1-456589986,1,1,train
1985,S1-689123876,7,6+,train
1986,S1-287586614,2,2,validation
1987,S1-913946205,8,6+,train
1988,S1-846320271,8,6+,validation
1989,S1-663771224,1,1,train
1990,S1-401900233,1,1,train
1991,S1-444444799,7,6+,validation
1992,S1-477549209,7,6+,train
1993,S1-255503196,1,1,train
1994,S1-699211308,6,6+,train
1995,S1-67624648,3,3-5,validation
1996,S1-614753852,7,6+,train
1997,S1-324062637,6,6+,train
1998,S1-823330574,1,1,train
1999,S1-966507042,3,3-5,train
2000,S1-895341338,6,6+,validation
2001,S1-937496466,1,1,validation
2002,S1-946447190,1,1,train
2003,S1-860938854,4,3-5,validation
2004,S1-13012082,3,3-5,train
2005,S1-435505032,5,3-5,validation
2006,S1-905994896,6,6+,train
2007,S1-224333049,6,6+,train
2008,S1-112698972,2,2,validation
2009,S1-628483524,1,1,train
2010,S1-572447282,4,3-5,validation
2011,S1-985304328,1,1,validation
2012,S1-968187782,2,2,train
2013,S1-846942588,4,3-5,train
2014,S1-927324514,6,6+,train
2015,S1-37431305,4,3-5,train
2016,S1-273769000,8,6+,train
2017,S1-124888105,7,6+,validation
2018,S1-838264483,2,2,train
2019,S1-490037112,7,6+,train
2020,S1-586465094,7,6+,train
2021,S1-252046221,5,3-5,validation
2022,S1-438779609,4,3-5,train
2023,S1-1148793,7,6+,train
2024,S1-907192577,4,3-5,train
2025,S1-516604626,6,6+,validation
2026,S1-676282168,1,1,train
2027,S1-571614049,3,3-5,train
2028,S1-164549209,1,1,train
2029,S1-301926213,1,1,train
2030,S1-206528824,2,2,train
2031,S1-827048360,7,6+,train
2032,S1-263222724,1,1,train
2033,S1-261465877,6,6+,train
2034,S1-414104612,2,2,validation
2035,S1-134524965,2,2,train
2036,S1-926822525,6,6+,train
2037,S1-190461696,2,2,train
2038,S1-665772547,8,6+,train
2039,S1-362110269,8,6+,train
2040,S1-449842383,2,2,train
2041,S1-892894291,1,1,train
2042,S1-116340103,2,2,train
2043,S1-328358227,5,3-5,train
2044,S1-503035131,2,2,train
2045,S1-197023655,4,3-5,train
2046,S1-81105019,8,6+,train
2047,S1-881094087,1,1,train
2048,S1-41736463,1,1,train
2049,S1-887538456,5,3-5,train
2050,S1-145590311,6,6+,train
2051,S1-189159663,2,2,train
2052,S1-931808447,7,6+,train
2053,S1-352715145,2,2,train
2054,S1-90813250,5,3-5,train
2055,S1-675899810,5,3-5,train
2056,S1-746890906,3,3-5,train
2057,S1-513337780,1,1,train
2058,S1-898274878,1,1,validation
2059,S1-143118926,5,3-5,train
2060,S1-274190220,1,1,train
2061,S1-557835409,2,2,train
2062,S1-196055196,6,6+,validation
2063,S1-997299356,3,3-5,train
2064,S1-157912842,6,6+,train
2065,S1-391284808,5,3-5,train
2066,S1-653721046,6,6+,train
2067,S1-155187013,1,1,train
2068,S1-699170351,1,1,train
2069,S1-669895332,1,1,train
2070,S1-327347084,1,1,train
2071,S1-881347435,2,2,train
2072,S1-348886812,6,6+,train
2073,S1-723606732,2,2,validation
2074,S1-555327712,4,3-5,train
2075,S1-770661699,6,6+,train
2076,S1-468428729,4,3-5,train
2077,S1-68933620,6,6+,validation
2078,S1-632618058,3,3-5,train
2079,S1-937976078,1,1,train
2080,S1-327416812,1,1,train
2081,S1-432435289,6,6+,train
2082,S1-122065014,4,3-5,train
2083,S1-9241323,1,1,train
2084,S1-831819680,1,1,train
2085,S1-420274497,1,1,train
2086,S1-412050572,4,3-5,train
2087,S1-994945931,2,2,train
2088,S1-351809175,1,1,train
2089,S1-243883356,2,2,train
2090,S1-787542903,6,6+,train
2091,S1-947578046,1,1,train
2092,S1-930457457,4,3-5,train
2093,S1-720306410,1,1,validation
2094,S1-70990763,1,1,train
2095,S1-452164280,1,1,train
2096,S1-653619160,2,2,train
2097,S1-796600355,1,1,validation
2098,S1-599517020,1,1,train
2099,S1-435224624,4,3-5,train
2100,S1-662884305,3,3-5,train
2101,S1-232510156,1,1,train
2102,S1-518689070,2,2,train
2103,S1-677694603,2,2,train
2104,S1-547730876,5,3-5,validation
2105,S1-996864213,4,3-5,train
2106,S1-23366981,1,1,train
2107,S1-59044271,2,2,train
2108,S1-338720375,5,3-5,train
2109,S1-979701810,1,1,train
2110,S1-848725944,6,6+,validation
2111,S1-231479005,3,3-5,train
2112,S1-336453445,1,1,train
2113,S1-280431986,7,6+,validation
2114,S1-78951775,1,1,validation
2115,S1-457356038,7,6+,validation
2116,S1-785267621,1,1,train
2117,S1-634931498,1,1,train
2118,S1-872822020,6,6+,train
2119,S1-471959210,2,2,train
2120,S1-520300602,1,1,train
2121,S1-381272606,3,3-5,train
2122,S1-400628776,6,6+,train
2123,S1-925963321,2,2,train
2124,S1-299500477,2,2,train
2125,S1-722690983,2,2,train
2126,S1-428311866,3,3-5,train
2127,S1-191486510,4,3-5,validation
2128,S1-290992731,2,2,validation
2129,S1-752083739,1,1,validation
2130,S1-438502708,2,2,validation
2131,S1-372954190,6,6+,validation
2132,S1-885300917,1,1,train
2133,S1-244424015,6,6+,train
2134,S1-182575319,1,1,train
2135,S1-645343498,7,6+,train
2136,S1-592473075,2,2,train
2137,S1-951603338,5,3-5,train
2138,S1-663170664,2,2,validation
2139,S1-136967220,2,2,train
2140,S1-721390193,2,2,train
2141,S1-47365064,2,2,validation
2142,S1-125805688,6,6+,train
2143,S1-1047801,3,3-5,train
2144,S1-866832908,6,6+,train
2145,S1-153835388,1,1,train
2146,S1-65309853,1,1,train
2147,S1-372634084,3,3-5,validation
2148,S1-524860564,6,6+,train
2149,S1-34774394,2,2,validation
2150,S1-165020069,1,1,train
2151,S1-528536109,2,2,train
2152,S1-443048064,2,2,train
2153,S1-728276098,2,2,train
2154,S1-584603054,6,6+,train
2155,S1-882523162,2,2,train
2156,S1-531928716,2,2,train
2157,S1-994863889,2,2,train
2158,S1-656208457,4,3-5,validation
2159,S1-17993451,6,6+,train
2160,S1-413347071,3,3-5,validation
2161,S1-374238211,6,6+,validation
2162,S1-781356873,6,6+,train
2163,S1-126837113,5,3-5,train
2164,S1-517615803,7,6+,train
2165,S1-459663743,6,6+,train
2166,S1-937466205,1,1,train
2167,S1-81662223,6,6+,train
2168,S1-988337005,6,6+,validation
2169,S1-54215056,3,3-5,train
2170,S1-987469549,4,3-5,train
2171,S1-74288663,7,6+,validation
2172,S1-885903430,4,3-5,train
2173,S1-948710866,1,1,train
2174,S1-197681125,3,3-5,train
2175,S1-193565392,1,1,train
2176,S1-669548351,2,2,validation
2177,S1-804280252,2,2,train
2178,S1-876777849,1,1,validation
2179,S1-673867872,1,1,train
2180,S1-188955273,1,1,train
2181,S1-318640455,1,1,validation
2182,S1-317106424,3,3-5,validation
2183,S1-521503159,6,6+,train
2184,S1-643001061,1,1,validation
2185,S1-816734734,2,2,validation
2186,S1-543706622,7,6+,train
2187,S1-954262813,1,1,train
2188,S1-296741919,4,3-5,train
2189,S1-162333129,1,1,train
2190,S1-74502415,4,3-5,train
2191,S1-345682411,6,6+,train
2192,S1-904129830,2,2,train
2193,S1-318756531,1,1,train
2194,S1-631549179,2,2,train
2195,S1-911150252,3,3-5,train
2196,S1-922764626,3,3-5,train
2197,S1-75504972,2,2,train
2198,S1-848727491,2,2,train
2199,S1-213553000,6,6+,train
2200,S1-425255846,5,3-5,train
2201,S1-831386225,3,3-5,train
2202,S1-217116716,6,6+,validation
2203,S1-102161894,1,1,train
2204,S1-860464253,6,6+,train
2205,S1-738538105,5,3-5,train
2206,S1-896608658,5,3-5,train
2207,S1-21810410,3,3-5,train
2208,S1-476069451,1,1,validation
2209,S1-878844707,6,6+,validation
2210,S1-714696117,9,6+,train
2211,S1-948187023,2,2,validation
2212,S1-914121172,1,1,validation
2213,S1-418405960,2,2,validation
2214,S1-290529443,2,2,train
2215,S1-863444870,2,2,train
2216,S1-277544809,1,1,train
2217,S1-905810657,1,1,train
2218,S1-713007771,1,1,train
2219,S1-748454879,5,3-5,train
2220,S1-23661484,3,3-5,train
2221,S1-288473169,2,2,validation
2222,S1-327289171,3,3-5,train
2223,S1-566722618,2,2,train
2224,S1-682928939,3,3-5,train
2225,S1-197337623,6,6+,train
2226,S1-864774438,2,2,train
2227,S1-735295099,5,3-5,train
2228,S1-956975403,1,1,train
2229,S1-777270128,2,2,train
2230,S1-858101342,6,6+,validation
2231,S1-738959212,2,2,train
2232,S1-957938144,6,6+,train
2233,S1-303984353,2,2,train
2234,S1-264119283,6,6+,train
2235,S1-642941586,1,1,validation
2236,S1-472307758,1,1,train
2237,S1-102366731,8,6+,train
2238,S1-761113340,1,1,train
2239,S1-938392137,6,6+,validation
2240,S1-195039278,2,2,train
2241,S1-485000364,5,3-5,validation
2242,S1-36944838,2,2,train
2243,S1-379053726,2,2,validation
2244,S1-755535615,2,2,train
2245,S1-713172898,4,3-5,train
2246,S1-206891590,4,3-5,validation
2247,S1-595115805,5,3-5,train
2248,S1-528776973,5,3-5,validation
2249,S1-976622994,6,6+,validation
2250,S1-210423320,5,3-5,train
2251,S1-746260160,2,2,train
2252,S1-92458999,8,6+,train
2253,S1-824309134,4,3-5,train
2254,S1-654804984,3,3-5,validation
2255,S1-320374220,8,6+,train
2256,S1-753635876,7,6+,train
2257,S1-44609955,6,6+,train
2258,S1-922319022,1,1,train
2259,S1-836791596,1,1,train
2260,S1-307701574,2,2,train
2261,S1-509758115,2,2,train
2262,S1-490768926,6,6+,train
2263,S1-796796264,2,2,train
2264,S1-411681722,1,1,train
2265,S1-590245845,7,6+,train
2266,S1-912862225,2,2,train
2267,S1-288858336,6,6+,train
2268,S1-401615302,1,1,validation
2269,S1-659962047,1,1,train
2270,S1-229144782,5,3-5,train
2271,S1-989530147,6,6+,validation
2272,S1-614057159,2,2,train
2273,S1-674603168,7,6+,train
2274,S1-373878566,2,2,train
2275,S1-997025385,2,2,train
2276,S1-196310242,6,6+,train
2277,S1-173255763,2,2,train
2278,S1-233770580,3,3-5,train
2279,S1-794397107,2,2,train
2280,S1-554439929,1,1,train
2281,S1-822510659,1,1,train
2282,S1-252283847,4,3-5,train
2283,S1-312952797,4,3-5,train
2284,S1-783412833,1,1,train
2285,S1-775859636,1,1,train
2286,S1-501339439,6,6+,train
2287,S1-318603913,2,2,validation
2288,S1-889553235,2,2,train
2289,S1-881632361,4,3-5,train
2290,S1-685164326,1,1,validation
2291,S1-918734166,4,3-5,train
2292,S1-237904304,1,1,validation
2293,S1-101450733,1,1,train
2294,S1-825642897,2,2,validation
2295,S1-300788845,4,3-5,train
2296,S1-466783730,7,6+,train
2297,S1-82058203,1,1,train
2298,S1-188771845,7,6+,train
2299,S1-901955785,1,1,train
2300,S1-344740208,2,2,train
2301,S1-694124968,4,3-5,train
2302,S1-568586744,1,1,train
2303,S1-895255830,1,1,train
2304,S1-543724990,3,3-5,train
2305,S1-578737359,7,6+,train
2306,S1-148770821,1,1,train
2307,S1-177488751,8,6+,train
2308,S1-83576339,8,6+,train
2309,S1-753944760,3,3-5,train
2310,S1-433846290,1,1,train
2311,S1-512644083,3,3-5,train
2312,S1-705597593,3,3-5,train
2313,S1-608374986,8,6+,train
2314,S1-96518499,4,3-5,train
2315,S1-757963316,3,3-5,validation
2316,S1-397938037,2,2,validation
2317,S1-761576995,1,1,validation
2318,S1-501865039,1,1,train
2319,S1-186123438,1,1,train
2320,S1-891180184,3,3-5,train
2321,S1-567424143,1,1,train
2322,S1-993276114,1,1,train
2323,S1-760207944,2,2,train
2324,S1-79167701,8,6+,train
2325,S1-783744834,6,6+,train
2326,S1-283076439,4,3-5,validation
2327,S1-238707257,2,2,train
2328,S1-15097431,1,1,validation
2329,S1-941809841,1,1,train
2330,S1-800132386,2,2,train
2331,S1-653027276,10,6+,train
2332,S1-603300311,1,1,train
2333,S1-130407325,5,3-5,train
2334,S1-520144669,2,2,train
2335,S1-307621878,5,3-5,train
2336,S1-223354910,2,2,train
2337,S1-820117631,1,1,train
2338,S1-691771387,2,2,validation
2339,S1-685164321,1,1,train
2340,S1-511708077,4,3-5,train
2341,S1-369333848,1,1,train
2342,S1-796968714,2,2,validation
2343,S1-140473568,2,2,train
2344,S1-180968990,4,3-5,train
2345,S1-244769854,7,6+,train
2346,S1-858008337,6,6+,validation
2347,S1-648593980,6,6+,validation
2348,S1-639779111,1,1,validation
2349,S1-60911762,2,2,train
2350,S1-21111469,6,6+,validation
2351,S1-15035492,2,2,train
2352,S1-349015131,4,3-5,validation
2353,S1-11780991,3,3-5,train
2354,S1-33035359,1,1,train
2355,S1-267583902,2,2,train
2356,S1-591470003,1,1,validation
2357,S1-732113938,2,2,train
2358,S1-451209153,3,3-5,train
2359,S1-745949395,4,3-5,train
2360,S1-152737608,6,6+,train
2361,S1-239705915,1,1,train
2362,S1-240873979,7,6+,train
2363,S1-690157990,4,3-5,train
2364,S1-442139978,2,2,validation
2365,S1-937254413,3,3-5,validation
2366,S1-184140456,1,1,train
2367,S1-697027780,2,2,train
2368,S1-184878253,3,3-5,train
2369,S1-690402653,2,2,train
2370,S1-731567829,1,1,train
2371,S1-674265868,7,6+,train
2372,S1-5860164,2,2,train
2373,S1-539837638,5,3-5,train
2374,S1-135538842,1,1,train
2375,S1-95020134,1,1,train
2376,S1-452940992,3,3-5,train
2377,S1-314188009,2,2,train
2378,S1-270706923,1,1,train
2379,S1-346550241,3,3-5,train
2380,S1-951667676,2,2,validation
2381,S1-452304394,1,1,train
2382,S1-126473945,1,1,validation
2383,S1-781709685,2,2,validation
2384,S1-742288346,1,1,train
2385,S1-871033677,4,3-5,validation
2386,S1-341054152,2,2,train
2387,S1-242048566,1,1,train
2388,S1-933598906,1,1,train
2389,S1-121819195,2,2,validation
2390,S1-710611267,2,2,train
2391,S1-728544789,4,3-5,validation
2392,S1-190441697,5,3-5,train
2393,S1-819898078,1,1,train
2394,S1-615603925,3,3-5,train
2395,S1-364665634,1,1,train
2396,S1-319589624,3,3-5,train
2397,S1-83591583,1,1,train
2398,S1-453032412,1,1,validation
2399,S1-356949472,6,6+,train
2400,S1-614308157,1,1,train
2401,S1-701198078,1,1,validation
2402,S1-937804628,2,2,validation
2403,S1-709951250,6,6+,train
2404,S1-164156674,2,2,train
2405,S1-800432953,5,3-5,train
2406,S1-796821172,6,6+,train
2407,S1-856260852,1,1,train
2408,S1-591504260,2,2,train
2409,S1-726130337,6,6+,train
2410,S1-862773389,2,2,train
2411,S1-425381764,2,2,validation
2412,S1-435229103,3,3-5,train
2413,S1-256869641,5,3-5,train
2414,S1-745621196,5,3-5,train
2415,S1-691724510,2,2,train
2416,S1-966704086,1,1,validation
2417,S1-984433586,1,1,train
2418,S1-599895290,3,3-5,validation
2419,S1-229354930,1,1,train
2420,S1-107092449,2,2,train
2421,S1-368712587,6,6+,train
2422,S1-782739091,6,6+,train
2423,S1-722402067,3,3-5,train
2424,S1-963325766,2,2,validation
2425,S1-943934238,5,3-5,train
2426,S1-469799146,5,3-5,train
2427,S1-567506432,1,1,train
2428,S1-342256701,8,6+,train
2429,S1-341605037,1,1,train
2430,S1-74793766,1,1,train
2431,S1-975305834,5,3-5,train
2432,S1-196107108,6,6+,train
2433,S1-931828662,6,6+,train
2434,S1-441578171,2,2,train
2435,S1-320973404,1,1,validation
2436,S1-44098092,1,1,train
2437,S1-266920872,5,3-5,train
2438,S1-435899853,1,1,validation
2439,S1-683437361,2,2,train
2440,S1-863125248,2,2,train
2441,S1-85010883,4,3-5,train
2442,S1-424725728,5,3-5,validation
2443,S1-335868687,2,2,train
2444,S1-728142477,2,2,train
2445,S1-999673928,1,1,train
2446,S1-686253795,6,6+,train
2447,S1-934119260,3,3-5,train
2448,S1-474721839,6,6+,train
2449,S1-325204589,7,6+,validation
2450,S1-205978727,2,2,validation
2451,S1-577478278,3,3-5,validation
2452,S1-248303893,6,6+,validation
2453,S1-325642812,1,1,train
2454,S1-203613580,5,3-5,train
2455,S1-672073199,2,2,train
2456,S1-386314303,6,6+,train
2457,S1-175227602,3,3-5,train
2458,S1-360208985,2,2,validation
2459,S1-902502161,1,1,train
2460,S1-175911415,2,2,train
2461,S1-968148523,3,3-5,train
2462,S1-206643827,6,6+,train
2463,S1-935424165,1,1,validation
2464,S1-623264713,6,6+,train
2465,S1-719602372,2,2,train
2466,S1-435412142,6,6+,validation
2467,S1-219980912,2,2,train
2468,S1-55862100,4,3-5,train
2469,S1-386000525,2,2,train
2470,S1-947026302,2,2,validation
2471,S1-831109420,6,6+,validation
2472,S1-993633972,2,2,train
2473,S1-528141822,1,1,validation
2474,S1-10443026,2,2,train
2475,S1-27128215,8,6+,validation
2476,S1-393643602,2,2,train
2477,S1-596238629,2,2,train
2478,S1-509065614,1,1,validation
2479,S1-541944777,7,6+,train
2480,S1-377467559,6,6+,validation
2481,S1-83575226,2,2,train
2482,S1-589788690,4,3-5,train
2483,S1-854851477,2,2,train
2484,S1-60237236,2,2,train
2485,S1-868795390,8,6+,train
2486,S1-572150576,4,3-5,validation
2487,S1-953426305,4,3-5,validation
2488,S1-918200513,8,6+,train
2489,S1-558438321,1,1,train
2490,S1-816455407,2,2,train
2491,S1-858329140,4,3-5,train
2492,S1-582406574,6,6+,train
2493,S1-402834516,3,3-5,train
2494,S1-578550760,2,2,train
2495,S1-220324379,2,2,train
2496,S1-312606806,4,3-5,validation
2497,S1-774093787,8,6+,train
2498,S1-768568919,5,3-5,train
2499,S1-624389167,1,1,train
2500,S1-548956404,2,2,validation
2501,S1-447016115,2,2,train
2502,S1-114720650,5,3-5,train
2503,S1-543201753,6,6+,train
2504,S1-39499046,1,1,train
2505,S1-831232380,6,6+,train
2506,S1-146098101,8,6+,train
2507,S1-742141981,4,3-5,train
2508,S1-992709663,3,3-5,train
2509,S1-892155813,1,1,train
2510,S1-427784705,1,1,validation
2511,S1-76298341,7,6+,train
2512,S1-284628165,2,2,train
2513,S1-316768647,1,1,train
2514,S1-448066268,2,2,validation
2515,S1-657148101,6,6+,validation
2516,S1-350750164,2,2,validation
2517,S1-804384435,1,1,validation
2518,S1-873572229,7,6+,train
2519,S1-488343284,3,3-5,train
2520,S1-325207603,2,2,train
2521,S1-231993489,2,2,train
2522,S1-190319743,2,2,train
2523,S1-87097971,2,2,validation
2524,S1-808993325,2,2,validation
2525,S1-83638746,2,2,train
2526,S1-303000525,2,2,validation
2527,S1-774094391,6,6+,validation
2528,S1-922804984,1,1,train
2529,S1-297458311,1,1,train
2530,S1-431913766,6,6+,train
2531,S1-365129753,2,2,validation
2532,S1-947965827,1,1,train
2533,S1-300265546,1,1,train
2534,S1-686100928,2,2,train
2535,S1-813292653,2,2,train
2536,S1-8608607,1,1,train
2537,S1-247142933,1,1,train
2538,S1-389723281,2,2,train
2539,S1-41889706,6,6+,train
2540,S1-767487722,1,1,train
2541,S1-715261704,7,6+,validation
2542,S1-235917533,2,2,train
2543,S1-542781942,4,3-5,train
2544,S1-588065268,3,3-5,train
2545,S1-167009007,1,1,validation
2546,S1-367693218,2,2,validation
2547,S1-375230132,1,1,validation
2548,S1-707464309,1,1,validation
2549,S1-294282823,6,6+,train
2550,S1-413250092,1,1,validation
2551,S1-169501413,1,1,train
2552,S1-479043079,2,2,validation
2553,S1-732704170,6,6+,train
2554,S1-343842115,1,1,train
2555,S1-116600715,3,3-5,train
2556,S1-66224114,2,2,train
2557,S1-376811280,4,3-5,train
2558,S1-896994912,1,1,train
2559,S1-473917750,1,1,validation
2560,S1-456007648,4,3-5,validation
2561,S1-200777085,2,2,train
2562,S1-444719256,5,3-5,train
2563,S1-858378035,7,6+,train
2564,S1-476153895,1,1,train
2565,S1-653003585,6,6+,train
2566,S1-584498010,6,6+,train
2567,S1-290453068,7,6+,train
2568,S1-161686958,8,6+,train
2569,S1-851330921,2,2,train
2570,S1-974736523,1,1,train
2571,S1-381113133,5,3-5,validation
2572,S1-619765246,6,6+,train
2573,S1-519463218,7,6+,validation
2574,S1-121807802,1,1,train
2575,S1-591337209,1,1,train
2576,S1-815556555,6,6+,validation
2577,S1-59480508,2,2,train
2578,S1-579106941,6,6+,train
2579,S1-563271253,3,3-5,train
2580,S1-430612744,2,2,train
2581,S1-75187279,2,2,train
2582,S1-702663587,3,3-5,train
2583,S1-573984019,7,6+,train
2584,S1-568887238,2,2,train
2585,S1-534512794,2,2,train
2586,S1-678418,7,6+,validation
2587,S1-755404256,6,6+,train
2588,S1-973029278,9,6+,train
2589,S1-75554526,2,2,train
2590,S1-635054488,1,1,train
2591,S1-205969654,4,3-5,train
2592,S1-539798893,1,1,train
2593,S1-632033640,8,6+,train
2594,S1-475293295,2,2,train
2595,S1-339465025,5,3-5,train
2596,S1-643031071,5,3-5,train
2597,S1-831566520,7,6+,train
2598,S1-376900580,2,2,train
2599,S1-595927531,1,1,train
2600,S1-825277728,1,1,train
2601,S1-101151152,1,1,train
2602,S1-743288664,5,3-5,train
2603,S1-637817248,2,2,validation
2604,S1-809529289,7,6+,validation
2605,S1-401427509,1,1,train
2606,S1-83584023,7,6+,train
2607,S1-655461590,4,3-5,train
2608,S1-12063531,2,2,validation
2609,S1-169229588,2,2,validation
2610,S1-748872302,1,1,train
2611,S1-823441597,4,3-5,train
2612,S1-59511020,3,3-5,train
2613,S1-39190449,5,3-5,train
2614,S1-110147957,7,6+,train
2615,S1-616457732,3,3-5,train
2616,S1-348433784,1,1,validation
2617,S1-501319469,3,3-5,train
2618,S1-425006790,4,3-5,train
2619,S1-847901753,7,6+,train
2620,S1-184841150,1,1,train
2621,S1-51299068,2,2,validation
2622,S1-290972151,4,3-5,train
2623,S1-219645193,2,2,validation
2624,S1-681205241,1,1,train
2625,S1-69184766,2,2,validation
2626,S1-382468914,4,3-5,train
2627,S1-99279412,1,1,train
2628,S1-503406639,3,3-5,train
2629,S1-194822576,9,6+,train
2630,S1-401474242,7,6+,train
2631,S1-629188499,5,3-5,train
2632,S1-157793821,1,1,train
2633,S1-122956928,6,6+,train
2634,S1-979799431,1,1,train
2635,S1-281048369,4,3-5,train
2636,S1-406203908,6,6+,train
2637,S1-319098479,1,1,validation
2638,S1-848047038,6,6+,train
2639,S1-420624555,4,3-5,train
2640,S1-866123858,1,1,train
2641,S1-249037438,2,2,train
2642,S1-12777147,1,1,validation
2643,S1-419444657,6,6+,train
2644,S1-63985452,2,2,train
2645,S1-84910161,1,1,validation
2646,S1-367365476,2,2,train
2647,S1-983601352,7,6+,train
2648,S1-686237084,7,6+,train
2649,S1-182064531,2,2,train
2650,S1-40189628,5,3-5,train
2651,S1-306128076,6,6+,train
2652,S1-594234099,1,1,train
2653,S1-677206646,6,6+,train
2654,S1-455219536,2,2,train
2655,S1-192706169,1,1,train
2656,S1-702516225,1,1,train
2657,S1-351997176,1,1,train
2658,S1-381062772,4,3-5,train
2659,S1-517565932,2,2,validation
2660,S1-986438115,2,2,train
2661,S1-837016965,7,6+,train
2662,S1-602231604,2,2,validation
2663,S1-758994001,2,2,train
2664,S1-533922229,4,3-5,train
2665,S1-854461891,7,6+,train
2666,S1-611905202,7,6+,validation
2667,S1-56548614,7,6+,train
2668,S1-823233927,5,3-5,train
2669,S1-502925055,5,3-5,train
2670,S1-511713288,6,6+,train
2671,S1-24687895,2,2,train
2672,S1-263129314,1,1,train
2673,S1-337722135,2,2,train
2674,S1-511545524,5,3-5,validation
2675,S1-42102479,1,1,train
2676,S1-57239308,5,3-5,validation
2677,S1-466507513,1,1,train
2678,S1-866701138,2,2,train
2679,S1-828683101,4,3-5,validation
2680,S1-182581732,6,6+,train
2681,S1-83929751,7,6+,train
2682,S1-953863346,2,2,train
2683,S1-316162330,2,2,train
2684,S1-993191337,5,3-5,validation
2685,S1-758069615,6,6+,validation
2686,S1-994566058,1,1,train
2687,S1-261950375,4,3-5,train
2688,S1-264325374,1,1,train
2689,S1-682305851,1,1,train
2690,S1-729192239,2,2,train
2691,S1-376129810,2,2,train
2692,S1-26156187,7,6+,train
2693,S1-304332028,4,3-5,train
2694,S1-224183566,2,2,train
2695,S1-493226453,1,1,train
2696,S1-894393305,2,2,train
2697,S1-963518473,1,1,train
2698,S1-39234402,1,1,train
2699,S1-817197770,1,1,validation
2700,S1-211740290,1,1,validation
2701,S1-855225145,2,2,train
2702,S1-155273053,1,1,train
2703,S1-970336,2,2,train
2704,S1-805090003,7,6+,train
2705,S1-89817367,1,1,train
2706,S1-467601831,2,2,train
2707,S1-771619445,1,1,validation
2708,S1-18992526,3,3-5,validation
2709,S1-298702262,3,3-5,train
2710,S1-229534301,1,1,validation
2711,S1-781701791,3,3-5,train
2712,S1-167705757,1,1,train
2713,S1-728882352,1,1,train
2714,S1-184431728,1,1,train
2715,S1-911217088,1,1,train
2716,S1-105461413,6,6+,train
2717,S1-924868614,6,6+,validation
2718,S1-7137426,1,1,train
2719,S1-182475290,2,2,validation
2720,S1-873241405,1,1,validation
2721,S1-960023898,6,6+,train
2722,S1-17151385,5,3-5,train
2723,S1-750492206,8,6+,train
2724,S1-508766009,4,3-5,train
2725,S1-899576737,1,1,train
2726,S1-274852827,9,6+,validation
2727,S1-868351716,3,3-5,train
2728,S1-937046933,1,1,train
2729,S1-525479091,4,3-5,train
2730,S1-404720096,2,2,train
2731,S1-795410914,3,3-5,validation
2732,S1-811149869,1,1,train
2733,S1-957452036,1,1,train
2734,S1-94463182,1,1,train
2735,S1-7110732,7,6+,train
2736,S1-847885394,1,1,train
2737,S1-926371992,2,2,validation
2738,S1-283462549,2,2,train
2739,S1-50401705,8,6+,train
2740,S1-711147595,4,3-5,train
2741,S1-494024826,3,3-5,validation
2742,S1-476060099,4,3-5,train
2743,S1-824983331,1,1,train
2744,S1-921462970,7,6+,train
2745,S1-563779860,1,1,validation
2746,S1-136199704,2,2,validation
2747,S1-32309460,1,1,train
2748,S1-443050371,4,3-5,train
2749,S1-889381999,1,1,train
2750,S1-483050866,2,2,train
2751,S1-383936966,7,6+,train
2752,S1-176478144,6,6+,train
2753,S1-573601074,8,6+,validation
2754,S1-866334412,7,6+,train
2755,S1-117112074,6,6+,train
2756,S1-323736169,7,6+,train
2757,S1-275191739,1,1,train
2758,S1-787123243,2,2,train
2759,S1-385923412,4,3-5,train
2760,S1-538171615,2,2,train
2761,S1-90234283,5,3-5,validation
2762,S1-275136535,4,3-5,train
2763,S1-362540783,7,6+,train
2764,S1-969934237,3,3-5,train
2765,S1-548825463,3,3-5,train
2766,S1-820401238,5,3-5,validation
2767,S1-390587529,6,6+,validation
2768,S1-656930348,1,1,train
2769,S1-576819320,1,1,train
2770,S1-481732038,7,6+,train
2771,S1-885943705,7,6+,validation
2772,S1-223255433,1,1,train
2773,S1-507964318,2,2,train
2774,S1-607423716,4,3-5,train
2775,S1-600108301,6,6+,train
2776,S1-608381806,6,6+,train
2777,S1-637928773,5,3-5,train
2778,S1-349811751,1,1,train
2779,S1-17594892,4,3-5,train
2780,S1-864890180,4,3-5,train
2781,S1-978192167,2,2,validation
2782,S1-358766178,2,2,train
2783,S1-886541782,2,2,train
2784,S1-572321906,2,2,validation
2785,S1-624004528,2,2,train
2786,S1-688797333,1,1,train
2787,S1-554949557,2,2,train
2788,S1-11551111,5,3-5,train
2789,S1-993272965,8,6+,train
2790,S1-401433848,1,1,train
2791,S1-498995509,2,2,train
2792,S1-732532807,1,1,train
2793,S1-63368545,1,1,validation
2794,S1-692335757,2,2,train
2795,S1-286691229,6,6+,validation
2796,S1-343010173,8,6+,validation
2797,S1-239807185,3,3-5,train
2798,S1-638952443,1,1,train
2799,S1-219027493,1,1,train
2800,S1-280029457,4,3-5,validation
2801,S1-979886962,6,6+,train
2802,S1-14362420,5,3-5,train
2803,S1-492208958,2,2,validation
2804,S1-943436619,1,1,train
2805,S1-596909555,7,6+,train
2806,S1-882733953,6,6+,train
2807,S1-143630372,1,1,validation
2808,S1-930072921,2,2,validation
2809,S1-971069716,6,6+,train
2810,S1-991883692,1,1,train
2811,S1-262838251,3,3-5,train
2812,S1-965177002,8,6+,train
2813,S1-483059520,4,3-5,train
2814,S1-747376114,2,2,train
2815,S1-412220544,6,6+,validation
2816,S1-371626084,6,6+,train
2817,S1-83706368,2,2,train
2818,S1-240028975,1,1,train
2819,S1-791694453,1,1,train
2820,S1-44868210,1,1,train
2821,S1-455983667,2,2,train
2822,S1-162168236,6,6+,train
2823,S1-463711638,7,6+,train
2824,S1-31254855,8,6+,train
2825,S1-974736762,4,3-5,train
2826,S1-270304821,6,6+,train
2827,S1-926898486,2,2,train
2828,S1-203858559,2,2,train
2829,S1-763491991,7,6+,train
2830,S1-336484855,1,1,train
2831,S1-227468681,7,6+,train
2832,S1-253407534,1,1,train
2833,S1-977348257,7,6+,train
2834,S1-946619388,2,2,train
2835,S1-206956463,7,6+,train
2836,S1-974887275,2,2,train
2837,S1-176965675,2,2,train
2838,S1-395310059,6,6+,train
2839,S1-82277307,6,6+,train
2840,S1-568659872,8,6+,train
2841,S1-658820313,4,3-5,train
2842,S1-142849554,2,2,train
2843,S1-624795991,4,3-5,train
2844,S1-896118289,2,2,train
2845,S1-549594533,2,2,train
2846,S1-846014212,6,6+,validation
2847,S1-835921732,3,3-5,validation
2848,S1-812820420,2,2,train
2849,S1-44276602,4,3-5,train
2850,S1-134358667,5,3-5,validation
2851,S1-388571578,2,2,train
2852,S1-817648720,2,2,train
2853,S1-914565198,2,2,train
2854,S1-410554715,7,6+,train
2855,S1-209965292,2,2,train
2856,S1-700613974,2,2,train
2857,S1-802506295,1,1,train
2858,S1-387846751,4,3-5,train
2859,S1-256196144,6,6+,validation
2860,S1-585954972,4,3-5,train
2861,S1-359223092,2,2,train
2862,S1-329502934,2,2,train
2863,S1-773212713,1,1,validation
2864,S1-500587808,1,1,train
2865,S1-680838670,3,3-5,train
2866,S1-545617134,1,1,train
2867,S1-852118897,7,6+,train
2868,S1-49696058,4,3-5,train
2869,S1-415206453,2,2,validation
2870,S1-498634453,2,2,train
2871,S1-459241083,1,1,train
2872,S1-592223551,1,1,train
2873,S1-515168786,1,1,train
2874,S1-487405581,7,6+,train
2875,S1-607052143,2,2,train
2876,S1-101939444,2,2,train
2877,S1-170827832,1,1,train
2878,S1-569705725,1,1,validation
2879,S1-620434297,1,1,train
2880,S1-442780259,1,1,train
2881,S1-158005554,1,1,validation
2882,S1-857506205,3,3-5,train
2883,S1-416600394,5,3-5,train
2884,S1-889355946,3,3-5,train
2885,S1-225787321,2,2,validation
2886,S1-161253529,2,2,train
2887,S1-984869833,2,2,train
2888,S1-884359456,1,1,train
2889,S1-563841585,2,2,train
2890,S1-228486722,3,3-5,train
2891,S1-452789408,2,2,train
2892,S1-353472618,1,1,train
2893,S1-857898397,6,6+,train
2894,S1-915802075,6,6+,train
2895,S1-120176920,7,6+,train
2896,S1-92397555,4,3-5,train
2897,S1-500393816,2,2,train
2898,S1-604631424,1,1,validation
2899,S1-899497601,2,2,train
2900,S1-170588477,2,2,train
2901,S1-527684558,2,2,train
2902,S1-178164791,3,3-5,train
2903,S1-987112676,5,3-5,train
2904,S1-576192219,3,3-5,train
2905,S1-942029914,2,2,train
2906,S1-837780524,2,2,train
2907,S1-206697842,6,6+,train
2908,S1-320560789,1,1,train
2909,S1-986406691,2,2,train
2910,S1-110663943,1,1,train
2911,S1-813410335,1,1,train
2912,S1-952435181,6,6+,train
2913,S1-151912332,2,2,validation
2914,S1-15565249,1,1,train
2915,S1-862829910,2,2,train
2916,S1-644412604,6,6+,train
2917,S1-709073296,3,3-5,train
2918,S1-614011188,1,1,train
2919,S1-900596518,4,3-5,train
2920,S1-892046368,6,6+,train
2921,S1-785505448,3,3-5,train
2922,S1-707322979,2,2,train
2923,S1-92391973,1,1,train
2924,S1-980952144,6,6+,train
2925,S1-652849379,2,2,train
2926,S1-660639265,3,3-5,validation
2927,S1-953623104,6,6+,train
2928,S1-701127872,1,1,train
2929,S1-226694677,8,6+,train
2930,S1-283965574,1,1,train
2931,S1-389408463,1,1,train
2932,S1-421607784,6,6+,train
2933,S1-958629837,2,2,train
2934,S1-550516566,3,3-5,validation
2935,S1-594226158,3,3-5,train
2936,S1-751053189,3,3-5,train
2937,S1-417665210,1,1,validation
2938,S1-724871434,2,2,train
2939,S1-862190288,1,1,train
2940,S1-551539097,1,1,train
2941,S1-617620081,2,2,train
2942,S1-316207584,3,3-5,validation
2943,S1-45997192,7,6+,train
2944,S1-610451864,1,1,validation
2945,S1-286694700,2,2,train
2946,S1-894173550,1,1,train
2947,S1-23219472,2,2,train
2948,S1-385845558,5,3-5,train
2949,S1-168569900,2,2,train
2950,S1-176745107,7,6+,train
2951,S1-885772210,5,3-5,train
2952,S1-182017117,5,3-5,train
2953,S1-276264519,3,3-5,validation
2954,S1-961274082,1,1,train
2955,S1-29746708,3,3-5,train
2956,S1-136455732,6,6+,validation
2957,S1-133255879,2,2,train
2958,S1-269323138,6,6+,train
2959,S1-740461801,1,1,validation
2960,S1-449125752,6,6+,train
2961,S1-826924651,6,6+,train
2962,S1-521488960,3,3-5,validation
2963,S1-686474950,2,2,train
2964,S1-227601174,6,6+,train
2965,S1-630618498,1,1,train
2966,S1-35262657,2,2,train
2967,S1-945843523,7,6+,validation
2968,S1-435831790,4,3-5,train
2969,S1-63154095,3,3-5,train
2970,S1-47062253,3,3-5,train
2971,S1-319308475,4,3-5,train
2972,S1-391161148,3,3-5,train
2973,S1-60569285,5,3-5,validation
2974,S1-79886727,2,2,train
2975,S1-899972025,2,2,train
2976,S1-512829085,6,6+,train
2977,S1-410896735,1,1,train
2978,S1-922520446,1,1,train
2979,S1-993942647,1,1,validation
2980,S1-835908024,5,3-5,train
2981,S1-613717175,6,6+,validation
2982,S1-96846689,2,2,train
2983,S1-739802129,5,3-5,train
2984,S1-133605453,1,1,train
2985,S1-766312260,7,6+,train
2986,S1-614264214,6,6+,train
2987,S1-449778213,1,1,validation
2988,S1-941769813,3,3-5,train
2989,S1-945010810,1,1,train
2990,S1-210707274,6,6+,train
2991,S1-443265365,2,2,train
2992,S1-721615802,6,6+,train
2993,S1-547811976,1,1,train
2994,S1-790851905,4,3-5,train
2995,S1-866514162,6,6+,train
2996,S1-309239757,1,1,train
2997,S1-668563080,2,2,train
2998,S1-139128707,4,3-5,train
2999,S1-722694660,2,2,train
3000,S1-963146191,6,6+,train
3001,S1-152391442,2,2,train
3002,S1-976306915,7,6+,train
3003,S1-611007400,1,1,validation
3004,S1-454965553,4,3-5,validation
3005,S1-722547011,4,3-5,validation
3006,S1-907597971,2,2,train
3007,S1-35501165,1,1,train
3008,S1-427265088,2,2,train
3009,S1-365331369,3,3-5,train
3010,S1-235854773,3,3-5,train
3011,S1-932887787,5,3-5,train
3012,S1-735881869,2,2,train
3013,S1-113966982,2,2,train
3014,S1-101123676,1,1,train
3015,S1-838154934,1,1,train
3016,S1-141923105,2,2,train
3017,S1-172960250,8,6+,train
3018,S1-583398145,1,1,train
3019,S1-722327284,3,3-5,train
3020,S1-859822373,1,1,validation
3021,S1-320316203,5,3-5,train
3022,S1-918629414,2,2,train
3023,S1-279139618,7,6+,train
3024,S1-31036361,3,3-5,validation
3025,S1-168860666,5,3-5,train
3026,S1-958403305,6,6+,train
3027,S1-880288045,7,6+,train
3028,S1-710003387,6,6+,train
3029,S1-427627706,3,3-5,train
3030,S1-324468580,1,1,train
3031,S1-489850842,1,1,train
3032,S1-278268711,3,3-5,train
3033,S1-774425166,2,2,train
3034,S1-616137863,6,6+,train
3035,S1-997231177,3,3-5,train
3036,S1-952130515,1,1,train
3037,S1-636430023,4,3-5,train
3038,S1-583609485,6,6+,train
3039,S1-959788426,3,3-5,train
3040,S1-452332900,1,1,train
3041,S1-319624106,3,3-5,train
3042,S1-18345127,2,2,train
3043,S1-722673025,1,1,train
3044,S1-453811988,4,3-5,train
3045,S1-590370706,6,6+,validation
3046,S1-808203240,2,2,train
3047,S1-163101848,1,1,train
3048,S1-485485418,2,2,train
3049,S1-823549514,2,2,validation
3050,S1-374875427,2,2,train
3051,S1-170678436,7,6+,train
3052,S1-861810699,1,1,validation
3053,S1-558219394,2,2,validation
3054,S1-96213662,2,2,train
3055,S1-61555892,1,1,train
3056,S1-839050363,5,3-5,train
3057,S1-411666642,2,2,validation
3058,S1-612903079,6,6+,train
3059,S1-959800379,3,3-5,train
3060,S1-395290031,2,2,train
3061,S1-456473918,5,3-5,train
3062,S1-895575084,7,6+,train
3063,S1-570449692,1,1,train
3064,S1-592407711,3,3-5,train
3065,S1-264394679,1,1,validation
3066,S1-338810270,2,2,train
3067,S1-827263796,3,3-5,train
3068,S1-893184278,1,1,validation
3069,S1-371548832,6,6+,train
3070,S1-798855674,6,6+,train
3071,S1-12261761,2,2,train
3072,S1-40111030,2,2,train
3073,S1-182000084,5,3-5,train
3074,S1-513766263,6,6+,train
3075,S1-792717600,2,2,validation
3076,S1-223489729,8,6+,validation
3077,S1-211709075,8,6+,validation
3078,S1-331396929,6,6+,train
3079,S1-207114807,2,2,validation
3080,S1-758758699,1,1,train
3081,S1-961664881,6,6+,train
3082,S1-45019474,2,2,train
3083,S1-166031307,2,2,validation
3084,S1-615110836,2,2,train
3085,S1-643880228,1,1,validation
3086,S1-696760920,5,3-5,validation
3087,S1-883253753,3,3-5,train
3088,S1-628428647,2,2,train
3089,S1-64888359,2,2,train
3090,S1-86846596,2,2,train
3091,S1-53702027,2,2,validation
3092,S1-674924839,6,6+,validation
3093,S1-497907053,1,1,train
3094,S1-837384386,7,6+,validation
3095,S1-177766442,5,3-5,train
3096,S1-812461323,2,2,train
3097,S1-119911114,4,3-5,train
3098,S1-667784887,5,3-5,validation
3099,S1-546001772,1,1,train
3100,S1-528737246,1,1,train
3101,S1-982268667,3,3-5,train
3102,S1-803095045,6,6+,validation
3103,S1-671731668,1,1,train
3104,S1-236867455,1,1,train
3105,S1-584181497,2,2,train
3106,S1-9652881,2,2,train
3107,S1-663995611,2,2,train
3108,S1-491294089,4,3-5,train
3109,S1-393793154,6,6+,train
3110,S1-99770174,1,1,train
3111,S1-254826852,1,1,validation
3112,S1-157761899,7,6+,train
3113,S1-556849697,6,6+,train
3114,S1-41728432,4,3-5,validation
3115,S1-116983636,9,6+,validation
3116,S1-436016349,2,2,train
3117,S1-740966202,1,1,train
3118,S1-565024477,7,6+,train
3119,S1-799854592,1,1,train
3120,S1-713454287,8,6+,train
3121,S1-615820782,6,6+,train
3122,S1-526182134,6,6+,train
3123,S1-889357144,1,1,train
3124,S1-590043090,7,6+,train
3125,S1-940354663,5,3-5,train
3126,S1-744032459,2,2,train
3127,S1-901093901,3,3-5,train
3128,S1-492260859,6,6+,train
3129,S1-323682336,4,3-5,train
3130,S1-209156848,1,1,train
3131,S1-463726942,6,6+,train
3132,S1-620788592,1,1,train
3133,S1-675048904,6,6+,train
3134,S1-952989628,2,2,train
3135,S1-859834964,1,1,train
3136,S1-377923889,1,1,train
3137,S1-875767353,2,2,train
3138,S1-289149794,2,2,train
3139,S1-574817213,6,6+,validation
3140,S1-566722723,7,6+,train
3141,S1-682109016,2,2,train
3142,S1-193536651,3,3-5,train
3143,S1-665130120,3,3-5,train
3144,S1-96120957,8,6+,train
3145,S1-695320651,2,2,train
3146,S1-638746857,7,6+,train
3147,S1-407588193,7,6+,validation
3148,S1-288664051,2,2,train
3149,S1-215153521,1,1,train
3150,S1-762300546,1,1,train
3151,S1-920959129,2,2,train
3152,S1-13335114,1,1,train
3153,S1-668811689,1,1,validation
3154,S1-889887408,4,3-5,train
3155,S1-288888210,6,6+,validation
3156,S1-821143188,4,3-5,train
3157,S1-539789459,3,3-5,train
3158,S1-845552772,4,3-5,train
3159,S1-52984012,8,6+,validation
3160,S1-62967918,6,6+,train
3161,S1-582928457,1,1,train
3162,S1-114105309,4,3-5,validation
3163,S1-933010055,1,1,train
3164,S1-739992970,6,6+,train
3165,S1-979306567,3,3-5,train
3166,S1-813589854,2,2,train
3167,S1-928649614,2,2,train
3168,S1-258809470,2,2,train
3169,S1-791063626,2,2,train
3170,S1-398211144,4,3-5,train
3171,S1-547629124,2,2,train
3172,S1-547823736,1,1,train
3173,S1-803171770,2,2,train
3174,S1-65601573,7,6+,train
3175,S1-83454219,3,3-5,train
3176,S1-475779833,1,1,train
3177,S1-649168639,7,6+,train
3178,S1-284023991,6,6+,train
3179,S1-245159717,5,3-5,train
3180,S1-474642490,6,6+,train
3181,S1-216170085,3,3-5,train
3182,S1-621517904,1,1,train
3183,S1-523143922,3,3-5,train
3184,S1-147820343,6,6+,validation
3185,S1-181947505,4,3-5,validation
3186,S1-210812245,6,6+,train
3187,S1-958277774,5,3-5,validation
3188,S1-419370402,6,6+,train
3189,S1-650153717,4,3-5,train
3190,S1-57757141,6,6+,train
3191,S1-469397263,6,6+,validation
3192,S1-704489571,3,3-5,train
3193,S1-241757307,6,6+,train
3194,S1-169298658,1,1,train
3195,S1-123177365,2,2,train
3196,S1-917218406,6,6+,train
3197,S1-385308959,6,6+,validation
3198,S1-753780605,1,1,train
3199,S1-520258449,9,6+,train
3200,S1-945929338,1,1,train
3201,S1-166709323,5,3-5,train
3202,S1-411966436,6,6+,train
3203,S1-979783881,2,2,train
3204,S1-95552011,1,1,train
3205,S1-334448165,5,3-5,train
3206,S1-55663812,6,6+,validation
3207,S1-292566066,7,6+,train
3208,S1-614120136,2,2,train
3209,S1-823109718,2,2,train
3210,S1-674627142,8,6+,train
3211,S1-828521376,6,6+,train
3212,S1-744805649,1,1,validation
3213,S1-229918073,5,3-5,validation
3214,S1-822124406,6,6+,train
3215,S1-90510973,6,6+,train
3216,S1-477374725,7,6+,train
3217,S1-144238252,1,1,train
3218,S1-944101097,2,2,train
3219,S1-787384921,1,1,train
3220,S1-52845005,2,2,train
3221,S1-230504296,1,1,train
3222,S1-656604711,5,3-5,train
3223,S1-30253641,2,2,train
3224,S1-843739480,4,3-5,train
3225,S1-598608565,1,1,train
3226,S1-50211653,1,1,validation
3227,S1-189900246,4,3-5,train
3228,S1-140973373,1,1,train
3229,S1-43970485,6,6+,validation
3230,S1-486339761,5,3-5,train
3231,S1-626585465,2,2,train
3232,S1-652113098,6,6+,train
3233,S1-85321152,2,2,train
3234,S1-647523632,6,6+,train
3235,S1-541698002,6,6+,train
3236,S1-230392726,7,6+,train
3237,S1-231049674,6,6+,validation
3238,S1-41122564,7,6+,train
3239,S1-28996058,1,1,train
3240,S1-935921436,2,2,train
3241,S1-676226532,1,1,validation
3242,S1-673015500,2,2,train
3243,S1-208271311,2,2,train
3244,S1-609828241,1,1,train
3245,S1-668982595,5,3-5,train
3246,S1-85428548,1,1,validation
3247,S1-770765540,2,2,train
3248,S1-968185131,4,3-5,train
3249,S1-876555592,1,1,train
3250,S1-301921385,2,2,validation
3251,S1-741561490,1,1,validation
3252,S1-922764773,4,3-5,train
3253,S1-903393043,2,2,validation
3254,S1-875497965,2,2,validation
3255,S1-52276903,6,6+,validation
3256,S1-127952019,2,2,train
3257,S1-598551035,2,2,train
3258,S1-949288167,2,2,train
3259,S1-669775620,6,6+,train
3260,S1-865688264,6,6+,train
3261,S1-903095317,6,6+,train
3262,S1-108314198,5,3-5,validation
3263,S1-117778924,5,3-5,train
3264,S1-561914023,4,3-5,train
3265,S1-154150871,1,1,train
3266,S1-567593257,3,3-5,validation
3267,S1-48170169,4,3-5,validation
3268,S1-854699202,6,6+,validation
3269,S1-123012025,3,3-5,train
3270,S1-345273807,2,2,train
3271,S1-877580882,4,3-5,train
3272,S1-594505961,1,1,train
3273,S1-841346905,5,3-5,train
3274,S1-121531565,3,3-5,validation
3275,S1-300896609,2,2,train
3276,S1-440086190,1,1,train
3277,S1-779306686,1,1,train
3278,S1-775496481,1,1,train
3279,S1-765244983,6,6+,train
3280,S1-906422691,2,2,train
3281,S1-739080165,2,2,train
3282,S1-165899616,5,3-5,train
3283,S1-210388008,2,2,train
3284,S1-933083821,3,3-5,train
3285,S1-741467592,8,6+,validation
3286,S1-427525084,2,2,validation
3287,S1-233580207,7,6+,validation
3288,S1-795689790,7,6+,validation
3289,S1-384165,4,3-5,train
3290,S1-201773599,6,6+,train
3291,S1-346219097,2,2,train
3292,S1-175300766,1,1,train
3293,S1-283140681,6,6+,train
3294,S1-819840896,1,1,train
3295,S1-761587805,1,1,train
3296,S1-682138181,6,6+,train
3297,S1-979438774,3,3-5,train
3298,S1-23395080,6,6+,train
3299,S1-230249730,6,6+,train
3300,S1-866462603,6,6+,train
3301,S1-831871448,4,3-5,train
3302,S1-737044652,8,6+,train
3303,S1-122410090,2,2,train
3304,S1-579214678,5,3-5,train
3305,S1-984417681,3,3-5,train
3306,S1-520505904,6,6+,train
3307,S1-723713696,1,1,train
3308,S1-512608007,2,2,train
3309,S1-510310623,6,6+,validation
3310,S1-278132403,2,2,train
3311,S1-978477693,5,3-5,validation
3312,S1-967217054,1,1,train
3313,S1-574681642,6,6+,train
3314,S1-172077303,4,3-5,validation
3315,S1-80451404,6,6+,train
3316,S1-210789807,4,3-5,validation
3317,S1-722602307,2,2,train
3318,S1-782408178,2,2,validation
3319,S1-290792809,7,6+,validation
3320,S1-795346627,3,3-5,validation
3321,S1-495285131,6,6+,validation
3322,S1-969392778,1,1,train
3323,S1-982121884,2,2,train
3324,S1-247784385,3,3-5,train
3325,S1-766484366,2,2,train
3326,S1-139899970,1,1,train
3327,S1-729652144,2,2,validation
3328,S1-910254792,2,2,validation
3329,S1-285808663,6,6+,train
3330,S1-128074174,4,3-5,train
3331,S1-423094381,6,6+,train
3332,S1-477990949,6,6+,train
3333,S1-924405069,2,2,train
3334,S1-213049071,6,6+,train
3335,S1-932143989,2,2,train
3336,S1-726241992,4,3-5,train
3337,S1-542465786,6,6+,train
3338,S1-113071003,2,2,train
3339,S1-258801053,2,2,validation
3340,S1-606884943,4,3-5,train
3341,S1-805688807,6,6+,validation
3342,S1-758412135,6,6+,train
3343,S1-965201160,1,1,validation
3344,S1-503678819,2,2,train
3345,S1-120659425,3,3-5,train
3346,S1-263592149,5,3-5,validation
3347,S1-165338864,5,3-5,validation
3348,S1-331004022,5,3-5,train
3349,S1-805520274,6,6+,train
3350,S1-739886547,2,2,train
3351,S1-448235647,1,1,validation
3352,S1-77311491,3,3-5,train
3353,S1-883566161,5,3-5,train
3354,S1-540927462,4,3-5,validation
3355,S1-534710975,1,1,train
3356,S1-630256067,2,2,validation
3357,S1-80284639,4,3-5,train
3358,S1-89385179,2,2,train
3359,S1-754846554,1,1,validation
3360,S1-217840806,2,2,train
3361,S1-516144132,3,3-5,train
3362,S1-494243613,2,2,train
3363,S1-992970164,1,1,validation
3364,S1-396474929,2,2,train
3365,S1-450016775,1,1,train
3366,S1-726002033,4,3-5,train
3367,S1-380447612,4,3-5,train
3368,S1-793829185,3,3-5,validation
3369,S1-412537380,5,3-5,train
3370,S1-457127180,1,1,train
3371,S1-515559827,5,3-5,train
3372,S1-690015544,2,2,validation
3373,S1-852901943,1,1,train
3374,S1-436403929,1,1,train
3375,S1-540382837,2,2,train
3376,S1-857318798,2,2,validation
3377,S1-381042311,2,2,train
3378,S1-878391636,1,1,train
3379,S1-705978499,5,3-5,validation
3380,S1-259813178,2,2,train
3381,S1-589215823,7,6+,train
3382,S1-68689017,6,6+,train
3383,S1-618396919,3,3-5,validation
3384,S1-824317571,1,1,validation
3385,S1-907646798,4,3-5,train
3386,S1-540812235,6,6+,train
3387,S1-718812713,2,2,train
3388,S1-393988125,2,2,train
3389,S1-248858091,1,1,train
3390,S1-787511980,1,1,train
3391,S1-370847537,2,2,train
3392,S1-150672404,3,3-5,train
3393,S1-365013201,1,1,validation
3394,S1-72150812,1,1,train
3395,S1-841036882,2,2,train
3396,S1-204538385,2,2,train
3397,S1-747572418,1,1,train
3398,S1-410216125,2,2,train
3399,S1-68721379,4,3-5,train
3400,S1-45613614,6,6+,validation
3401,S1-928544258,1,1,train
3402,S1-845411717,7,6+,validation
3403,S1-920843571,4,3-5,validation
3404,S1-783900965,3,3-5,train
3405,S1-159956451,1,1,train
3406,S1-482389488,6,6+,train
3407,S1-998677315,2,2,train
3408,S1-603380330,2,2,train
3409,S1-351117527,2,2,train
3410,S1-632835721,1,1,train
3411,S1-111222658,2,2,train
3412,S1-415591674,4,3-5,train
3413,S1-860641294,1,1,train
3414,S1-194905873,3,3-5,validation
3415,S1-697403219,2,2,validation
3416,S1-956988170,2,2,train
3417,S1-829515614,1,1,validation
3418,S1-868384422,9,6+,train
3419,S1-114788855,6,6+,train
3420,S1-92450553,6,6+,train
3421,S1-455705110,2,2,train
3422,S1-533559690,7,6+,train
3423,S1-147676564,2,2,validation
3424,S1-510480694,6,6+,train
3425,S1-878522948,2,2,train
3426,S1-902166337,1,1,train
3427,S1-468579521,2,2,train
3428,S1-75405289,6,6+,train
3429,S1-751461651,7,6+,train
3430,S1-331594034,5,3-5,train
3431,S1-836669486,2,2,validation
3432,S1-10006299,6,6+,validation
3433,S1-350215422,4,3-5,train
3434,S1-148074866,6,6+,train
3435,S1-945059928,2,2,validation
3436,S1-441697913,1,1,validation
3437,S1-218927461,1,1,train
3438,S1-938564510,2,2,validation
3439,S1-127683567,1,1,train
3440,S1-40199777,1,1,train
3441,S1-46882171,8,6+,train
3442,S1-341926189,6,6+,train
3443,S1-130391667,1,1,validation
3444,S1-798115495,1,1,validation
3445,S1-46395287,2,2,train
3446,S1-815816697,6,6+,train
3447,S1-756840342,8,6+,train
3448,S1-426501541,2,2,train
3449,S1-816455110,1,1,validation
3450,S1-179670633,2,2,train
3451,S1-752419378,6,6+,train
3452,S1-424420432,8,6+,train
3453,S1-586969740,1,1,train
3454,S1-133624164,1,1,validation
3455,S1-521259279,2,2,train
3456,S1-731974980,7,6+,train
3457,S1-638526945,1,1,train
3458,S1-330431791,6,6+,train
3459,S1-128471707,1,1,train
3460,S1-181692203,1,1,train
3461,S1-704781809,2,2,validation
3462,S1-897391089,2,2,train
3463,S1-189752019,6,6+,train
3464,S1-392410671,6,6+,train
3465,S1-54997660,1,1,validation
3466,S1-561555031,5,3-5,validation
3467,S1-590775215,2,2,train
3468,S1-479654940,7,6+,train
3469,S1-348808,2,2,validation
3470,S1-28065449,6,6+,train
3471,S1-211562224,2,2,train
3472,S1-665893063,1,1,train
3473,S1-321495441,1,1,train
3474,S1-619619289,1,1,train
3475,S1-712740486,6,6+,train
3476,S1-186817890,3,3-5,train
3477,S1-563584907,2,2,train
3478,S1-316993243,2,2,train
3479,S1-434833276,1,1,train
3480,S1-203533906,3,3-5,train
3481,S1-948238810,2,2,train
3482,S1-824334657,1,1,train
3483,S1-391593789,2,2,train
3484,S1-16009196,5,3-5,validation
3485,S1-781058673,3,3-5,validation
3486,S1-388796562,1,1,validation
3487,S1-171843130,2,2,train
3488,S1-331276952,4,3-5,train
3489,S1-246840526,5,3-5,train
3490,S1-141652195,2,2,train
3491,S1-209647858,3,3-5,train
3492,S1-279384455,2,2,train
3493,S1-487173377,1,1,train
3494,S1-839076740,7,6+,validation
3495,S1-452288974,1,1,train
3496,S1-205946927,3,3-5,validation
3497,S1-501010753,3,3-5,train
3498,S1-634305679,2,2,train
3499,S1-463450880,7,6+,train
3500,S1-673260834,2,2,train
3501,S1-299714641,7,6+,train
3502,S1-651264381,5,3-5,train
3503,S1-362844186,5,3-5,validation
3504,S1-711701144,1,1,train
3505,S1-901945822,1,1,train
3506,S1-133157340,3,3-5,train
3507,S1-185920786,2,2,validation
3508,S1-871678711,1,1,validation
3509,S1-635124541,7,6+,train
3510,S1-659588188,6,6+,train
3511,S1-247251240,2,2,validation
3512,S1-816211579,1,1,validation
3513,S1-697583726,2,2,train
3514,S1-230103672,6,6+,train
3515,S1-726673680,5,3-5,train
3516,S1-275319044,5,3-5,train
3517,S1-264542254,1,1,train
3518,S1-427198494,2,2,train
3519,S1-837211769,1,1,train
3520,S1-380052597,6,6+,train
3521,S1-488524597,1,1,train
3522,S1-753569432,1,1,train
3523,S1-839046700,6,6+,train
3524,S1-179052769,1,1,train
3525,S1-352512977,6,6+,train
3526,S1-704153361,1,1,train
3527,S1-840646437,5,3-5,train
3528,S1-42579095,6,6+,train
3529,S1-951086913,1,1,train
3530,S1-176632947,8,6+,train
3531,S1-282186522,6,6+,validation
3532,S1-313908928,5,3-5,train
3533,S1-359330573,6,6+,train
3534,S1-647535042,2,2,train
3535,S1-896478541,2,2,train
3536,S1-884605578,6,6+,train
3537,S1-41395380,6,6+,train
3538,S1-729364943,5,3-5,train
3539,S1-476926400,6,6+,train
3540,S1-462405231,1,1,train
3541,S1-85480319,3,3-5,train
3542,S1-450182402,6,6+,train
3543,S1-620053286,1,1,train
3544,S1-792236809,2,2,train
3545,S1-367938047,1,1,train
3546,S1-971316333,2,2,train
3547,S1-480766003,1,1,train
3548,S1-338409633,4,3-5,train
3549,S1-40344979,1,1,train
3550,S1-413517979,6,6+,train
3551,S1-770469741,3,3-5,train
3552,S1-573623128,2,2,validation
3553,S1-85200279,2,2,train
3554,S1-130541313,2,2,validation
3555,S1-728700950,6,6+,train
3556,S1-529211925,2,2,validation
3557,S1-783495359,6,6+,train
3558,S1-12995604,7,6+,train
3559,S1-813931595,4,3-5,train
3560,S1-967639690,7,6+,train
3561,S1-272482529,3,3-5,train
3562,S1-744314842,7,6+,train
3563,S1-348987781,6,6+,validation
3564,S1-442586385,2,2,train
3565,S1-770238862,3,3-5,train
3566,S1-728505724,1,1,train
3567,S1-640830255,5,3-5,train
3568,S1-963492546,1,1,train
3569,S1-36922260,2,2,train
3570,S1-636343506,6,6+,validation
3571,S1-44344948,2,2,train
3572,S1-810786097,5,3-5,train
3573,S1-80055146,3,3-5,train
3574,S1-14847748,3,3-5,train
3575,S1-829536849,3,3-5,train
3576,S1-420324488,4,3-5,validation
3577,S1-168267310,2,2,train
3578,S1-278570576,2,2,train
3579,S1-62117934,2,2,train
3580,S1-305893093,1,1,train
3581,S1-847331126,2,2,train
3582,S1-287591067,1,1,validation
3583,S1-973589592,2,2,train
3584,S1-51125285,6,6+,validation
3585,S1-3416570,8,6+,train
3586,S1-208832968,6,6+,train
3587,S1-532890594,3,3-5,validation
3588,S1-860726471,4,3-5,validation
3589,S1-110779795,7,6+,train
3590,S1-435802369,1,1,train
3591,S1-616636478,2,2,train
3592,S1-653389411,2,2,train
3593,S1-542954666,2,2,train
3594,S1-775042981,6,6+,validation
3595,S1-285973323,2,2,train
3596,S1-746437604,4,3-5,train
3597,S1-528860555,5,3-5,train
3598,S1-755651073,2,2,train
3599,S1-280540776,6,6+,train
3600,S1-46440009,4,3-5,validation
3601,S1-708001936,2,2,train
3602,S1-770001152,6,6+,train
3603,S1-365767620,1,1,train
3604,S1-640616779,1,1,train
3605,S1-119030276,2,2,train
3606,S1-295996248,2,2,validation
3607,S1-143609231,6,6+,train
3608,S1-77076355,7,6+,train
3609,S1-97074718,2,2,validation
3610,S1-567978365,3,3-5,validation
3611,S1-985364195,2,2,validation
3612,S1-369859076,4,3-5,train
3613,S1-755370064,2,2,train
3614,S1-15598078,6,6+,train
3615,S1-897199186,1,1,train
3616,S1-582746833,6,6+,validation
3617,S1-853011511,2,2,train
3618,S1-401788957,6,6+,train
3619,S1-830279998,1,1,train
3620,S1-606064009,2,2,train
3621,S1-437976640,1,1,train
3622,S1-972164839,2,2,train
3623,S1-284122855,2,2,train
3624,S1-230276209,8,6+,train
3625,S1-249220064,1,1,train
3626,S1-712537740,4,3-5,train
3627,S1-150533149,1,1,validation
3628,S1-64901468,1,1,train
3629,S1-480772117,2,2,validation
3630,S1-125130769,6,6+,train
3631,S1-701989168,2,2,validation
3632,S1-115300024,4,3-5,train
3633,S1-593846460,1,1,train
3634,S1-105900826,2,2,train
3635,S1-761997105,2,2,train
3636,S1-204396665,5,3-5,train
3637,S1-474634955,1,1,train
3638,S1-371966329,1,1,train
3639,S1-153495524,2,2,validation
3640,S1-486199132,2,2,train
3641,S1-516755030,2,2,validation
3642,S1-291649300,3,3-5,validation
3643,S1-676588471,2,2,train
3644,S1-736629769,2,2,train
3645,S1-723369439,2,2,train
3646,S1-229901899,2,2,train
3647,S1-405907686,3,3-5,train
3648,S1-502583210,4,3-5,train
3649,S1-750817979,1,1,train
3650,S1-725091244,2,2,validation
3651,S1-287637137,1,1,train
3652,S1-952379902,2,2,train
3653,S1-184073162,1,1,train
3654,S1-403589335,1,1,train
3655,S1-931606045,6,6+,train
3656,S1-32068445,6,6+,train
3657,S1-324048848,4,3-5,validation
3658,S1-201362359,2,2,validation
3659,S1-703587589,2,2,validation
3660,S1-53421267,4,3-5,train
3661,S1-981671211,1,1,train
3662,S1-797966238,1,1,train
3663,S1-417113258,5,3-5,train
3664,S1-631899019,8,6+,train
3665,S1-115646668,1,1,train
3666,S1-316325057,1,1,train
3667,S1-89071394,1,1,train
3668,S1-198301174,2,2,train
3669,S1-792745836,6,6+,validation
3670,S1-176430450,3,3-5,validation
3671,S1-986453908,1,1,validation
3672,S1-240569316,1,1,train
3673,S1-264835594,1,1,train
3674,S1-608731216,1,1,train
3675,S1-322742919,2,2,train
3676,S1-932962716,4,3-5,train
3677,S1-934111304,6,6+,train
3678,S1-634776838,1,1,train
3679,S1-860493467,1,1,train
3680,S1-266344471,1,1,train
3681,S1-595028086,2,2,train
3682,S1-674745705,2,2,train
3683,S1-457203704,6,6+,train
3684,S1-543485189,7,6+,train
3685,S1-671135926,2,2,validation
3686,S1-868800616,1,1,train
3687,S1-258251069,1,1,train
3688,S1-202104580,2,2,train
3689,S1-440882581,6,6+,train
3690,S1-392015514,6,6+,train
3691,S1-631523824,2,2,train
3692,S1-694285256,2,2,train
3693,S1-461852902,6,6+,train
3694,S1-919353585,1,1,train
3695,S1-856314359,2,2,train
3696,S1-797477421,6,6+,validation
3697,S1-754845239,1,1,train
3698,S1-642733718,1,1,validation
3699,S1-785345254,2,2,train
3700,S1-869995157,2,2,train
3701,S1-24405969,5,3-5,validation
3702,S1-615563,2,2,train
3703,S1-586890277,1,1,train
3704,S1-917551266,1,1,validation
3705,S1-541511819,3,3-5,train
3706,S1-600559378,1,1,train
3707,S1-644512185,2,2,train
3708,S1-493591934,1,1,train
3709,S1-567267381,9,6+,train
3710,S1-384747848,7,6+,validation
3711,S1-92112011,1,1,train
3712,S1-752643089,4,3-5,validation
3713,S1-431898026,1,1,train
3714,S1-670965363,2,2,train
3715,S1-738699125,3,3-5,validation
3716,S1-787208975,2,2,train
3717,S1-533642595,2,2,validation
3718,S1-740792671,6,6+,train
3719,S1-502551651,1,1,train
3720,S1-24614092,1,1,validation
3721,S1-742153882,2,2,train
3722,S1-555283599,1,1,validation
3723,S1-176535622,2,2,train
3724,S1-111138227,6,6+,train
3725,S1-308540242,2,2,train
3726,S1-392660513,6,6+,train
3727,S1-766060341,2,2,train
3728,S1-268459950,2,2,train
3729,S1-998885833,7,6+,train
3730,S1-595856093,6,6+,train
3731,S1-488685307,6,6+,train
3732,S1-735816412,8,6+,validation
3733,S1-764585746,2,2,validation
3734,S1-998075641,2,2,train
3735,S1-557613334,2,2,validation
3736,S1-88386956,1,1,validation
3737,S1-390374599,5,3-5,train
3738,S1-373842750,1,1,validation
3739,S1-253484206,6,6+,train
3740,S1-148502189,3,3-5,train
3741,S1-410503591,2,2,train
3742,S1-294501564,3,3-5,train
3743,S1-438830056,2,2,train
3744,S1-479462718,4,3-5,train
3745,S1-653630919,1,1,validation
3746,S1-756912374,5,3-5,validation
3747,S1-243628277,6,6+,validation
3748,S1-799389694,6,6+,train
3749,S1-915824533,6,6+,train
3750,S1-877239110,5,3-5,train
3751,S1-91921663,5,3-5,train
3752,S1-438626112,6,6+,train
3753,S1-913921756,1,1,train
3754,S1-708861378,5,3-5,train
3755,S1-408571830,2,2,validation
3756,S1-725060823,1,1,validation
3757,S1-294554706,6,6+,validation
3758,S1-996696343,1,1,validation
3759,S1-33555681,5,3-5,train
3760,S1-812940438,4,3-5,train
3761,S1-935404106,2,2,train
3762,S1-168368738,3,3-5,train
3763,S1-69953196,2,2,validation
3764,S1-59176627,2,2,train
3765,S1-691763350,2,2,train
3766,S1-514052686,6,6+,train
3767,S1-9952757,2,2,train
3768,S1-777292299,1,1,train
3769,S1-466856067,2,2,validation
3770,S1-91224890,2,2,train
3771,S1-599088380,4,3-5,train
3772,S1-563417024,1,1,train
3773,S1-461371452,1,1,train
3774,S1-395611465,9,6+,validation
3775,S1-317500300,6,6+,train
3776,S1-933514765,7,6+,train
3777,S1-538332098,1,1,train
3778,S1-111201479,3,3-5,train
3779,S1-42776647,3,3-5,train
3780,S1-61170849,7,6+,train
3781,S1-97235534,4,3-5,validation
3782,S1-117002314,1,1,train
3783,S1-91626568,1,1,train
3784,S1-770359061,2,2,train
3785,S1-30009120,1,1,train
3786,S1-762393036,4,3-5,validation
3787,S1-760104000,4,3-5,train
3788,S1-908558975,1,1,train
3789,S1-959864437,1,1,train
3790,S1-235548595,2,2,validation
3791,S1-716186597,2,2,validation
3792,S1-376097534,2,2,validation
3793,S1-179770252,8,6+,train
3794,S1-857960209,3,3-5,train
3795,S1-279154491,6,6+,train
3796,S1-749979430,6,6+,train
3797,S1-321713066,3,3-5,train
3798,S1-479283085,7,6+,train
3799,S1-916499515,1,1,train
3800,S1-945229500,6,6+,train
3801,S1-34670871,2,2,train
3802,S1-903068070,2,2,train
3803,S1-765959243,6,6+,train
3804,S1-951082743,6,6+,train
3805,S1-485585011,2,2,validation
3806,S1-372596707,2,2,validation
3807,S1-237042509,1,1,validation
3808,S1-955587492,2,2,train
3809,S1-95445959,2,2,validation
3810,S1-208378183,3,3-5,train
3811,S1-655142815,6,6+,train
3812,S1-386326490,1,1,validation
3813,S1-982806094,6,6+,train
3814,S1-557147267,1,1,train
3815,S1-320998884,1,1,train
3816,S1-913112350,1,1,validation
3817,S1-185948432,4,3-5,train
3818,S1-784951793,5,3-5,train
3819,S1-547019094,1,1,train
3820,S1-951074616,3,3-5,train
3821,S1-470464435,5,3-5,validation
3822,S1-100972100,1,1,validation
3823,S1-920668609,6,6+,train
3824,S1-879987029,7,6+,train
3825,S1-115228750,6,6+,validation
3826,S1-176518192,6,6+,train
3827,S1-491755908,7,6+,validation
3828,S1-413944539,1,1,train
3829,S1-944508927,6,6+,train
3830,S1-873184948,5,3-5,train
3831,S1-789765890,6,6+,validation
3832,S1-35027730,1,1,train
3833,S1-958451981,1,1,validation
3834,S1-646806115,4,3-5,train
3835,S1-216638168,6,6+,train
3836,S1-890828873,2,2,train
3837,S1-419247905,3,3-5,train
3838,S1-967893095,2,2,train
3839,S1-972122516,6,6+,train
3840,S1-94088147,2,2,train
3841,S1-325860454,2,2,train
3842,S1-959236195,1,1,train
3843,S1-760738680,4,3-5,train
3844,S1-240756473,4,3-5,train
3845,S1-117807210,4,3-5,train
3846,S1-289509206,2,2,train
3847,S1-682496059,2,2,train
3848,S1-370785251,2,2,train
3849,S1-896499552,2,2,train
3850,S1-632337330,1,1,train
3851,S1-681899152,6,6+,train
3852,S1-909501262,1,1,train
3853,S1-351440820,1,1,train
3854,S1-75040812,2,2,train
3855,S1-88072578,2,2,validation
3856,S1-431558066,2,2,train
3857,S1-246875470,1,1,train
3858,S1-914024103,3,3-5,validation
3859,S1-143835528,2,2,train
3860,S1-904777428,6,6+,train
3861,S1-953117252,3,3-5,train
3862,S1-682669929,1,1,train
3863,S1-363970277,1,1,train
3864,S1-980535982,1,1,train
3865,S1-981870857,1,1,train
3866,S1-133578036,2,2,train
3867,S1-4232578,4,3-5,train
3868,S1-724050641,1,1,train
3869,S1-900848199,6,6+,train
3870,S1-580101519,3,3-5,validation
3871,S1-41177826,7,6+,train
3872,S1-395537082,3,3-5,validation
3873,S1-122976586,2,2,train
3874,S1-649489677,6,6+,train
3875,S1-872854725,1,1,validation
3876,S1-259054775,1,1,validation
3877,S1-46106449,4,3-5,train
3878,S1-791161549,2,2,train
3879,S1-377519126,2,2,train
3880,S1-955665251,8,6+,train
3881,S1-769521299,4,3-5,train
3882,S1-617879357,2,2,train
3883,S1-422964050,1,1,train
3884,S1-929268344,1,1,train
3885,S1-698933545,2,2,train
3886,S1-920754747,4,3-5,train
3887,S1-87680145,2,2,train
3888,S1-891794685,6,6+,train
3889,S1-484685417,6,6+,train
3890,S1-196507788,6,6+,train
3891,S1-451669017,6,6+,validation
3892,S1-217490036,2,2,train
3893,S1-571583924,1,1,validation
3894,S1-295558020,2,2,train
3895,S1-175453490,5,3-5,train
3896,S1-603803872,2,2,validation
3897,S1-413558121,4,3-5,validation
3898,S1-445773141,2,2,train
3899,S1-673096539,6,6+,train
3900,S1-388779051,6,6+,train
3901,S1-544243126,5,3-5,train
3902,S1-113052125,2,2,validation
3903,S1-282686187,5,3-5,train
3904,S1-159086873,2,2,validation
3905,S1-638609287,6,6+,train
3906,S1-901636346,2,2,validation
3907,S1-197689994,2,2,validation
3908,S1-315682359,1,1,validation
3909,S1-330352658,6,6+,train
3910,S1-271901146,2,2,train
3911,S1-291488853,2,2,train
3912,S1-394064449,1,1,train
3913,S1-718529325,4,3-5,train
3914,S1-623307548,1,1,train
3915,S1-349537612,4,3-5,train
3916,S1-67632610,7,6+,train
3917,S1-899501279,2,2,train
3918,S1-85965050,3,3-5,train
3919,S1-958475533,3,3-5,train
3920,S1-246976171,1,1,train
3921,S1-421754769,2,2,train
3922,S1-235764385,1,1,train
3923,S1-856490667,4,3-5,train
3924,S1-679384270,2,2,validation
3925,S1-565507436,1,1,train
3926,S1-986282437,6,6+,train
3927,S1-125662262,1,1,train
3928,S1-59921007,1,1,train
3929,S1-265666373,6,6+,train
3930,S1-244079762,6,6+,train
3931,S1-251256218,2,2,train
3932,S1-903853875,6,6+,train
3933,S1-606102113,6,6+,validation
3934,S1-384134135,6,6+,train
3935,S1-535561202,3,3-5,train
3936,S1-964599506,6,6+,train
3937,S1-430068808,4,3-5,train
3938,S1-323489687,3,3-5,train
3939,S1-990547828,3,3-5,train
3940,S1-31166026,1,1,train
3941,S1-445602411,4,3-5,train
3942,S1-200768090,2,2,train
3943,S1-307922269,4,3-5,train
3944,S1-637487628,1,1,train
3945,S1-696669319,9,6+,train
3946,S1-646840928,1,1,train
3947,S1-683509500,2,2,train
3948,S1-71724761,6,6+,train
3949,S1-635552382,8,6+,train
3950,S1-735343589,6,6+,train
3951,S1-803456731,4,3-5,validation
3952,S1-491228535,2,2,train
3953,S1-84070540,2,2,train
3954,S1-590597366,1,1,train
3955,S1-821918133,2,2,train
3956,S1-195503431,1,1,validation
3957,S1-248056599,1,1,train
3958,S1-302290317,3,3-5,train
3959,S1-776719248,2,2,train
3960,S1-415387833,1,1,train
3961,S1-80185149,4,3-5,validation
3962,S1-703160641,3,3-5,train
3963,S1-945161667,1,1,train
3964,S1-218745891,8,6+,train
3965,S1-299886523,1,1,validation
3966,S1-890244312,3,3-5,validation
3967,S1-764194586,2,2,train
3968,S1-359155579,2,2,train
3969,S1-5998019,1,1,train
3970,S1-624809420,2,2,train
3971,S1-652551287,7,6+,validation
3972,S1-480361779,2,2,train
3973,S1-846889932,6,6+,train
3974,S1-449165201,5,3-5,train
3975,S1-144358833,4,3-5,train
3976,S1-300344527,3,3-5,validation
3977,S1-896495685,2,2,validation
3978,S1-145983632,4,3-5,train
3979,S1-932010370,2,2,train
3980,S1-558413635,6,6+,train
3981,S1-102206337,1,1,train
3982,S1-289327527,2,2,train
3983,S1-936279227,2,2,train
3984,S1-572812016,2,2,train
3985,S1-828565388,8,6+,train
3986,S1-843840322,2,2,validation
3987,S1-105717020,3,3-5,train
3988,S1-644588575,1,1,validation
3989,S1-128754248,1,1,validation
3990,S1-424250569,6,6+,validation
3991,S1-592184057,4,3-5,train
3992,S1-728437886,3,3-5,train
3993,S1-56391096,6,6+,train
3994,S1-924830123,3,3-5,train
3995,S1-835310908,2,2,validation
3996,S1-171500529,1,1,train
3997,S1-689658626,1,1,train
3998,S1-83321602,7,6+,train
3999,S1-866160777,2,2,train
4000,S1-199728617,6,6+,train
4001,S1-279645094,2,2,train
4002,S1-497241072,1,1,train
4003,S1-429510249,2,2,train
4004,S1-456788930,1,1,validation
4005,S1-882310799,1,1,validation
4006,S1-39200208,6,6+,train
4007,S1-985712771,2,2,train
4008,S1-355433809,6,6+,train
4009,S1-729262977,1,1,train
4010,S1-367693023,2,2,train
4011,S1-423744797,2,2,validation
4012,S1-946404976,2,2,train
4013,S1-479739837,2,2,train
4014,S1-869429348,3,3-5,validation
4015,S1-703332155,1,1,train
4016,S1-533607876,1,1,train
4017,S1-498669262,1,1,train
4018,S1-439942008,8,6+,validation
4019,S1-900761497,2,2,train
4020,S1-524983439,3,3-5,validation
4021,S1-13594117,5,3-5,train
4022,S1-890203053,1,1,train
4023,S1-999953953,1,1,train
4024,S1-28397113,2,2,train
4025,S1-161269975,1,1,validation
4026,S1-246586198,1,1,train
4027,S1-896375921,4,3-5,validation
4028,S1-681824774,6,6+,train
4029,S1-761814299,2,2,train
4030,S1-313289122,5,3-5,train
4031,S1-493053628,6,6+,train
4032,S1-991055295,1,1,train
4033,S1-383435463,6,6+,train
4034,S1-137228568,1,1,train
4035,S1-986350715,1,1,validation
4036,S1-137384279,2,2,train
4037,S1-566604543,5,3-5,train
4038,S1-942342068,1,1,train
4039,S1-251173772,2,2,train
4040,S1-936032236,1,1,train
4041,S1-25201111,3,3-5,train
4042,S1-527617517,2,2,train
4043,S1-784269782,2,2,train
4044,S1-152904859,1,1,train
4045,S1-856858439,7,6+,train
4046,S1-478294067,1,1,train
4047,S1-75311957,3,3-5,train
4048,S1-961432281,2,2,validation
4049,S1-237780891,1,1,train
4050,S1-776397654,2,2,train
4051,S1-775227610,6,6+,train
4052,S1-200351009,1,1,validation
4053,S1-663356138,7,6+,train
4054,S1-545727816,5,3-5,train
4055,S1-534647284,1,1,train
4056,S1-545755349,1,1,train
4057,S1-194347124,6,6+,train
4058,S1-660692647,5,3-5,validation
4059,S1-31867617,6,6+,train
4060,S1-974341156,1,1,train
4061,S1-681904110,2,2,train
4062,S1-331033164,2,2,train
4063,S1-23917055,1,1,train
4064,S1-310140123,5,3-5,train
4065,S1-842802276,6,6+,train
4066,S1-272591323,6,6+,train
4067,S1-513180473,1,1,train
4068,S1-675686898,1,1,train
4069,S1-39811814,2,2,train
4070,S1-553813993,1,1,validation
4071,S1-968089027,2,2,validation
4072,S1-96681602,2,2,train
4073,S1-762828567,2,2,train
4074,S1-447362630,2,2,train
4075,S1-192712661,6,6+,train
4076,S1-226964528,6,6+,train
4077,S1-647217272,2,2,train
4078,S1-974067548,4,3-5,validation
4079,S1-353128782,2,2,train
4080,S1-440377235,7,6+,validation
4081,S1-880832120,1,1,train
4082,S1-284160342,1,1,train
4083,S1-354267584,6,6+,train
4084,S1-569282292,2,2,train
4085,S1-968126494,5,3-5,train
4086,S1-347297147,1,1,validation
4087,S1-338269690,3,3-5,train
4088,S1-319044272,7,6+,train
4089,S1-174460146,2,2,train
4090,S1-16879454,1,1,train
4091,S1-271203913,8,6+,train
4092,S1-846655063,3,3-5,validation
4093,S1-912832824,8,6+,train
4094,S1-891394338,6,6+,validation
4095,S1-39228109,6,6+,train
4096,S1-528501022,1,1,train
4097,S1-807548278,2,2,train
4098,S1-424204072,1,1,validation
4099,S1-319476730,3,3-5,train
4100,S1-398991356,2,2,validation
4101,S1-997868126,7,6+,train
4102,S1-569014349,2,2,train
4103,S1-167908397,5,3-5,validation
4104,S1-810146178,2,2,train
4105,S1-659846633,1,1,train
4106,S1-650411413,1,1,train
4107,S1-141138673,5,3-5,train
4108,S1-89973691,7,6+,train
4109,S1-993723705,2,2,validation
4110,S1-97429206,2,2,train
4111,S1-976695222,2,2,train
4112,S1-399533477,1,1,train
4113,S1-368079716,2,2,train
4114,S1-649197605,6,6+,train
4115,S1-295287954,1,1,train
4116,S1-20126173,1,1,train
4117,S1-815296896,1,1,train
4118,S1-729676030,6,6+,train
4119,S1-38831077,7,6+,train
4120,S1-455123215,1,1,train
4121,S1-604698506,1,1,validation
4122,S1-893833947,6,6+,train
4123,S1-317034956,7,6+,validation
4124,S1-543186042,2,2,train
4125,S1-200183085,5,3-5,validation
4126,S1-220362888,7,6+,train
4127,S1-944910953,1,1,validation
4128,S1-714668460,2,2,train
4129,S1-689720241,2,2,train
4130,S1-783607315,1,1,train
4131,S1-856890974,2,2,train
4132,S1-6747200,5,3-5,validation
4133,S1-893427266,7,6+,validation
4134,S1-780071150,3,3-5,validation
4135,S1-886777023,5,3-5,train
4136,S1-764071742,6,6+,train
4137,S1-937035101,3,3-5,train
4138,S1-362609838,6,6+,validation
4139,S1-799146316,3,3-5,validation
4140,S1-680958649,2,2,validation
4141,S1-412117535,6,6+,train
4142,S1-177771156,2,2,train
4143,S1-497268474,8,6+,train
4144,S1-690611556,1,1,validation
4145,S1-940643037,1,1,train
4146,S1-72551539,1,1,train
4147,S1-985643157,1,1,validation
4148,S1-472047430,3,3-5,train
4149,S1-125076152,5,3-5,validation
4150,S1-79737521,6,6+,train
4151,S1-673847146,4,3-5,validation
4152,S1-226887511,1,1,validation
4153,S1-294329829,6,6+,train
4154,S1-241423575,7,6+,validation
4155,S1-223228708,4,3-5,validation
4156,S1-331268849,7,6+,train
4157,S1-424192073,2,2,validation
4158,S1-984356752,9,6+,train
4159,S1-298989051,2,2,train
4160,S1-388173724,7,6+,validation
4161,S1-890652699,1,1,train
4162,S1-789987466,1,1,train
4163,S1-637446075,7,6+,train
4164,S1-662440684,4,3-5,train
4165,S1-490649136,6,6+,train
4166,S1-508955175,6,6+,train
4167,S1-639628678,6,6+,train
4168,S1-216921515,1,1,validation
4169,S1-704766303,2,2,train
4170,S1-823982297,2,2,train
4171,S1-391383757,2,2,train
4172,S1-426606644,1,1,train
4173,S1-659770658,1,1,train
4174,S1-965365278,6,6+,train
4175,S1-760619891,6,6+,train
4176,S1-317796654,1,1,train
4177,S1-389682361,6,6+,train
4178,S1-653807901,4,3-5,train
4179,S1-584745105,1,1,train
4180,S1-144238294,3,3-5,train
4181,S1-678628808,2,2,validation
4182,S1-389651989,7,6+,train
4183,S1-632664003,2,2,train
4184,S1-698344128,2,2,train
4185,S1-994531039,7,6+,train
4186,S1-756046602,5,3-5,train
4187,S1-623250482,2,2,validation
4188,S1-929118353,6,6+,validation
4189,S1-462059496,3,3-5,train
4190,S1-329367186,1,1,train
4191,S1-239384693,5,3-5,train
4192,S1-744665873,1,1,train
4193,S1-360892384,6,6+,train
4194,S1-837087322,3,3-5,train
4195,S1-897696457,1,1,validation
4196,S1-798332073,4,3-5,train
4197,S1-374186706,2,2,validation
4198,S1-143590631,5,3-5,train
4199,S1-823014592,2,2,train
4200,S1-311846390,1,1,validation
4201,S1-147384902,5,3-5,train
4202,S1-784558529,2,2,validation
4203,S1-414963073,3,3-5,train
4204,S1-474589485,2,2,train
4205,S1-428195228,1,1,train
4206,S1-590672829,1,1,train
4207,S1-225676445,7,6+,train
4208,S1-582849608,1,1,train
4209,S1-804275148,1,1,validation
4210,S1-347366525,1,1,validation
4211,S1-258235144,1,1,train
4212,S1-642961058,1,1,train
4213,S1-268169195,2,2,validation
4214,S1-846189716,4,3-5,train
4215,S1-123076939,2,2,train
4216,S1-67664861,6,6+,train
4217,S1-467833556,2,2,train
4218,S1-847505278,6,6+,train
4219,S1-428846089,1,1,train
4220,S1-455788913,1,1,train
4221,S1-482212484,1,1,train
4222,S1-928040609,7,6+,train
4223,S1-334033317,2,2,train
4224,S1-897114947,1,1,train
4225,S1-279185722,4,3-5,train
4226,S1-361625945,6,6+,train
4227,S1-309653575,7,6+,train
4228,S1-959480749,1,1,train
4229,S1-216641682,1,1,train
4230,S1-382405798,7,6+,train
4231,S1-958554827,2,2,train
4232,S1-361700692,4,3-5,train
4233,S1-893881481,6,6+,validation
4234,S1-619765861,7,6+,train
4235,S1-781728357,4,3-5,train
4236,S1-830307546,6,6+,train
4237,S1-934783700,2,2,validation
4238,S1-708611370,2,2,validation
4239,S1-188739738,2,2,train
4240,S1-26116612,3,3-5,validation
4241,S1-880545022,6,6+,train
4242,S1-573667427,6,6+,train
4243,S1-517757129,6,6+,train
4244,S1-178487887,3,3-5,train
4245,S1-23862347,1,1,train
4246,S1-369546347,3,3-5,validation
4247,S1-718151773,2,2,train
4248,S1-104118794,2,2,train
4249,S1-176633791,4,3-5,train
4250,S1-838163365,2,2,train
4251,S1-277440667,1,1,validation
4252,S1-844138286,2,2,train
4253,S1-573543219,4,3-5,train
4254,S1-299991150,1,1,train
4255,S1-482228911,1,1,train
4256,S1-535400460,1,1,validation
4257,S1-724816415,1,1,train
4258,S1-373370594,3,3-5,train
4259,S1-436907912,2,2,validation
4260,S1-503633422,8,6+,train
4261,S1-208138045,2,2,train
4262,S1-212099142,1,1,validation
4263,S1-191372461,5,3-5,train
4264,S1-224521372,7,6+,validation
4265,S1-40969065,1,1,train
4266,S1-985783559,4,3-5,validation
4267,S1-105706344,6,6+,validation
4268,S1-331160605,1,1,train
4269,S1-579086721,3,3-5,train
4270,S1-145148116,1,1,train
4271,S1-831890904,7,6+,train
4272,S1-152925727,1,1,train
4273,S1-598716562,2,2,train
4274,S1-462911199,7,6+,train
4275,S1-529871454,1,1,train
4276,S1-299922756,1,1,train
4277,S1-289442543,5,3-5,train
4278,S1-193000646,1,1,train
4279,S1-202196477,2,2,train
4280,S1-4939579,4,3-5,train
4281,S1-528860564,1,1,train
4282,S1-591335485,7,6+,validation
4283,S1-967560200,1,1,train
4284,S1-89148479,6,6+,train
4285,S1-72288704,4,3-5,validation
4286,S1-72627411,2,2,train
4287,S1-325784771,4,3-5,train
4288,S1-276885657,1,1,train
4289,S1-176053468,3,3-5,train
4290,S1-614452722,2,2,train
4291,S1-447883381,1,1,train
4292,S1-338068737,6,6+,validation
4293,S1-706887138,4,3-5,validation
4294,S1-301092232,2,2,train
4295,S1-575696290,7,6+,train
4296,S1-652063694,7,6+,train
4297,S1-805505871,1,1,train
4298,S1-211179942,1,1,train
4299,S1-519855326,2,2,train
4300,S1-172435702,1,1,train
4301,S1-71581424,1,1,train
4302,S1-562327357,6,6+,train
4303,S1-175363875,2,2,train
4304,S1-169868688,4,3-5,validation
4305,S1-814580643,3,3-5,train
4306,S1-105401964,1,1,train
4307,S1-518006721,3,3-5,train
4308,S1-325737745,7,6+,train
4309,S1-750836360,1,1,train
4310,S1-708407387,6,6+,validation
4311,S1-262615227,1,1,validation
4312,S1-943793850,1,1,train
4313,S1-555277356,1,1,train
4314,S1-340952269,2,2,train
4315,S1-749846192,2,2,train
4316,S1-592100533,1,1,train
4317,S1-774204752,4,3-5,train
4318,S1-947316256,1,1,validation
4319,S1-5000105,1,1,train
4320,S1-77430088,2,2,train
4321,S1-241217805,4,3-5,train
4322,S1-24852499,6,6+,train
4323,S1-567460548,1,1,train
4324,S1-738070893,1,1,validation
4325,S1-769508958,2,2,train
4326,S1-212675108,3,3-5,train
4327,S1-488824796,3,3-5,train
4328,S1-440278530,2,2,train
4329,S1-758614457,6,6+,train
4330,S1-663513745,5,3-5,train
4331,S1-724815796,1,1,train
4332,S1-51142844,2,2,train
4333,S1-208596895,3,3-5,train
4334,S1-908674611,2,2,train
4335,S1-167670511,6,6+,validation
4336,S1-172949768,6,6+,train
4337,S1-170055397,4,3-5,train
4338,S1-179942625,2,2,train
4339,S1-50859210,4,3-5,train
4340,S1-473409090,2,2,train
4341,S1-539150058,2,2,train
4342,S1-347184382,3,3-5,train
4343,S1-30258794,3,3-5,validation
4344,S1-57651136,2,2,validation
4345,S1-271006729,1,1,train
4346,S1-612280396,5,3-5,validation
4347,S1-532268465,5,3-5,train
4348,S1-527492871,6,6+,train
4349,S1-791461690,1,1,train
4350,S1-823590615,2,2,validation
4351,S1-639076948,3,3-5,train
4352,S1-279883656,6,6+,train
4353,S1-662187318,1,1,validation
4354,S1-477371745,3,3-5,validation
4355,S1-953061261,1,1,train
4356,S1-532234088,1,1,train
4357,S1-251609887,7,6+,train
4358,S1-590042152,1,1,validation
4359,S1-824584219,1,1,validation
4360,S1-622332033,2,2,train
4361,S1-334449605,1,1,train
4362,S1-141353952,5,3-5,train
4363,S1-161640624,4,3-5,train
4364,S1-804595495,2,2,validation
4365,S1-531295220,5,3-5,train
4366,S1-119233631,3,3-5,train
4367,S1-693941674,1,1,train
4368,S1-361727166,2,2,train
4369,S1-122074395,7,6+,train
4370,S1-318265770,6,6+,train
4371,S1-442805340,6,6+,train
4372,S1-704735712,2,2,train
4373,S1-765672624,5,3-5,train
4374,S1-124600023,7,6+,train
4375,S1-509428103,5,3-5,train
4376,S1-704758056,6,6+,validation
4377,S1-751602917,6,6+,validation
4378,S1-148067882,8,6+,train
4379,S1-951772982,2,2,train
4380,S1-926486680,9,6+,train
4381,S1-447967181,2,2,train
4382,S1-589981529,1,1,train
4383,S1-608468608,1,1,train
4384,S1-933873990,2,2,validation
4385,S1-447272683,7,6+,train
4386,S1-246714206,2,2,train
4387,S1-126818177,2,2,validation
4388,S1-757600412,1,1,train
4389,S1-591890671,1,1,validation
4390,S1-842011404,1,1,train
4391,S1-818182777,2,2,train
4392,S1-781200964,3,3-5,train
4393,S1-837484000,2,2,validation
4394,S1-757757708,1,1,train
4395,S1-35921081,3,3-5,train
4396,S1-786773720,6,6+,train
4397,S1-679597368,2,2,train
4398,S1-962137991,1,1,validation
4399,S1-762533657,3,3-5,train
4400,S1-371078732,3,3-5,train
4401,S1-967594236,5,3-5,train
4402,S1-943507938,1,1,train
4403,S1-695054747,3,3-5,train
4404,S1-877588505,3,3-5,train
4405,S1-516552151,4,3-5,train
4406,S1-872343312,5,3-5,train
4407,S1-644060965,7,6+,train
4408,S1-430977977,6,6+,validation
4409,S1-466053325,1,1,validation
4410,S1-54751574,2,2,validation
4411,S1-914167808,1,1,train
4412,S1-383117683,6,6+,train
4413,S1-886844000,6,6+,train
4414,S1-792012797,4,3-5,validation
4415,S1-280327068,10,6+,train
4416,S1-680714420,3,3-5,train
4417,S1-81986970,6,6+,train
4418,S1-61577557,1,1,train
4419,S1-74719683,6,6+,train
4420,S1-664387167,1,1,train
4421,S1-139277984,1,1,train
4422,S1-620386430,2,2,train
4423,S1-414295793,7,6+,train
4424,S1-347383907,6,6+,train
4425,S1-145785674,2,2,validation
4426,S1-563236839,1,1,train
4427,S1-731831967,2,2,validation
4428,S1-134199310,6,6+,validation
4429,S1-469111245,3,3-5,train
4430,S1-857917253,4,3-5,validation
4431,S1-342019861,5,3-5,train
4432,S1-106477838,2,2,train
4433,S1-580432046,3,3-5,train
4434,S1-460430454,2,2,validation
4435,S1-187287417,3,3-5,train
4436,S1-325848825,2,2,train
4437,S1-735015636,2,2,train
4438,S1-589248062,2,2,train
4439,S1-760926409,4,3-5,train
4440,S1-198466688,1,1,validation
4441,S1-40097660,4,3-5,train
4442,S1-77771780,3,3-5,train
4443,S1-313648709,3,3-5,train
4444,S1-176762689,1,1,validation
4445,S1-751614145,6,6+,train
4446,S1-995904641,2,2,train
4447,S1-128175140,2,2,train
4448,S1-428890289,7,6+,train
4449,S1-114501422,4,3-5,train
4450,S1-843525322,3,3-5,train
4451,S1-372182084,7,6+,validation
4452,S1-710645188,6,6+,validation
4453,S1-890789533,2,2,train
4454,S1-297151707,2,2,train
4455,S1-711617765,2,2,train
4456,S1-709239508,1,1,train
4457,S1-287045095,6,6+,train
4458,S1-548785799,5,3-5,train
4459,S1-874199116,1,1,validation
4460,S1-274866143,2,2,validation
4461,S1-980906591,2,2,train
4462,S1-253084682,1,1,train
4463,S1-19786714,1,1,validation
4464,S1-919998998,1,1,validation
4465,S1-596770938,1,1,validation
4466,S1-435122537,6,6+,validation
4467,S1-63990635,7,6+,validation
4468,S1-718118464,1,1,train
4469,S1-976885039,1,1,validation
4470,S1-844961795,4,3-5,train
4471,S1-561362046,1,1,train
4472,S1-537498861,7,6+,train
4473,S1-731093044,1,1,validation
4474,S1-354305693,2,2,validation
4475,S1-945684570,2,2,validation
4476,S1-158774772,6,6+,validation
4477,S1-871494165,6,6+,train
4478,S1-151745424,4,3-5,train
4479,S1-692606007,2,2,train
4480,S1-269442342,2,2,train
4481,S1-225745669,2,2,train
4482,S1-104346370,1,1,train
4483,S1-27175943,2,2,train
4484,S1-781155829,1,1,train
4485,S1-795334669,1,1,train
4486,S1-96556247,2,2,train
4487,S1-182040964,6,6+,train
4488,S1-223354086,5,3-5,train
4489,S1-867288784,1,1,validation
4490,S1-601372987,6,6+,train
4491,S1-487714944,2,2,train
4492,S1-827036598,4,3-5,train
4493,S1-975782938,7,6+,train
4494,S1-791085005,5,3-5,train
4495,S1-711275017,2,2,train
4496,S1-538616669,3,3-5,train
4497,S1-174759649,6,6+,train
4498,S1-442633580,1,1,train
4499,S1-22843359,3,3-5,train
4500,S1-23776568,1,1,train
4501,S1-143137229,1,1,train
4502,S1-524468801,1,1,validation
4503,S1-162851750,1,1,validation
4504,S1-301935475,1,1,train
4505,S1-995371799,8,6+,train
4506,S1-417777542,4,3-5,train
4507,S1-621456046,2,2,train
4508,S1-621020089,3,3-5,train
4509,S1-480015145,4,3-5,train
4510,S1-638177971,1,1,train
4511,S1-676996163,1,1,train
4512,S1-948393437,3,3-5,train
4513,S1-575821693,6,6+,validation
4514,S1-801087521,1,1,train
4515,S1-902269591,4,3-5,validation
4516,S1-404584154,3,3-5,train
4517,S1-213737792,1,1,train
4518,S1-70267608,1,1,train
4519,S1-45945653,2,2,train
4520,S1-352515495,9,6+,train
4521,S1-970632120,1,1,validation
4522,S1-269131734,2,2,train
4523,S1-54369066,6,6+,train
4524,S1-387866767,6,6+,train
4525,S1-445480716,3,3-5,train
4526,S1-934865612,2,2,train
4527,S1-270606478,8,6+,train
4528,S1-93364233,3,3-5,train
4529,S1-203223330,2,2,train
4530,S1-547722617,1,1,train
4531,S1-354402243,6,6+,train
4532,S1-633439223,1,1,train
4533,S1-236239463,6,6+,train
4534,S1-546326774,4,3-5,train
4535,S1-872215270,1,1,train
4536,S1-478003778,2,2,train
4537,S1-664101387,1,1,train
4538,S1-164824527,4,3-5,train
4539,S1-513165375,3,3-5,train
4540,S1-901139433,1,1,train
4541,S1-630660247,2,2,validation
4542,S1-680896142,1,1,validation
4543,S1-402271041,6,6+,train
4544,S1-292612900,1,1,train
4545,S1-650636656,2,2,train
4546,S1-140680767,3,3-5,train
4547,S1-984376169,6,6+,train
4548,S1-873714167,2,2,validation
4549,S1-387571600,2,2,train
4550,S1-73641339,2,2,train
4551,S1-724107806,1,1,train
4552,S1-941867100,1,1,validation
4553,S1-479709423,7,6+,validation
4554,S1-694058151,2,2,train
4555,S1-448037207,2,2,train
4556,S1-4402713,2,2,train
4557,S1-464107679,2,2,validation
4558,S1-62338709,2,2,train
4559,S1-600380463,4,3-5,train
4560,S1-763052307,3,3-5,train
4561,S1-987075261,2,2,train
4562,S1-619055666,6,6+,validation
4563,S1-758193203,2,2,train
4564,S1-867204967,6,6+,train
4565,S1-958123504,1,1,validation
4566,S1-510284123,2,2,train
4567,S1-194467770,1,1,train
4568,S1-214696374,6,6+,train
4569,S1-731050400,5,3-5,validation
4570,S1-734455315,6,6+,train
4571,S1-443472231,2,2,train
4572,S1-323554210,3,3-5,train
4573,S1-310697041,3,3-5,train
4574,S1-207291253,6,6+,train
4575,S1-714715443,6,6+,train
4576,S1-276736556,2,2,train
4577,S1-398991405,4,3-5,validation
4578,S1-926035156,2,2,train
4579,S1-279057671,6,6+,train
4580,S1-558562222,2,2,train
4581,S1-659460889,1,1,validation
4582,S1-301827759,6,6+,validation
4583,S1-201578390,1,1,train
4584,S1-719781489,2,2,train
4585,S1-558166402,1,1,validation
4586,S1-204407299,4,3-5,train
4587,S1-358409792,4,3-5,validation
4588,S1-538960236,1,1,train
4589,S1-368361988,1,1,train
4590,S1-860905367,3,3-5,train
4591,S1-553609124,1,1,validation
4592,S1-376359453,2,2,train
4593,S1-538849732,6,6+,train
4594,S1-413517476,6,6+,train
4595,S1-994982124,6,6+,validation
4596,S1-866359410,9,6+,validation
4597,S1-22755202,1,1,train
4598,S1-786795859,1,1,train
4599,S1-10471245,1,1,train
4600,S1-564473727,2,2,train
4601,S1-83665713,1,1,train
4602,S1-813125414,2,2,train
4603,S1-739629422,4,3-5,train
4604,S1-568141019,2,2,train
4605,S1-21796991,1,1,train
4606,S1-4929698,1,1,validation
4607,S1-579980807,1,1,train
4608,S1-60886358,1,1,train
4609,S1-68101145,3,3-5,train
4610,S1-143530809,4,3-5,validation
4611,S1-62856878,1,1,train
4612,S1-578951434,6,6+,validation
4613,S1-244730955,4,3-5,train
4614,S1-432108990,7,6+,train
4615,S1-314704244,4,3-5,validation
4616,S1-769739566,6,6+,validation
4617,S1-205866170,6,6+,train
4618,S1-286499434,6,6+,train
4619,S1-146595589,1,1,train
4620,S1-188711743,2,2,train
4621,S1-320995738,6,6+,validation
4622,S1-456318829,1,1,train
4623,S1-397581055,1,1,train
4624,S1-586529383,4,3-5,train
4625,S1-325875063,2,2,train
4626,S1-401395515,6,6+,train
4627,S1-863933524,2,2,train
4628,S1-4496889,1,1,train
4629,S1-637260491,5,3-5,validation
4630,S1-664445497,3,3-5,train
4631,S1-48000151,3,3-5,train
4632,S1-194507991,6,6+,validation
4633,S1-760608209,2,2,train
4634,S1-86461872,1,1,train
4635,S1-635666944,1,1,train
4636,S1-699608988,6,6+,validation
4637,S1-112811458,7,6+,train
4638,S1-582534011,4,3-5,train
4639,S1-895363786,6,6+,train
4640,S1-653477341,1,1,train
4641,S1-496846891,2,2,train
4642,S1-275763862,5,3-5,train
4643,S1-528493048,2,2,train
4644,S1-609753897,5,3-5,train
4645,S1-617077230,1,1,train
4646,S1-636979727,2,2,train
4647,S1-221090767,1,1,validation
4648,S1-75831506,1,1,train
4649,S1-218136928,7,6+,train
4650,S1-30986521,1,1,train
4651,S1-481768581,3,3-5,train
4652,S1-888960306,6,6+,validation
4653,S1-520381246,3,3-5,train
4654,S1-75656125,2,2,train
4655,S1-194318253,3,3-5,train
4656,S1-249302763,2,2,train
4657,S1-541636643,1,1,validation
4658,S1-207298246,1,1,train
4659,S1-663632688,6,6+,train
4660,S1-260132788,7,6+,train
4661,S1-285517585,6,6+,train
4662,S1-227739238,4,3-5,train
4663,S1-331416829,5,3-5,validation
4664,S1-853607552,2,2,train
4665,S1-492602305,1,1,train
4666,S1-340537069,3,3-5,train
4667,S1-501023981,2,2,validation
4668,S1-342094524,2,2,train
4669,S1-309468102,4,3-5,train
4670,S1-512608380,6,6+,train
4671,S1-428005774,1,1,validation
4672,S1-312968769,1,1,train
4673,S1-727248062,1,1,validation
4674,S1-87366476,1,1,validation
4675,S1-750233691,8,6+,train
4676,S1-657469327,2,2,train
4677,S1-220471236,2,2,train
4678,S1-397992481,1,1,validation
4679,S1-142349751,6,6+,train
4680,S1-351228721,1,1,train
4681,S1-666053669,2,2,validation
4682,S1-213832990,4,3-5,train
4683,S1-840965837,2,2,validation
4684,S1-834026834,6,6+,validation
4685,S1-856996101,4,3-5,train
4686,S1-52514288,1,1,train
4687,S1-448252997,2,2,train
4688,S1-601413421,1,1,train
4689,S1-377471096,4,3-5,train
4690,S1-971402426,3,3-5,train
4691,S1-435674906,2,2,train
4692,S1-163838252,1,1,train
4693,S1-161403506,1,1,train
4694,S1-851172257,3,3-5,train
4695,S1-478647806,1,1,train
4696,S1-963326120,4,3-5,train
4697,S1-312031072,6,6+,train
4698,S1-329358465,2,2,train
4699,S1-898369330,1,1,train
4700,S1-868862954,1,1,validation
4701,S1-221771917,4,3-5,train
4702,S1-849903637,2,2,train
4703,S1-63031379,7,6+,validation
4704,S1-694003894,1,1,train
4705,S1-608462088,5,3-5,train
4706,S1-766228667,6,6+,train
4707,S1-333375735,1,1,train
4708,S1-973750603,1,1,train
4709,S1-816335818,4,3-5,train
4710,S1-75421893,6,6+,train
4711,S1-556324431,4,3-5,train
4712,S1-549356712,1,1,train
4713,S1-402655225,1,1,train
4714,S1-956926838,4,3-5,validation
4715,S1-539422543,2,2,train
4716,S1-330223996,6,6+,train
4717,S1-215735536,1,1,train
4718,S1-639941037,2,2,train
4719,S1-337423554,3,3-5,train
4720,S1-181380089,3,3-5,train
4721,S1-948371803,3,3-5,train
4722,S1-752564526,3,3-5,train
4723,S1-707235477,5,3-5,train
4724,S1-942793609,3,3-5,train
4725,S1-818387511,1,1,train
4726,S1-665520619,6,6+,validation
4727,S1-272118361,3,3-5,train
4728,S1-366189634,5,3-5,train
4729,S1-750688677,2,2,train
4730,S1-296727594,3,3-5,train
4731,S1-384885313,1,1,train
4732,S1-148110410,7,6+,train
4733,S1-927957938,1,1,train
4734,S1-84439716,6,6+,train
4735,S1-805118246,1,1,train
4736,S1-134300012,6,6+,train
4737,S1-221249214,8,6+,train
4738,S1-991691029,3,3-5,train
4739,S1-729043448,2,2,train
4740,S1-891429511,6,6+,train
4741,S1-78392559,2,2,train
4742,S1-351467137,4,3-5,train
4743,S1-250245862,2,2,train
4744,S1-397361461,6,6+,train
4745,S1-544432989,1,1,validation
4746,S1-890498058,1,1,train
4747,S1-989478392,5,3-5,validation
4748,S1-71351029,1,1,train
4749,S1-898298161,2,2,train
4750,S1-383288525,3,3-5,train
4751,S1-92713888,3,3-5,train
4752,S1-77995405,4,3-5,train
4753,S1-355801384,4,3-5,train
4754,S1-232160411,2,2,train
4755,S1-847180384,3,3-5,train
4756,S1-619380615,1,1,train
4757,S1-315619244,3,3-5,train
4758,S1-172313306,5,3-5,train
4759,S1-109862314,3,3-5,train
4760,S1-850609196,7,6+,train
4761,S1-370105599,7,6+,train
4762,S1-887367388,5,3-5,train
4763,S1-193500673,9,6+,train
4764,S1-655739145,1,1,train
4765,S1-201148575,4,3-5,train
4766,S1-248612751,1,1,validation
4767,S1-793595080,4,3-5,train
4768,S1-145563908,1,1,train
4769,S1-316212041,5,3-5,train
4770,S1-620739750,4,3-5,train
4771,S1-181319643,5,3-5,train
4772,S1-68364595,4,3-5,train
4773,S1-546700432,1,1,train
4774,S1-749613706,3,3-5,train
4775,S1-806006256,3,3-5,validation
4776,S1-863976186,6,6+,train
4777,S1-788437352,7,6+,train
4778,S1-207524913,1,1,validation
4779,S1-809808009,1,1,train
4780,S1-968027712,3,3-5,train
4781,S1-276354746,6,6+,validation
4782,S1-837225147,4,3-5,train
4783,S1-960928399,2,2,train
4784,S1-621062581,6,6+,train
4785,S1-224473413,7,6+,train
4786,S1-338001867,2,2,train
4787,S1-62601545,2,2,train
4788,S1-646168086,5,3-5,validation
4789,S1-754856116,1,1,train
4790,S1-780224314,2,2,train
4791,S1-852865104,6,6+,train
4792,S1-329754558,7,6+,train
4793,S1-976487164,5,3-5,train
4794,S1-654131017,4,3-5,train
4795,S1-614550092,7,6+,train
4796,S1-828652273,2,2,train
4797,S1-604978579,1,1,train
4798,S1-455659421,2,2,validation
4799,S1-126104754,2,2,train
4800,S1-634976444,1,1,train
4801,S1-717790845,5,3-5,train
4802,S1-248089382,1,1,train
4803,S1-890565690,6,6+,train
4804,S1-40762338,4,3-5,train
4805,S1-765370832,5,3-5,train
4806,S1-263463294,5,3-5,train
4807,S1-353473829,2,2,validation
4808,S1-598388321,2,2,train
4809,S1-598214002,2,2,train
4810,S1-694405323,1,1,train
4811,S1-772468218,7,6+,train
4812,S1-163632332,1,1,validation
4813,S1-267127379,2,2,train
4814,S1-169700482,5,3-5,train
4815,S1-871747722,2,2,train
4816,S1-105046994,6,6+,train
4817,S1-327834201,8,6+,train
4818,S1-903060419,4,3-5,train
4819,S1-406382408,2,2,train
4820,S1-145606133,4,3-5,train
4821,S1-258115422,1,1,train
4822,S1-922026890,4,3-5,validation
4823,S1-58937220,5,3-5,train
4824,S1-341303883,6,6+,train
4825,S1-397522737,6,6+,train
4826,S1-16201714,1,1,train
4827,S1-625754230,2,2,train
4828,S1-36776067,3,3-5,train
4829,S1-909794109,1,1,train
4830,S1-462030453,3,3-5,train
4831,S1-942753942,8,6+,train
4832,S1-60901359,2,2,validation
4833,S1-939703258,4,3-5,train
4834,S1-557269673,2,2,train
4835,S1-552412690,3,3-5,train
4836,S1-826885462,5,3-5,train
4837,S1-982679090,3,3-5,train
4838,S1-183755031,5,3-5,train
4839,S1-711580245,1,1,validation
4840,S1-986156687,7,6+,train
4841,S1-396695849,4,3-5,validation
4842,S1-949828200,2,2,train
4843,S1-927169207,6,6+,train
4844,S1-263226520,7,6+,train
4845,S1-220574394,1,1,train
4846,S1-899336077,1,1,train
4847,S1-483381007,4,3-5,train
4848,S1-144992541,1,1,train
4849,S1-172535577,8,6+,train
4850,S1-110347819,2,2,train
4851,S1-562739875,4,3-5,train
4852,S1-889128469,1,1,train
4853,S1-849431863,3,3-5,train
4854,S1-607906469,3,3-5,train
4855,S1-565861768,8,6+,train
4856,S1-966558310,1,1,train
4857,S1-765691662,3,3-5,train
4858,S1-756211110,7,6+,train
4859,S1-315177044,3,3-5,train
4860,S1-653333492,1,1,train
4861,S1-4544860,7,6+,train
4862,S1-385778937,2,2,train
4863,S1-710471538,6,6+,train
4864,S1-797725340,1,1,train
4865,S1-694129885,1,1,train
4866,S1-986259958,5,3-5,train
4867,S1-54012507,2,2,train
4868,S1-464575026,6,6+,train
4869,S1-965824577,1,1,train
4870,S1-597709427,6,6+,train
4871,S1-234980156,2,2,train
4872,S1-694383740,1,1,validation
4873,S1-51876893,2,2,train
4874,S1-860223048,1,1,train
4875,S1-487446536,3,3-5,train
4876,S1-638189171,4,3-5,train
4877,S1-846000927,6,6+,train
4878,S1-405947144,6,6+,train
4879,S1-494065134,3,3-5,train
4880,S1-806316471,5,3-5,train
4881,S1-335407871,2,2,validation
4882,S1-797416028,8,6+,validation
4883,S1-809118466,2,2,train
4884,S1-957571569,6,6+,train
4885,S1-699159944,4,3-5,validation
4886,S1-92113470,1,1,train
4887,S1-87742046,5,3-5,train
4888,S1-321039261,7,6+,train
4889,S1-951278841,7,6+,train
4890,S1-831149555,1,1,train
4891,S1-365481638,2,2,validation
4892,S1-786913293,6,6+,train
4893,S1-873395654,4,3-5,train
4894,S1-558123269,6,6+,train
4895,S1-753597087,3,3-5,train
4896,S1-336976399,2,2,train
4897,S1-407227729,4,3-5,validation
4898,S1-753142643,6,6+,train
4899,S1-260001548,6,6+,train
4900,S1-951623287,4,3-5,validation
4901,S1-765775635,3,3-5,train
4902,S1-361520534,1,1,train
4903,S1-391992538,2,2,validation
4904,S1-592587774,4,3-5,train
4905,S1-592491563,3,3-5,train
4906,S1-374201815,1,1,train
4907,S1-32595954,1,1,train
4908,S1-471384310,2,2,train
4909,S1-968910002,6,6+,train
4910,S1-724128382,5,3-5,train
4911,S1-520163818,6,6+,train
4912,S1-135635088,1,1,train
4913,S1-524302313,6,6+,train
4914,S1-797842955,8,6+,train
4915,S1-647079241,6,6+,train
4916,S1-393094233,4,3-5,train
4917,S1-974689717,2,2,validation
4918,S1-232288625,4,3-5,train
4919,S1-375117660,7,6+,train
4920,S1-972414402,3,3-5,validation
4921,S1-551249440,3,3-5,train
4922,S1-383259526,3,3-5,train
4923,S1-414752350,3,3-5,train
4924,S1-366069918,2,2,train
4925,S1-818694342,6,6+,train
4926,S1-508841261,4,3-5,train
4927,S1-369056512,4,3-5,train
4928,S1-272133684,2,2,validation
4929,S1-344809308,6,6+,train
4930,S1-196813758,2,2,train
4931,S1-713947760,1,1,validation
4932,S1-604875221,1,1,validation
4933,S1-402484330,2,2,validation
4934,S1-531896812,3,3-5,train
4935,S1-548949523,4,3-5,train
4936,S1-571273367,2,2,train
4937,S1-143937414,6,6+,train
4938,S1-92834138,3,3-5,train
4939,S1-781311372,2,2,train
4940,S1-958945249,2,2,train
4941,S1-785646685,1,1,train
4942,S1-507185463,1,1,train
4943,S1-177013957,4,3-5,train
4944,S1-614426353,3,3-5,validation
4945,S1-571547476,2,2,train
4946,S1-480559798,1,1,train
4947,S1-921272351,1,1,train
4948,S1-476336861,9,6+,train
4949,S1-864936243,4,3-5,train
4950,S1-881374443,2,2,validation
4951,S1-350367439,6,6+,train
4952,S1-814072144,3,3-5,train
4953,S1-679065629,4,3-5,train
4954,S1-107892826,5,3-5,train
4955,S1-828881181,4,3-5,validation
4956,S1-801060641,1,1,train
4957,S1-586450734,2,2,train
4958,S1-99254167,1,1,validation
4959,S1-616164769,2,2,train
4960,S1-624363607,6,6+,train
4961,S1-312079251,3,3-5,train
4962,S1-322167134,1,1,train
4963,S1-137271369,6,6+,validation
4964,S1-824193581,6,6+,train
4965,S1-609810565,3,3-5,train
4966,S1-935184747,2,2,train
4967,S1-689091758,1,1,train
4968,S1-539879715,1,1,train
4969,S1-819467843,1,1,train
4970,S1-807598475,6,6+,validation
4971,S1-878191196,1,1,train
4972,S1-526827664,2,2,train
4973,S1-209589698,1,1,train
4974,S1-112251468,1,1,train
4975,S1-479027421,2,2,train
4976,S1-438095488,6,6+,train
4977,S1-597247816,1,1,train
4978,S1-241200937,6,6+,train
4979,S1-369714628,3,3-5,validation
4980,S1-438369520,7,6+,train
4981,S1-16889116,1,1,validation
4982,S1-120406955,7,6+,train
4983,S1-453969358,2,2,train
4984,S1-2318543,3,3-5,validation
4985,S1-399336085,4,3-5,train
4986,S1-295725550,1,1,train
4987,S1-963283048,1,1,train
4988,S1-865802235,1,1,validation
4989,S1-587440912,3,3-5,train
4990,S1-764190858,2,2,train
4991,S1-818906315,2,2,train
4992,S1-194698871,3,3-5,validation
4993,S1-399428426,6,6+,train
4994,S1-657048440,2,2,train
4995,S1-22864380,4,3-5,validation
4996,S1-866366042,4,3-5,validation
4997,S1-878860307,1,1,train
4998,S1-764284235,1,1,validation
4999,S1-580474828,2,2,train
5000,S1-372209161,6,6+,train
5001,S1-430020791,1,1,validation
5002,S1-238697350,2,2,train
5003,S1-5474351,3,3-5,train
5004,S1-721077079,5,3-5,validation
5005,S1-61169086,2,2,train
5006,S1-647668064,7,6+,train
5007,S1-902434468,2,2,train
5008,S1-117066248,2,2,train
5009,S1-215519359,8,6+,train
5010,S1-857808623,2,2,train
5011,S1-920256704,3,3-5,train
5012,S1-901331037,2,2,train
5013,S1-684956024,1,1,train
5014,S1-171572424,2,2,train
5015,S1-634067762,1,1,train
5016,S1-883638211,1,1,validation
5017,S1-578050365,6,6+,train
5018,S1-226685136,2,2,train
5019,S1-473984054,3,3-5,train
5020,S1-642072400,2,2,train
5021,S1-875880845,4,3-5,train
5022,S1-273037600,6,6+,validation
5023,S1-276800181,1,1,train
5024,S1-643944162,1,1,train
5025,S1-974588291,4,3-5,train
5026,S1-638480958,7,6+,train
5027,S1-40612493,7,6+,train
5028,S1-192527601,6,6+,train
5029,S1-970424953,1,1,train
5030,S1-440430280,6,6+,train
5031,S1-958395524,8,6+,validation
5032,S1-209745313,4,3-5,validation
5033,S1-894596320,1,1,train
5034,S1-906330858,5,3-5,train
5035,S1-805385060,4,3-5,train
5036,S1-158769016,1,1,train
5037,S1-308838746,2,2,train
5038,S1-497149781,1,1,validation
5039,S1-744036022,2,2,validation
5040,S1-643963310,2,2,validation
5041,S1-955408400,1,1,train
5042,S1-112032686,9,6+,train
5043,S1-719826872,1,1,train
5044,S1-446170008,6,6+,train
5045,S1-327009687,5,3-5,train
5046,S1-829858408,1,1,train
5047,S1-334856354,6,6+,train
5048,S1-36299237,4,3-5,train
5049,S1-458603576,5,3-5,train
5050,S1-346093274,2,2,train
5051,S1-554499937,1,1,train
5052,S1-233330093,2,2,train
5053,S1-542307364,1,1,train
5054,S1-354607553,6,6+,train
5055,S1-298598800,6,6+,train
5056,S1-582086808,3,3-5,validation
5057,S1-127559430,1,1,validation
5058,S1-413384897,5,3-5,validation
5059,S1-911353081,2,2,train
5060,S1-944127190,1,1,train
5061,S1-324294775,1,1,train
5062,S1-78291072,7,6+,train
5063,S1-715686164,4,3-5,train
5064,S1-672587669,1,1,train
5065,S1-877707580,2,2,train
5066,S1-91533990,6,6+,train
5067,S1-542237243,3,3-5,train
5068,S1-213780660,4,3-5,validation
5069,S1-329525901,1,1,train
5070,S1-191763913,3,3-5,train
5071,S1-403581421,7,6+,train
5072,S1-732458233,4,3-5,train
5073,S1-254746390,2,2,validation
5074,S1-793812144,8,6+,validation
5075,S1-560247995,5,3-5,train
5076,S1-43979705,3,3-5,train
5077,S1-617577455,1,1,train
5078,S1-610602232,6,6+,train
5079,S1-460448831,1,1,train
5080,S1-829068602,2,2,validation
5081,S1-345683707,3,3-5,train
5082,S1-396477178,6,6+,train
5083,S1-845782649,5,3-5,train
5084,S1-878878289,7,6+,train
5085,S1-756783869,6,6+,validation
5086,S1-113075102,2,2,train
5087,S1-53776198,3,3-5,train
5088,S1-290199703,2,2,train
5089,S1-52278420,6,6+,validation
5090,S1-393486204,1,1,train
5091,S1-695132365,2,2,train
5092,S1-354610979,4,3-5,train
5093,S1-322516016,7,6+,train
5094,S1-83336,3,3-5,train
5095,S1-241586760,7,6+,train
5096,S1-605697213,2,2,train
5097,S1-4248304,2,2,train
5098,S1-948888597,6,6+,train
5099,S1-638721827,2,2,train
5100,S1-642973294,1,1,train
5101,S1-474950507,6,6+,validation
5102,S1-422957473,6,6+,train
5103,S1-829138669,4,3-5,train
5104,S1-159059969,2,2,train
5105,S1-291548173,5,3-5,train
5106,S1-608565329,2,2,train
5107,S1-130036606,6,6+,train
5108,S1-801730568,2,2,train
5109,S1-663284748,1,1,train
5110,S1-911707668,1,1,train
5111,S1-568492604,3,3-5,train
5112,S1-668424794,2,2,train
5113,S1-714427508,5,3-5,train
5114,S1-686524418,1,1,train
5115,S1-338076638,1,1,train
5116,S1-490103664,1,1,train
5117,S1-930884746,1,1,train
5118,S1-935131166,1,1,validation
5119,S1-976163002,2,2,train
5120,S1-567756167,1,1,train
5121,S1-223043937,4,3-5,train
5122,S1-43835810,2,2,train
5123,S1-854099847,8,6+,train
5124,S1-829028611,1,1,train
5125,S1-279768516,4,3-5,train
5126,S1-608763498,3,3-5,validation
5127,S1-477706105,7,6+,train
5128,S1-303911750,2,2,train
5129,S1-978439978,3,3-5,train
5130,S1-592999970,2,2,validation
5131,S1-257640539,2,2,validation
5132,S1-652183438,1,1,train
5133,S1-214927536,1,1,train
5134,S1-358895783,2,2,train
5135,S1-300246754,1,1,train
5136,S1-332079998,1,1,train
5137,S1-129654224,4,3-5,train
5138,S1-532253375,5,3-5,train
5139,S1-204724744,6,6+,train
5140,S1-595356899,2,2,train
5141,S1-309711943,6,6+,train
5142,S1-509051099,3,3-5,train
5143,S1-251318175,2,2,train
5144,S1-319900371,1,1,train
5145,S1-863473871,2,2,train
5146,S1-136685344,3,3-5,validation
5147,S1-799162974,3,3-5,train
5148,S1-293683315,6,6+,train
5149,S1-409256249,4,3-5,train
5150,S1-80999792,6,6+,train
5151,S1-804524170,3,3-5,train
5152,S1-40988524,3,3-5,validation
5153,S1-306861365,6,6+,train
5154,S1-198666152,1,1,train
5155,S1-970037701,3,3-5,train
5156,S1-262132679,5,3-5,validation
5157,S1-26329800,1,1,train
5158,S1-14306813,7,6+,train
5159,S1-342994358,1,1,train
5160,S1-626831400,5,3-5,train
5161,S1-638730485,2,2,validation
5162,S1-537325742,1,1,train
5163,S1-701570081,2,2,train
5164,S1-544279537,1,1,train
5165,S1-169754150,7,6+,train
5166,S1-36236840,5,3-5,train
5167,S1-264455301,2,2,train
5168,S1-685217347,3,3-5,train
5169,S1-465632124,2,2,train
5170,S1-552989991,2,2,train
5171,S1-971930989,7,6+,train
5172,S1-370114493,4,3-5,train
5173,S1-418373575,5,3-5,train
5174,S1-631187659,2,2,train
5175,S1-29713159,1,1,train
5176,S1-421215784,6,6+,train
5177,S1-434146033,1,1,train
5178,S1-59271832,6,6+,train
5179,S1-374365850,2,2,train
5180,S1-922196708,7,6+,train
5181,S1-63958708,2,2,train
5182,S1-418937742,2,2,train
5183,S1-287935850,6,6+,train
5184,S1-291660409,5,3-5,validation
5185,S1-417950770,1,1,train
5186,S1-204620032,6,6+,train
5187,S1-252400541,6,6+,train
5188,S1-10913831,5,3-5,validation
5189,S1-24562555,3,3-5,validation
5190,S1-683420116,6,6+,train
5191,S1-305482,4,3-5,train
5192,S1-94844958,6,6+,train
5193,S1-688719896,2,2,train
5194,S1-636657295,2,2,train
5195,S1-693769209,2,2,train
5196,S1-290175761,1,1,train
5197,S1-689741193,6,6+,train
5198,S1-567172135,3,3-5,validation
5199,S1-235782584,5,3-5,validation
5200,S1-613390244,8,6+,validation
5201,S1-589159053,3,3-5,train
5202,S1-539480433,6,6+,train
5203,S1-92807193,4,3-5,train
5204,S1-391896282,1,1,train
5205,S1-343605352,6,6+,train
5206,S1-672255553,4,3-5,train
5207,S1-776124689,3,3-5,train
5208,S1-661166198,2,2,train
5209,S1-153366630,1,1,train
5210,S1-856946117,1,1,validation
5211,S1-308564215,4,3-5,train
5212,S1-30753263,3,3-5,validation
5213,S1-115190846,3,3-5,train
5214,S1-766040353,6,6+,validation
5215,S1-257462726,6,6+,train
5216,S1-130286690,2,2,validation
5217,S1-363301988,6,6+,train
5218,S1-488064016,2,2,train
5219,S1-386202167,2,2,train
5220,S1-932952324,6,6+,validation
5221,S1-348347167,2,2,validation
5222,S1-962078075,4,3-5,train
5223,S1-732000725,2,2,train
5224,S1-203305427,6,6+,train
5225,S1-916859981,2,2,train
5226,S1-85236874,1,1,train
5227,S1-386290673,2,2,train
5228,S1-187661341,4,3-5,train
5229,S1-155433888,6,6+,train
5230,S1-873711694,1,1,validation
5231,S1-787912085,2,2,validation
5232,S1-80961204,1,1,train
5233,S1-267406892,5,3-5,train
5234,S1-245477586,2,2,train
5235,S1-288112872,2,2,validation
5236,S1-677741331,3,3-5,train
5237,S1-429734515,2,2,validation
5238,S1-987952804,1,1,train
5239,S1-491668220,3,3-5,train
5240,S1-720827877,2,2,train
5241,S1-156406352,5,3-5,train
5242,S1-957039374,2,2,train
5243,S1-898160192,7,6+,train
5244,S1-498126144,6,6+,train
5245,S1-754387623,5,3-5,train
5246,S1-185556361,1,1,train
5247,S1-400450484,4,3-5,train
5248,S1-405726811,1,1,train
5249,S1-523627874,2,2,train
5250,S1-919975654,1,1,train
5251,S1-986737620,1,1,validation
5252,S1-365851885,2,2,train
5253,S1-613160067,6,6+,train
5254,S1-299661124,1,1,train
5255,S1-652532354,3,3-5,train
5256,S1-112647162,2,2,train
5257,S1-919772134,1,1,train
5258,S1-206175695,2,2,train
5259,S1-625199343,3,3-5,train
5260,S1-961473206,2,2,train
5261,S1-546301302,2,2,train
5262,S1-1677407,3,3-5,train
5263,S1-325650207,2,2,validation
5264,S1-514512922,3,3-5,validation
5265,S1-163173149,5,3-5,train
5266,S1-573837359,3,3-5,train
5267,S1-499055470,2,2,validation
5268,S1-526165164,2,2,train
5269,S1-405617533,7,6+,train
5270,S1-410293609,2,2,train
5271,S1-449187084,1,1,train
5272,S1-513536047,6,6+,train
5273,S1-403078376,1,1,train
5274,S1-368840217,1,1,train
5275,S1-648780579,2,2,train
5276,S1-135044391,2,2,train
5277,S1-23444916,6,6+,validation
5278,S1-506431526,2,2,train
5279,S1-101549950,6,6+,train
5280,S1-654302677,3,3-5,train
5281,S1-38187532,2,2,train
5282,S1-543530307,3,3-5,train
5283,S1-170998162,6,6+,train
5284,S1-331580695,2,2,train
5285,S1-828853790,7,6+,train
5286,S1-458600672,6,6+,train
5287,S1-893953464,1,1,train
5288,S1-629330609,5,3-5,train
5289,S1-686901218,6,6+,train
5290,S1-980059626,3,3-5,train
5291,S1-370520143,1,1,train
5292,S1-177754505,6,6+,train
5293,S1-835343802,6,6+,validation
5294,S1-565518704,6,6+,train
5295,S1-546885621,1,1,train
5296,S1-342466559,6,6+,train
5297,S1-923945133,1,1,validation
5298,S1-516816904,3,3-5,train
5299,S1-983948470,5,3-5,train
5300,S1-770355473,6,6+,train
5301,S1-389313695,2,2,train
5302,S1-166724306,1,1,train
5303,S1-29123897,1,1,validation
5304,S1-550297413,3,3-5,train
5305,S1-991114372,5,3-5,train
5306,S1-669208905,2,2,train
5307,S1-717822182,2,2,validation
5308,S1-463377891,3,3-5,train
5309,S1-285616254,1,1,train
5310,S1-640104145,1,1,validation
5311,S1-874591854,6,6+,train
5312,S1-177394646,2,2,validation
5313,S1-181805440,6,6+,train
5314,S1-509201125,6,6+,validation
5315,S1-909664831,7,6+,validation
5316,S1-817179181,5,3-5,train
5317,S1-105269321,2,2,train
5318,S1-484564461,4,3-5,validation
5319,S1-99897356,2,2,train
5320,S1-728853174,2,2,train
5321,S1-705202280,6,6+,train
5322,S1-245000621,2,2,train
5323,S1-454436820,2,2,train
5324,S1-387829461,5,3-5,train
5325,S1-170182511,2,2,train
5326,S1-896494362,3,3-5,validation
5327,S1-731234804,2,2,train
5328,S1-343948153,2,2,train
5329,S1-568295658,1,1,train
5330,S1-794659050,9,6+,train
5331,S1-549362377,6,6+,train
5332,S1-161297974,2,2,train
5333,S1-617346196,2,2,train
5334,S1-674553873,2,2,train
5335,S1-256218873,6,6+,validation
5336,S1-90641671,2,2,train
5337,S1-137465575,1,1,validation
5338,S1-73566521,1,1,train
5339,S1-407513462,2,2,train
5340,S1-111672039,3,3-5,train
5341,S1-126074424,6,6+,train
5342,S1-141413246,7,6+,train
5343,S1-620629183,4,3-5,train
5344,S1-696490152,1,1,train
5345,S1-124001429,6,6+,validation
5346,S1-963795056,2,2,train
5347,S1-756200431,1,1,train
5348,S1-374081899,2,2,train
5349,S1-571924787,4,3-5,validation
5350,S1-959578716,1,1,train
5351,S1-111038772,6,6+,train
5352,S1-930013738,6,6+,train
5353,S1-802914432,1,1,train
5354,S1-131748093,7,6+,train
5355,S1-466527325,5,3-5,validation
5356,S1-615969479,1,1,train
5357,S1-918325886,2,2,train
5358,S1-148589559,4,3-5,train
5359,S1-4638801,3,3-5,train
5360,S1-329558057,1,1,train
5361,S1-367830827,2,2,validation
5362,S1-254868401,4,3-5,train
5363,S1-691414333,3,3-5,train
5364,S1-956572903,2,2,train
5365,S1-172573464,5,3-5,train
5366,S1-426844979,6,6+,validation
5367,S1-458795631,1,1,train
5368,S1-921194433,3,3-5,train
5369,S1-526063353,1,1,train
5370,S1-193060522,2,2,train
5371,S1-925021670,2,2,validation
5372,S1-412601516,2,2,train
5373,S1-223084675,2,2,train
5374,S1-980338470,1,1,train
5375,S1-705779716,6,6+,train
5376,S1-487878940,6,6+,train
5377,S1-746922813,2,2,train
5378,S1-615412654,2,2,validation
5379,S1-719955636,6,6+,validation
5380,S1-322347197,1,1,train
5381,S1-920917187,3,3-5,train
5382,S1-946690044,6,6+,train
5383,S1-835375498,2,2,validation
5384,S1-463589563,1,1,train
5385,S1-852279524,6,6+,train
5386,S1-808678208,4,3-5,validation
5387,S1-228964344,1,1,train
5388,S1-472629372,3,3-5,train
5389,S1-180718349,2,2,train
5390,S1-44105494,4,3-5,train
5391,S1-882180393,1,1,train
5392,S1-414239606,1,1,train
5393,S1-907208221,7,6+,train
5394,S1-586885861,4,3-5,train
5395,S1-58763021,1,1,train
5396,S1-754415495,3,3-5,train
5397,S1-975516038,2,2,train
5398,S1-272299661,2,2,validation
5399,S1-285109179,2,2,validation
5400,S1-622561153,7,6+,validation
5401,S1-290176373,2,2,train
5402,S1-743386518,4,3-5,train
5403,S1-345583892,3,3-5,validation
5404,S1-352206944,1,1,train
5405,S1-276405483,1,1,train
5406,S1-370747300,6,6+,train
5407,S1-234445680,1,1,train
5408,S1-838462433,8,6+,train
5409,S1-331087105,5,3-5,validation
5410,S1-99773516,1,1,train
5411,S1-47400073,6,6+,train
5412,S1-795922037,6,6+,train
5413,S1-467582425,6,6+,train
5414,S1-475284906,6,6+,train
5415,S1-660343118,2,2,train
5416,S1-596046399,7,6+,train
5417,S1-907868670,1,1,validation
5418,S1-254121899,2,2,train
5419,S1-199478790,1,1,train
5420,S1-133047887,4,3-5,train
5421,S1-448352276,4,3-5,train
5422,S1-527247037,2,2,train
5423,S1-218261049,7,6+,train
5424,S1-796663534,6,6+,train
5425,S1-35627152,5,3-5,train
5426,S1-803646623,3,3-5,train
5427,S1-39555251,5,3-5,train
5428,S1-788588567,6,6+,validation
5429,S1-386709613,6,6+,validation
5430,S1-415109001,1,1,train
5431,S1-10293328,1,1,train
5432,S1-551549480,3,3-5,train
5433,S1-388495859,6,6+,train
5434,S1-32577391,4,3-5,train
5435,S1-193016475,7,6+,train
5436,S1-840523848,2,2,train
5437,S1-513631142,7,6+,train
5438,S1-429048212,3,3-5,train
5439,S1-210239443,4,3-5,train
5440,S1-324647554,3,3-5,train
5441,S1-193570111,2,2,train
5442,S1-452246054,2,2,train
5443,S1-837025896,7,6+,train
5444,S1-563938569,4,3-5,validation
5445,S1-479892203,2,2,train
5446,S1-86676030,3,3-5,train
5447,S1-500923945,6,6+,train
5448,S1-52711787,6,6+,train
5449,S1-143926767,6,6+,train
5450,S1-666449408,1,1,train
5451,S1-95790940,6,6+,train
5452,S1-987498424,4,3-5,validation
5453,S1-408615115,6,6+,train
5454,S1-484716820,6,6+,train
5455,S1-835198319,1,1,train
5456,S1-951706666,6,6+,train
5457,S1-131698649,9,6+,train
5458,S1-986252517,1,1,train
5459,S1-714669149,7,6+,train
5460,S1-402138297,1,1,train
5461,S1-417499494,1,1,train
5462,S1-219644515,6,6+,train
5463,S1-319228925,3,3-5,validation
5464,S1-126319778,6,6+,train
5465,S1-549811261,1,1,train
5466,S1-192474266,1,1,validation
5467,S1-216352097,7,6+,train
5468,S1-99607612,4,3-5,train
5469,S1-529394799,4,3-5,train
5470,S1-486543827,3,3-5,train
5471,S1-790113831,2,2,train
5472,S1-589644771,6,6+,train
5473,S1-493922802,3,3-5,train
5474,S1-635366554,2,2,validation
5475,S1-877930975,2,2,train
5476,S1-857242476,2,2,train
5477,S1-195476298,2,2,train
5478,S1-530872256,4,3-5,train
5479,S1-891555317,4,3-5,train
5480,S1-541416054,2,2,train
5481,S1-655607613,3,3-5,train
5482,S1-275269021,2,2,train
5483,S1-616851615,3,3-5,train
5484,S1-886743246,1,1,train
5485,S1-317672573,2,2,train
5486,S1-516069995,6,6+,train
5487,S1-27494608,2,2,train
5488,S1-577748808,3,3-5,train
5489,S1-409840797,6,6+,train
5490,S1-880326415,3,3-5,train
5491,S1-970425037,1,1,train
5492,S1-420908992,6,6+,train
5493,S1-451667915,7,6+,train
5494,S1-368967120,3,3-5,train
5495,S1-944803695,3,3-5,train
5496,S1-31820614,4,3-5,train
5497,S1-921752630,2,2,validation
5498,S1-196834214,6,6+,train
5499,S1-990173267,2,2,train
5500,S1-111143473,6,6+,train
5501,S1-405112148,1,1,train
5502,S1-559408974,2,2,train
5503,S1-502177242,7,6+,train
5504,S1-452543098,2,2,validation
5505,S1-602661660,1,1,train
5506,S1-695211351,3,3-5,validation
5507,S1-833001006,1,1,train
5508,S1-430091780,1,1,train
5509,S1-342490498,2,2,train
5510,S1-100770663,4,3-5,train
5511,S1-337363167,1,1,train
5512,S1-786683010,6,6+,train
5513,S1-133917596,6,6+,train
5514,S1-665522603,1,1,validation
5515,S1-882517857,6,6+,train
5516,S1-136923195,4,3-5,validation
5517,S1-743034944,6,6+,train
5518,S1-732294438,1,1,validation
5519,S1-589298378,6,6+,validation
5520,S1-167533712,1,1,train
5521,S1-285350194,3,3-5,validation
5522,S1-227361440,6,6+,validation
5523,S1-138402595,5,3-5,validation
5524,S1-164906713,2,2,train
5525,S1-127840445,3,3-5,train
5526,S1-348300934,3,3-5,train
5527,S1-510501496,4,3-5,train
5528,S1-795780282,1,1,train
5529,S1-698586478,6,6+,validation
5530,S1-677068069,5,3-5,validation
5531,S1-305661951,5,3-5,train
5532,S1-453236764,3,3-5,train
5533,S1-739154402,1,1,train
5534,S1-304964749,8,6+,train
5535,S1-186631180,5,3-5,train
5536,S1-453736940,2,2,train
5537,S1-831888302,7,6+,validation
5538,S1-186915715,1,1,train
5539,S1-533180079,7,6+,train
5540,S1-536230848,5,3-5,train
5541,S1-15086770,5,3-5,train
5542,S1-162541132,7,6+,train
5543,S1-605357373,2,2,train
5544,S1-689303369,3,3-5,train
5545,S1-340878112,1,1,train
5546,S1-589846448,1,1,validation
5547,S1-990820566,2,2,train
5548,S1-876364604,6,6+,train
5549,S1-493688441,6,6+,train
5550,S1-115025954,2,2,validation
5551,S1-8870593,4,3-5,train
5552,S1-140740615,1,1,validation
5553,S1-193715010,1,1,train
5554,S1-581145789,3,3-5,train
5555,S1-730680925,6,6+,train
5556,S1-984232998,2,2,train
5557,S1-464309282,2,2,train
5558,S1-18088388,1,1,train
5559,S1-544032930,2,2,train
5560,S1-606768263,7,6+,train
5561,S1-841442302,4,3-5,validation
5562,S1-739205302,1,1,train
5563,S1-948636190,4,3-5,train
5564,S1-115890317,3,3-5,train
5565,S1-258982341,2,2,train
5566,S1-108977680,3,3-5,train
5567,S1-822496355,9,6+,train
5568,S1-254268843,5,3-5,train
5569,S1-657150372,3,3-5,train
5570,S1-576944009,3,3-5,train
5571,S1-538535318,6,6+,train
5572,S1-444865027,8,6+,validation
5573,S1-777408557,1,1,train
5574,S1-216133376,2,2,train
5575,S1-717334907,1,1,train
5576,S1-707841921,1,1,train
5577,S1-630976735,3,3-5,validation
5578,S1-633723643,3,3-5,train
5579,S1-96793091,3,3-5,train
5580,S1-61060042,1,1,train
5581,S1-784695831,6,6+,train
5582,S1-933833643,6,6+,train
5583,S1-507336724,1,1,train
5584,S1-975281778,6,6+,train
5585,S1-762196041,6,6+,train
5586,S1-466818628,1,1,train
5587,S1-879540332,7,6+,train
5588,S1-30156856,5,3-5,train
5589,S1-698305222,3,3-5,train
5590,S1-76762071,1,1,train
5591,S1-655393957,1,1,train
5592,S1-304418276,2,2,train
5593,S1-273717789,4,3-5,train
5594,S1-723801849,2,2,train
5595,S1-477367976,8,6+,train
5596,S1-682722793,2,2,train
5597,S1-52840922,1,1,train
5598,S1-670560651,6,6+,train
5599,S1-254029681,2,2,train
5600,S1-998931034,4,3-5,validation
5601,S1-363985435,1,1,train
5602,S1-246227085,6,6+,train
5603,S1-430437662,3,3-5,train
5604,S1-892103197,7,6+,train
5605,S1-239168138,5,3-5,train
5606,S1-250490719,2,2,train
5607,S1-774620207,1,1,train
5608,S1-968791028,1,1,train
5609,S1-887247936,5,3-5,validation
5610,S1-58898526,1,1,train
5611,S1-393481885,1,1,train
5612,S1-131151351,3,3-5,train
5613,S1-483288392,1,1,validation
5614,S1-943495216,4,3-5,train
5615,S1-193303982,7,6+,train
5616,S1-2760191,2,2,train
5617,S1-533413084,1,1,train
5618,S1-876572108,6,6+,train
5619,S1-410636467,2,2,validation
5620,S1-611470685,2,2,train
5621,S1-442724452,1,1,train
5622,S1-484398623,4,3-5,validation
5623,S1-520304420,2,2,validation
5624,S1-628287008,1,1,train
5625,S1-543543586,2,2,train
5626,S1-615211718,2,2,train
5627,S1-666530540,2,2,train
5628,S1-794145008,3,3-5,train
5629,S1-216095657,6,6+,validation
5630,S1-528987729,6,6+,train
5631,S1-134506725,6,6+,validation
5632,S1-171586072,1,1,validation
5633,S1-858074664,1,1,validation
5634,S1-650322131,1,1,validation
5635,S1-919312053,2,2,validation
5636,S1-753546482,1,1,train
5637,S1-123974780,1,1,train
5638,S1-355610053,1,1,validation
5639,S1-624853577,5,3-5,train
5640,S1-33023082,1,1,train
5641,S1-761510442,4,3-5,train
5642,S1-579900602,2,2,train
5643,S1-480618192,1,1,validation
5644,S1-498458781,4,3-5,validation
5645,S1-509367107,2,2,train
5646,S1-352100467,3,3-5,train
5647,S1-706132172,4,3-5,train
5648,S1-548005175,1,1,train
5649,S1-79556695,6,6+,train
5650,S1-605383277,1,1,train
5651,S1-595112633,1,1,train
5652,S1-997260658,8,6+,train
5653,S1-309598661,6,6+,train
5654,S1-477061385,1,1,train
5655,S1-692154737,6,6+,train
5656,S1-382551947,6,6+,train
5657,S1-550115716,1,1,train
5658,S1-411293383,2,2,train
5659,S1-960213919,2,2,train
5660,S1-601470414,4,3-5,validation
5661,S1-419153486,7,6+,train
5662,S1-758396114,1,1,train
5663,S1-908600068,5,3-5,validation
5664,S1-883913028,3,3-5,train
5665,S1-503310627,1,1,train
5666,S1-499729317,6,6+,train
5667,S1-937469771,4,3-5,train
5668,S1-908741897,2,2,train
5669,S1-465789313,5,3-5,train
5670,S1-79203133,6,6+,train
5671,S1-766056834,4,3-5,train
5672,S1-691570326,4,3-5,train
5673,S1-899821045,7,6+,train
5674,S1-458265435,1,1,train
5675,S1-164535704,2,2,validation
5676,S1-789595719,5,3-5,validation
5677,S1-879859642,1,1,train
5678,S1-455413629,2,2,validation
5679,S1-277182198,4,3-5,train
5680,S1-49524201,1,1,train
5681,S1-108772013,2,2,validation
5682,S1-716210440,5,3-5,train
5683,S1-308362238,4,3-5,train
5684,S1-534499559,1,1,train
5685,S1-719068820,6,6+,train
5686,S1-949892180,2,2,validation
5687,S1-320019144,1,1,train
5688,S1-481255788,6,6+,train
5689,S1-782262289,7,6+,validation
5690,S1-666511874,8,6+,validation
5691,S1-115464108,4,3-5,train
5692,S1-323263373,7,6+,train
5693,S1-211756779,2,2,train
5694,S1-331607794,6,6+,train
5695,S1-22175547,2,2,train
5696,S1-221030321,4,3-5,validation
5697,S1-527693268,1,1,train
5698,S1-387750116,1,1,train
5699,S1-429894515,8,6+,validation
5700,S1-595943537,2,2,train
5701,S1-24482954,3,3-5,train
5702,S1-30236928,1,1,train
5703,S1-425616679,6,6+,train
5704,S1-40978135,2,2,train
5705,S1-426518335,2,2,train
5706,S1-899781203,5,3-5,validation
5707,S1-234223484,1,1,train
5708,S1-508176927,5,3-5,train
5709,S1-334583542,1,1,train
5710,S1-99385049,8,6+,validation
5711,S1-867975782,2,2,train
5712,S1-65498747,1,1,train
5713,S1-794381960,1,1,train
5714,S1-644475353,1,1,train
5715,S1-751451465,6,6+,train
5716,S1-871946859,4,3-5,train
5717,S1-176895312,2,2,train
5718,S1-312350629,8,6+,train
5719,S1-478837619,3,3-5,train
5720,S1-220052584,1,1,train
5721,S1-178738503,2,2,train
5722,S1-335957432,3,3-5,train
5723,S1-113997165,1,1,train
5724,S1-590815515,2,2,validation
5725,S1-138866651,1,1,train
5726,S1-643652070,1,1,train
5727,S1-289347205,4,3-5,validation
5728,S1-481241264,8,6+,train
5729,S1-184380214,2,2,train
5730,S1-256527442,4,3-5,train
5731,S1-650790240,6,6+,train
5732,S1-992761565,3,3-5,train
5733,S1-690580185,2,2,train
5734,S1-927735930,3,3-5,train
5735,S1-772164134,2,2,train
5736,S1-186256013,1,1,validation
5737,S1-787221432,3,3-5,train
5738,S1-563738599,5,3-5,train
5739,S1-607860271,2,2,train
5740,S1-372483716,5,3-5,train
5741,S1-463366083,2,2,train
5742,S1-794524181,2,2,train
5743,S1-14915019,6,6+,train
5744,S1-173049785,2,2,validation
5745,S1-998835157,2,2,train
5746,S1-676599367,7,6+,train
5747,S1-608964924,6,6+,train
5748,S1-517046938,4,3-5,train
5749,S1-527476139,7,6+,train
5750,S1-28959317,4,3-5,validation
5751,S1-322290895,1,1,train
5752,S1-351725203,2,2,validation
5753,S1-780720771,2,2,validation
5754,S1-648033142,2,2,train
5755,S1-539418058,1,1,train
5756,S1-669943249,4,3-5,train
5757,S1-521971737,2,2,train
5758,S1-831760103,1,1,train
5759,S1-376595403,2,2,train
5760,S1-374435481,2,2,validation
5761,S1-580342010,2,2,train
5762,S1-51817376,5,3-5,train
5763,S1-126118541,4,3-5,train
5764,S1-474850043,2,2,train
5765,S1-954775186,5,3-5,train
5766,S1-132811823,3,3-5,train
5767,S1-266118363,6,6+,train
5768,S1-300228458,6,6+,train
5769,S1-186426341,1,1,train
5770,S1-112664127,6,6+,train
5771,S1-345664528,3,3-5,train
5772,S1-574754284,5,3-5,train
5773,S1-156240331,2,2,validation
5774,S1-427766375,4,3-5,train
5775,S1-402319236,2,2,train
5776,S1-919405979,4,3-5,validation
5777,S1-58269273,3,3-5,train
5778,S1-114132195,6,6+,train
5779,S1-298791122,5,3-5,train
5780,S1-466958831,3,3-5,train
5781,S1-310169291,1,1,train
5782,S1-861500549,4,3-5,train
5783,S1-982520329,4,3-5,train
5784,S1-493239448,6,6+,train
5785,S1-528847793,1,1,train
5786,S1-249959209,2,2,train
5787,S1-732837338,2,2,validation
5788,S1-55342186,2,2,train
5789,S1-111496804,2,2,train
5790,S1-121447698,1,1,train
5791,S1-373907647,2,2,train
5792,S1-121566370,7,6+,validation
5793,S1-4683360,2,2,validation
5794,S1-593166640,1,1,validation
5795,S1-853311807,2,2,train
5796,S1-640127824,5,3-5,train
5797,S1-596441335,4,3-5,train
5798,S1-346250979,3,3-5,train
5799,S1-619763631,7,6+,train
5800,S1-187135342,6,6+,train
5801,S1-666788670,1,1,validation
5802,S1-205811679,2,2,validation
5803,S1-413297945,4,3-5,train
5804,S1-569778476,2,2,train
5805,S1-907492392,2,2,validation
5806,S1-538218782,1,1,train
5807,S1-658875911,3,3-5,train
5808,S1-329206020,7,6+,validation
5809,S1-508513423,1,1,train
5810,S1-294748202,2,2,train
5811,S1-652067323,1,1,validation
5812,S1-12619366,2,2,train
5813,S1-205189682,2,2,train
5814,S1-410687962,1,1,train
5815,S1-121228308,1,1,validation
5816,S1-728092576,1,1,validation
5817,S1-933766694,1,1,train
5818,S1-104271760,2,2,train
5819,S1-605703546,3,3-5,train
5820,S1-444107176,1,1,train
5821,S1-513400646,2,2,validation
5822,S1-273335997,2,2,train
5823,S1-463481726,6,6+,train
5824,S1-934762128,2,2,train
5825,S1-870864040,2,2,train
5826,S1-883351325,6,6+,validation
5827,S1-82222256,7,6+,validation
5828,S1-601855498,2,2,train
5829,S1-432671555,4,3-5,train
5830,S1-473553165,2,2,validation
5831,S1-225739076,8,6+,train
5832,S1-265703758,4,3-5,train
5833,S1-302187305,2,2,train
5834,S1-717372258,2,2,train
5835,S1-15920694,6,6+,train
5836,S1-569321966,7,6+,train
5837,S1-72076615,5,3-5,validation
5838,S1-835125176,2,2,train
5839,S1-393920543,6,6+,train
5840,S1-368373651,1,1,train
5841,S1-303436869,2,2,train
5842,S1-162965625,6,6+,train
5843,S1-760164208,2,2,train
5844,S1-446395838,2,2,train
5845,S1-436064128,2,2,train
5846,S1-960326277,1,1,train
5847,S1-309551945,6,6+,train
5848,S1-675000076,6,6+,train
5849,S1-957911119,2,2,validation
5850,S1-110632373,1,1,train
5851,S1-908467127,1,1,train
5852,S1-803986342,2,2,train
5853,S1-689401372,1,1,validation
5854,S1-483883375,1,1,train
5855,S1-113805715,1,1,train
5856,S1-452612766,7,6+,train
5857,S1-832275109,1,1,validation
5858,S1-669290114,2,2,train
5859,S1-247849597,2,2,train
5860,S1-296275626,2,2,train
5861,S1-341165547,2,2,train
5862,S1-483036045,7,6+,train
5863,S1-540967578,7,6+,train
5864,S1-13876521,2,2,validation
5865,S1-854253350,1,1,validation
5866,S1-444986163,1,1,train
5867,S1-60949540,2,2,train
5868,S1-499360345,2,2,train
5869,S1-488021860,2,2,validation
5870,S1-365263445,6,6+,train
5871,S1-596022515,1,1,train
5872,S1-321548410,1,1,train
5873,S1-634187629,6,6+,train
5874,S1-794484754,1,1,validation
5875,S1-829493021,1,1,train
5876,S1-947252629,7,6+,validation
5877,S1-231572626,4,3-5,train
5878,S1-775287234,5,3-5,validation
5879,S1-590980111,4,3-5,train
5880,S1-629078899,7,6+,train
5881,S1-603953694,2,2,train
5882,S1-318239254,2,2,train
5883,S1-89360989,8,6+,train
5884,S1-88395293,3,3-5,train
5885,S1-648537214,1,1,train
5886,S1-188606792,1,1,train
5887,S1-10517495,1,1,validation
5888,S1-895829623,7,6+,train
5889,S1-621967857,2,2,train
5890,S1-631310482,1,1,train
5891,S1-78960177,1,1,train
5892,S1-362147862,6,6+,train
5893,S1-28785819,1,1,validation
5894,S1-304128781,3,3-5,train
5895,S1-694423228,3,3-5,train
5896,S1-991728090,5,3-5,train
5897,S1-754861461,4,3-5,train
5898,S1-750886994,6,6+,train
5899,S1-678754358,1,1,train
5900,S1-756945296,6,6+,train
5901,S1-984608133,7,6+,train
5902,S1-711311796,2,2,train
5903,S1-415204019,1,1,train
5904,S1-617509881,1,1,train
5905,S1-510576930,1,1,train
5906,S1-69021712,4,3-5,validation
5907,S1-493821334,6,6+,train
5908,S1-294919983,1,1,train
5909,S1-731440823,7,6+,train
5910,S1-676895514,1,1,train
5911,S1-31180474,2,2,train
5912,S1-647530990,6,6+,train
5913,S1-150465677,6,6+,train
5914,S1-792643080,3,3-5,train
5915,S1-674206088,2,2,train
5916,S1-924829023,2,2,train
5917,S1-807519062,1,1,train
5918,S1-165161737,2,2,train
5919,S1-25836162,6,6+,train
5920,S1-494571002,1,1,validation
5921,S1-312707149,3,3-5,train
5922,S1-711303184,3,3-5,validation
5923,S1-998912227,2,2,train
5924,S1-344515816,7,6+,train
5925,S1-626468219,5,3-5,train
5926,S1-100092302,1,1,validation
5927,S1-718008565,7,6+,validation
5928,S1-795696065,3,3-5,validation
5929,S1-177276750,2,2,train
5930,S1-468481933,6,6+,train
5931,S1-933082709,2,2,validation
5932,S1-691779039,2,2,train
5933,S1-881687432,4,3-5,validation
5934,S1-14438953,2,2,train
5935,S1-313941235,2,2,train
5936,S1-503650037,8,6+,train
5937,S1-781183366,1,1,train
5938,S1-511570973,6,6+,train
5939,S1-798548625,2,2,train
5940,S1-703213087,5,3-5,train
5941,S1-786566917,1,1,train
5942,S1-861389943,2,2,train
5943,S1-698722395,4,3-5,train
5944,S1-665550237,6,6+,validation
5945,S1-471992912,6,6+,validation
5946,S1-449129100,6,6+,train
5947,S1-291431236,1,1,train
5948,S1-707649393,7,6+,train
5949,S1-111667179,6,6+,validation
5950,S1-919940242,8,6+,train
5951,S1-504238614,2,2,train
5952,S1-866134428,2,2,train
5953,S1-579960189,2,2,train
5954,S1-243790064,2,2,train
5955,S1-352916082,2,2,train
5956,S1-525871243,1,1,validation
5957,S1-686360639,6,6+,train
5958,S1-573084846,1,1,train
5959,S1-41890306,6,6+,validation
5960,S1-576261125,2,2,validation
5961,S1-73041969,2,2,train
5962,S1-684762709,1,1,validation
5963,S1-808907892,1,1,train
5964,S1-706147245,8,6+,validation
5965,S1-880203632,1,1,train
5966,S1-815017600,2,2,train
5967,S1-748001143,2,2,train
5968,S1-90255941,2,2,train
5969,S1-196578854,4,3-5,train
5970,S1-974282174,6,6+,train
5971,S1-254229780,2,2,train
5972,S1-764991420,2,2,train
5973,S1-874455711,2,2,train
5974,S1-408713993,1,1,train
5975,S1-196461887,3,3-5,train
5976,S1-521404775,6,6+,train
5977,S1-535792650,5,3-5,train
5978,S1-592283670,1,1,train
5979,S1-680469795,5,3-5,validation
5980,S1-590250099,2,2,train
5981,S1-2243275,2,2,train
5982,S1-555848826,2,2,train
5983,S1-931564388,8,6+,train
5984,S1-169978755,2,2,validation
5985,S1-350845218,3,3-5,train
5986,S1-325004507,6,6+,train
5987,S1-133154902,7,6+,train
5988,S1-24341707,6,6+,train
5989,S1-309178232,3,3-5,train
5990,S1-732344033,2,2,validation
5991,S1-850488380,6,6+,train
5992,S1-45513943,2,2,validation
5993,S1-832927011,2,2,validation
5994,S1-860969849,1,1,validation
5995,S1-19950235,6,6+,validation
5996,S1-336686446,7,6+,validation
5997,S1-572345866,4,3-5,validation
5998,S1-490154990,1,1,validation
5999,S1-877787762,2,2,train
6000,S1-852994978,1,1,validation
6001,S1-449685293,1,1,train
6002,S1-897456964,5,3-5,train
6003,S1-773206936,2,2,train
6004,S1-890477466,6,6+,validation
6005,S1-137627369,6,6+,train
6006,S1-601435518,4,3-5,validation
6007,S1-931395471,4,3-5,train
6008,S1-355955029,5,3-5,validation
6009,S1-262177631,8,6+,validation
6010,S1-826426814,6,6+,train
6011,S1-446181519,3,3-5,train
6012,S1-149959378,6,6+,train
6013,S1-294814816,1,1,train
6014,S1-285155535,3,3-5,train
6015,S1-466379234,2,2,train
6016,S1-262448307,9,6+,validation
6017,S1-917621869,6,6+,train
6018,S1-789221302,2,2,train
6019,S1-757775093,3,3-5,train
6020,S1-514209245,6,6+,train
6021,S1-415638990,2,2,train
6022,S1-581452101,2,2,validation
6023,S1-655745552,1,1,train
6024,S1-309437785,2,2,train
6025,S1-855542401,2,2,train
6026,S1-311729825,6,6+,train
6027,S1-388324456,3,3-5,train
6028,S1-490527440,4,3-5,train
6029,S1-870743204,1,1,train
6030,S1-673497532,1,1,validation
6031,S1-892160478,6,6+,train
6032,S1-903790688,7,6+,train
6033,S1-860360928,2,2,train
6034,S1-211951319,2,2,train
6035,S1-40065116,2,2,train
6036,S1-651600852,1,1,train
6037,S1-232756370,6,6+,validation
6038,S1-873125379,4,3-5,validation
6039,S1-706442224,1,1,train
6040,S1-652090445,2,2,train
6041,S1-75992475,1,1,train
6042,S1-237836444,7,6+,train
6043,S1-263250794,4,3-5,validation
6044,S1-821117849,5,3-5,train
6045,S1-507676832,6,6+,train
6046,S1-744307460,2,2,train
6047,S1-81817834,6,6+,train
6048,S1-168695015,6,6+,validation
6049,S1-48539121,5,3-5,train
6050,S1-440657641,5,3-5,validation
6051,S1-367119092,3,3-5,train
6052,S1-966321479,1,1,train
6053,S1-227660953,4,3-5,train
6054,S1-510483505,1,1,train
6055,S1-210196257,8,6+,train
6056,S1-895698775,5,3-5,train
6057,S1-889267121,3,3-5,train
6058,S1-789932464,1,1,validation
6059,S1-784117341,2,2,train
6060,S1-720141865,2,2,train
6061,S1-8667137,3,3-5,train
6062,S1-516401627,3,3-5,train
6063,S1-290717024,4,3-5,validation
6064,S1-79099342,5,3-5,train
6065,S1-554747088,6,6+,train
6066,S1-249835874,5,3-5,validation
6067,S1-587305342,1,1,train
6068,S1-849068054,2,2,validation
6069,S1-905675788,1,1,validation
6070,S1-107035108,3,3-5,train
6071,S1-997600407,1,1,train
6072,S1-400327934,6,6+,train
6073,S1-102705401,2,2,train
6074,S1-448089277,3,3-5,train
6075,S1-516970855,6,6+,train
6076,S1-886867459,2,2,train
6077,S1-460851836,2,2,train
6078,S1-172609773,2,2,train
6079,S1-59331396,4,3-5,train
6080,S1-384393484,6,6+,train
6081,S1-832137209,8,6+,validation
6082,S1-503962322,6,6+,train
6083,S1-918600692,1,1,train
6084,S1-106417419,1,1,train
6085,S1-420493332,4,3-5,train
6086,S1-426789977,3,3-5,train
6087,S1-26423794,2,2,train
6088,S1-296761158,7,6+,train
6089,S1-528859927,2,2,train
6090,S1-600334736,6,6+,train
6091,S1-114344634,2,2,train
6092,S1-529525816,1,1,train
6093,S1-452734836,7,6+,train
6094,S1-152640878,6,6+,train
6095,S1-770977467,2,2,train
6096,S1-468181586,4,3-5,train
6097,S1-653041311,2,2,train
6098,S1-76286645,2,2,train
6099,S1-151453604,4,3-5,train
6100,S1-794894236,1,1,train
6101,S1-309366298,2,2,train
6102,S1-882407819,2,2,train
6103,S1-985284243,2,2,validation
6104,S1-760675562,7,6+,train
6105,S1-713460172,6,6+,train
6106,S1-789282705,3,3-5,train
6107,S1-891102703,4,3-5,train
6108,S1-116616518,2,2,train
6109,S1-434313556,7,6+,train
6110,S1-532964051,1,1,validation
6111,S1-152949892,2,2,train
6112,S1-203321109,3,3-5,validation
6113,S1-711749399,1,1,train
6114,S1-626188914,5,3-5,train
6115,S1-203956972,1,1,train
6116,S1-518019134,2,2,train
6117,S1-967063583,3,3-5,train
6118,S1-461696276,2,2,train
6119,S1-556674117,7,6+,train
6120,S1-34652716,2,2,validation
6121,S1-91154540,6,6+,train
6122,S1-959344391,3,3-5,train
6123,S1-605973700,2,2,train
6124,S1-618395430,1,1,train
6125,S1-465603160,3,3-5,train
6126,S1-845531452,2,2,validation
6127,S1-368017862,2,2,train
6128,S1-693811568,2,2,train
6129,S1-559586744,6,6+,train
6130,S1-193600576,3,3-5,train
6131,S1-124618182,3,3-5,train
6132,S1-403123575,2,2,train
6133,S1-708709611,1,1,train
6134,S1-632416491,8,6+,train
6135,S1-159006943,2,2,train
6136,S1-928033725,6,6+,train
6137,S1-56955387,6,6+,train
6138,S1-285031278,2,2,train
6139,S1-779462235,1,1,train
6140,S1-262270789,4,3-5,train
6141,S1-937499105,3,3-5,train
6142,S1-532448916,2,2,validation
6143,S1-856504302,1,1,train
6144,S1-347067176,5,3-5,train
6145,S1-244789048,2,2,train
6146,S1-887052762,6,6+,train
6147,S1-492543856,2,2,train
6148,S1-613537520,4,3-5,train
6149,S1-539741486,3,3-5,train
6150,S1-149857498,5,3-5,train
6151,S1-434289384,3,3-5,validation
6152,S1-179957471,5,3-5,train
6153,S1-965073141,4,3-5,train
6154,S1-650790178,1,1,train
6155,S1-246549546,1,1,train
6156,S1-165867802,1,1,train
6157,S1-461065246,6,6+,train
6158,S1-253867919,3,3-5,train
6159,S1-913378086,1,1,train
6160,S1-165048768,6,6+,train
6161,S1-152022778,4,3-5,train
6162,S1-255644168,6,6+,validation
6163,S1-411358458,4,3-5,train
6164,S1-750186214,6,6+,train
6165,S1-147621530,1,1,train
6166,S1-670925054,1,1,train
6167,S1-5644253,6,6+,validation
6168,S1-365380104,4,3-5,train
6169,S1-243755862,6,6+,train
6170,S1-172258983,2,2,train
6171,S1-511482312,3,3-5,train
6172,S1-202854018,2,2,validation
6173,S1-823181290,1,1,train
6174,S1-801216937,1,1,train
6175,S1-202238617,2,2,train
6176,S1-955160026,2,2,validation
6177,S1-545039712,6,6+,train
6178,S1-857531866,2,2,train
6179,S1-101768858,1,1,train
6180,S1-331633807,2,2,train
6181,S1-950927154,3,3-5,train
6182,S1-80575324,1,1,train
6183,S1-739920417,5,3-5,train
6184,S1-192981997,6,6+,train
6185,S1-575459482,4,3-5,train
6186,S1-579613931,6,6+,train
6187,S1-191493789,6,6+,train
6188,S1-234380188,5,3-5,train
6189,S1-593018241,8,6+,train
6190,S1-718713679,8,6+,train
6191,S1-896968443,2,2,validation
6192,S1-683559526,2,2,train
6193,S1-889246472,5,3-5,train
6194,S1-560147428,4,3-5,train
6195,S1-815137005,5,3-5,train
6196,S1-186651302,2,2,train
6197,S1-900797785,5,3-5,train
6198,S1-827808517,2,2,validation
6199,S1-582557163,6,6+,validation
6200,S1-188572227,6,6+,train
6201,S1-733514279,6,6+,train
6202,S1-896435376,1,1,train
6203,S1-292770551,4,3-5,train
6204,S1-728612447,7,6+,train
6205,S1-463570454,5,3-5,train
6206,S1-530308517,1,1,train
6207,S1-954626156,1,1,train
6208,S1-488924546,3,3-5,train
6209,S1-563023031,2,2,train
6210,S1-52174757,2,2,train
6211,S1-182663614,6,6+,train
6212,S1-817141413,4,3-5,train
6213,S1-313695056,1,1,validation
6214,S1-843376867,1,1,train
6215,S1-414424604,1,1,validation
6216,S1-583812006,4,3-5,validation
6217,S1-291643502,7,6+,train
6218,S1-133086556,1,1,validation
6219,S1-926226391,6,6+,validation
6220,S1-908200063,2,2,train
6221,S1-343601024,5,3-5,validation
6222,S1-548635303,4,3-5,train
6223,S1-142156055,2,2,train
6224,S1-451374038,7,6+,train
6225,S1-144484320,6,6+,train
6226,S1-264757188,5,3-5,train
6227,S1-918990522,1,1,train
6228,S1-292390740,2,2,train
6229,S1-552665684,1,1,train
6230,S1-682688460,2,2,train
6231,S1-367808143,3,3-5,train
6232,S1-78559587,6,6+,validation
6233,S1-953667757,1,1,train
6234,S1-563971908,7,6+,train
6235,S1-462400223,6,6+,train
6236,S1-938696592,2,2,train
6237,S1-316848407,2,2,train
6238,S1-691021049,2,2,validation
6239,S1-24908343,1,1,train
6240,S1-117024571,2,2,train
6241,S1-881545628,1,1,train
6242,S1-966126974,8,6+,train
6243,S1-333037383,7,6+,train
6244,S1-525897561,4,3-5,train
6245,S1-302183058,3,3-5,train
6246,S1-96634442,4,3-5,train
6247,S1-83709951,1,1,train
6248,S1-9562351,6,6+,train
6249,S1-689518336,6,6+,train
6250,S1-154400060,1,1,train
6251,S1-409191993,2,2,validation
6252,S1-443408744,4,3-5,train
6253,S1-730987209,4,3-5,validation
6254,S1-336199892,6,6+,train
6255,S1-934255823,6,6+,train
6256,S1-657921722,2,2,train
6257,S1-514767348,1,1,validation
6258,S1-969114746,2,2,train
6259,S1-486195303,1,1,train
6260,S1-566760700,7,6+,train
6261,S1-164092413,2,2,train
6262,S1-818771332,2,2,train
6263,S1-461966728,4,3-5,train
6264,S1-784172909,2,2,train
6265,S1-961429302,6,6+,train
6266,S1-508823724,2,2,validation
6267,S1-627645404,6,6+,train
6268,S1-954813208,1,1,train
6269,S1-302077657,2,2,train
6270,S1-567445411,3,3-5,train
6271,S1-56793234,2,2,train
6272,S1-973355246,1,1,train
6273,S1-668597940,2,2,train
6274,S1-167501468,1,1,train
6275,S1-868640119,6,6+,train
6276,S1-630681798,4,3-5,train
6277,S1-243798950,7,6+,validation
6278,S1-789441754,2,2,train
6279,S1-564289423,2,2,train
6280,S1-639207268,2,2,train
6281,S1-732437416,2,2,train
6282,S1-277330325,5,3-5,train
6283,S1-202754118,1,1,train
6284,S1-129447972,6,6+,validation
6285,S1-374480349,6,6+,train
6286,S1-756833460,6,6+,train
6287,S1-635251737,2,2,train
6288,S1-873224103,6,6+,train
6289,S1-163367597,4,3-5,train
6290,S1-283080901,1,1,validation
6291,S1-476048032,2,2,validation
6292,S1-7451481,1,1,train
6293,S1-141619762,3,3-5,train
6294,S1-767582963,8,6+,train
6295,S1-635960758,2,2,train
6296,S1-186670741,2,2,train
6297,S1-737294138,4,3-5,validation
6298,S1-136276840,8,6+,train
6299,S1-651430973,6,6+,validation
6300,S1-840945635,4,3-5,train
6301,S1-119506857,6,6+,train
6302,S1-391176422,2,2,train
6303,S1-159666053,6,6+,train
6304,S1-314238579,2,2,train
6305,S1-716755381,6,6+,train
6306,S1-902545857,2,2,train
6307,S1-58151885,2,2,train
6308,S1-402657767,1,1,train
6309,S1-39321829,4,3-5,train
6310,S1-640371287,1,1,validation
6311,S1-922359516,1,1,validation
6312,S1-622508336,2,2,train
6313,S1-779910693,7,6+,train
6314,S1-180389877,4,3-5,train
6315,S1-151651120,6,6+,train
6316,S1-281886210,2,2,validation
6317,S1-724071409,8,6+,train
6318,S1-972040514,2,2,train
6319,S1-579722967,3,3-5,train
6320,S1-256952758,6,6+,train
6321,S1-471678492,1,1,train
6322,S1-233262704,3,3-5,train
6323,S1-961937501,4,3-5,train
6324,S1-283138388,2,2,validation
6325,S1-118110116,1,1,train
6326,S1-604585404,6,6+,train
6327,S1-677611774,6,6+,train
6328,S1-446141616,7,6+,train
6329,S1-209683422,2,2,train
6330,S1-117420273,6,6+,validation
6331,S1-337150967,1,1,train
6332,S1-385057298,6,6+,train
6333,S1-374199703,1,1,train
6334,S1-935099303,1,1,train
6335,S1-298156723,2,2,train
6336,S1-604038341,4,3-5,train
6337,S1-744371756,1,1,validation
6338,S1-923987642,6,6+,validation
6339,S1-729861185,2,2,train
6340,S1-248884681,6,6+,train
6341,S1-12567716,1,1,train
6342,S1-131887935,3,3-5,train
6343,S1-727572702,1,1,validation
6344,S1-958481614,6,6+,validation
6345,S1-280683108,7,6+,validation
6346,S1-585328315,2,2,validation
6347,S1-708710871,1,1,train
6348,S1-963940492,5,3-5,train
6349,S1-627701741,3,3-5,train
6350,S1-262297494,6,6+,validation
6351,S1-564453112,1,1,train
6352,S1-914007066,7,6+,train
6353,S1-574906037,6,6+,train
6354,S1-422097819,1,1,train
6355,S1-424776488,1,1,train
6356,S1-472507075,1,1,train
6357,S1-839671482,2,2,train
6358,S1-812344780,2,2,train
6359,S1-502385426,1,1,validation
6360,S1-956699100,1,1,train
6361,S1-643479302,6,6+,validation
6362,S1-469395001,2,2,train
6363,S1-348017951,6,6+,train
6364,S1-198657369,2,2,train
6365,S1-703895764,2,2,train
6366,S1-213478270,2,2,train
6367,S1-910254976,1,1,train
6368,S1-148922042,5,3-5,train
6369,S1-111981104,1,1,train
6370,S1-445708391,2,2,train
6371,S1-525217069,6,6+,train
6372,S1-805050467,7,6+,train
6373,S1-28340079,2,2,validation
6374,S1-466176867,5,3-5,train
6375,S1-524190161,6,6+,train
6376,S1-481918593,6,6+,train
6377,S1-334067400,4,3-5,train
6378,S1-172055607,4,3-5,train
6379,S1-188532243,7,6+,train
6380,S1-689688677,5,3-5,train
6381,S1-424083136,1,1,train
6382,S1-580486626,6,6+,train
6383,S1-213692107,1,1,train
6384,S1-242559349,4,3-5,train
6385,S1-814218233,1,1,train
6386,S1-150920684,2,2,train
6387,S1-95004334,5,3-5,train
6388,S1-718331839,3,3-5,train
6389,S1-137807376,6,6+,train
6390,S1-832874254,4,3-5,train
6391,S1-698373236,2,2,train
6392,S1-537059918,6,6+,train
6393,S1-311322079,4,3-5,validation
6394,S1-358032033,4,3-5,train
6395,S1-193971057,8,6+,validation
6396,S1-230216594,4,3-5,train
6397,S1-627505668,1,1,train
6398,S1-809669657,2,2,train
6399,S1-788607236,2,2,train
6400,S1-90686490,2,2,train
6401,S1-478822386,3,3-5,train
6402,S1-379787027,6,6+,train
6403,S1-881446401,2,2,train
6404,S1-239756532,6,6+,train
6405,S1-920185086,4,3-5,train
6406,S1-569990253,1,1,train
6407,S1-288718275,7,6+,train
6408,S1-713168751,2,2,train
6409,S1-674994016,2,2,validation
6410,S1-272270963,5,3-5,train
6411,S1-857943093,4,3-5,train
6412,S1-949225755,2,2,validation
6413,S1-128930493,7,6+,train
6414,S1-833570685,2,2,train
6415,S1-412245881,3,3-5,validation
6416,S1-544134331,1,1,train
6417,S1-138416528,5,3-5,train
6418,S1-409412137,1,1,train
6419,S1-994061118,6,6+,train
6420,S1-544324636,2,2,train
6421,S1-951195114,4,3-5,train
6422,S1-849922832,2,2,train
6423,S1-28438897,6,6+,validation
6424,S1-118606381,1,1,train
6425,S1-494633799,1,1,train
6426,S1-49339378,1,1,train
6427,S1-844408096,1,1,train
6428,S1-933625621,4,3-5,train
6429,S1-454286135,2,2,train
6430,S1-182495416,3,3-5,train
6431,S1-144246445,6,6+,validation
6432,S1-702845937,7,6+,validation
6433,S1-881464845,4,3-5,train
6434,S1-723982028,2,2,train
6435,S1-190403781,3,3-5,train
6436,S1-610145075,8,6+,train
6437,S1-532330779,7,6+,train
6438,S1-951422216,6,6+,train
6439,S1-665335366,1,1,train
6440,S1-935478937,1,1,train
6441,S1-375606925,4,3-5,validation
6442,S1-543745228,4,3-5,train
6443,S1-113682816,1,1,train
6444,S1-629159043,6,6+,validation
6445,S1-929469883,2,2,train
6446,S1-363750639,4,3-5,train
6447,S1-476845516,1,1,train
6448,S1-810208960,6,6+,train
6449,S1-567931871,2,2,validation
6450,S1-263214745,1,1,train
6451,S1-712760588,6,6+,validation
6452,S1-823198791,1,1,train
6453,S1-44702001,3,3-5,train
6454,S1-946903227,6,6+,train
6455,S1-612245541,5,3-5,validation
6456,S1-641095266,5,3-5,train
6457,S1-337586609,2,2,train
6458,S1-37601181,2,2,validation
6459,S1-46327704,2,2,train
6460,S1-568084329,3,3-5,train
6461,S1-426483590,2,2,validation
6462,S1-996114258,1,1,train
6463,S1-112481599,6,6+,train
6464,S1-784894621,4,3-5,validation
6465,S1-880704101,1,1,validation
6466,S1-896361419,7,6+,train
6467,S1-254035990,5,3-5,train
6468,S1-334667679,3,3-5,train
6469,S1-676915171,1,1,train
6470,S1-892890693,7,6+,train
6471,S1-493214540,6,6+,train
6472,S1-468029276,1,1,train
6473,S1-873840024,6,6+,train
6474,S1-750408866,1,1,train
6475,S1-776954404,1,1,train
6476,S1-984000022,6,6+,train
6477,S1-391236907,6,6+,train
6478,S1-383299468,4,3-5,train
6479,S1-8996828,5,3-5,train
6480,S1-346529241,4,3-5,validation
6481,S1-905034228,6,6+,train
6482,S1-628116466,2,2,train
6483,S1-223570509,6,6+,train
6484,S1-54298518,5,3-5,train
6485,S1-927983543,2,2,validation
6486,S1-237390245,1,1,validation
6487,S1-732096242,6,6+,train
6488,S1-667434340,6,6+,validation
6489,S1-669976094,2,2,validation
6490,S1-251643217,1,1,validation
6491,S1-565694732,2,2,train
6492,S1-568185977,8,6+,validation
6493,S1-458844724,6,6+,train
6494,S1-671275930,4,3-5,validation
6495,S1-312418218,2,2,train
6496,S1-237964488,2,2,validation
6497,S1-23632203,1,1,train
6498,S1-235735657,1,1,train
6499,S1-207940030,2,2,train
6500,S1-975090659,1,1,validation
6501,S1-753837350,4,3-5,validation
6502,S1-671117664,3,3-5,train
6503,S1-627059294,4,3-5,train
6504,S1-298717484,1,1,validation
6505,S1-880851906,6,6+,validation
6506,S1-927392116,4,3-5,train
6507,S1-128218271,1,1,validation
6508,S1-721057068,2,2,train
6509,S1-443065301,3,3-5,train
6510,S1-665787600,2,2,train
6511,S1-364305663,1,1,train
6512,S1-121346915,7,6+,validation
6513,S1-690905811,4,3-5,train
6514,S1-553644872,5,3-5,train
6515,S1-201261418,1,1,validation
6516,S1-954290331,4,3-5,validation
6517,S1-885991809,6,6+,train
6518,S1-469147642,6,6+,train
6519,S1-104761564,1,1,train
6520,S1-638644364,4,3-5,train
6521,S1-800188899,1,1,train
6522,S1-179619161,6,6+,validation
6523,S1-919598854,2,2,train
6524,S1-137237605,1,1,train
6525,S1-853826876,3,3-5,validation
6526,S1-964907934,2,2,train
6527,S1-643771150,2,2,train
6528,S1-81084989,3,3-5,train
6529,S1-162756643,1,1,train
6530,S1-857116393,5,3-5,train
6531,S1-523929194,1,1,validation
6532,S1-136158610,3,3-5,train
6533,S1-48641123,2,2,train
6534,S1-371593404,2,2,train
6535,S1-297513194,2,2,train
6536,S1-734489455,2,2,train
6537,S1-432164831,1,1,train
6538,S1-5990586,7,6+,train
6539,S1-307303884,6,6+,train
6540,S1-980485071,1,1,train
6541,S1-223815528,7,6+,train
6542,S1-287420380,1,1,train
6543,S1-547428542,1,1,train
6544,S1-157500471,2,2,train
6545,S1-150911957,1,1,validation
6546,S1-642892858,2,2,train
6547,S1-703112899,4,3-5,train
6548,S1-978507257,6,6+,train
6549,S1-859598935,3,3-5,train
6550,S1-649223354,1,1,validation
6551,S1-261199933,1,1,train
6552,S1-436580587,2,2,train
6553,S1-246672019,1,1,train
6554,S1-3720814,2,2,train
6555,S1-622866468,2,2,validation
6556,S1-75888931,6,6+,train
6557,S1-5758052,2,2,train
6558,S1-436312145,2,2,train
6559,S1-993767655,6,6+,train
6560,S1-431851544,2,2,validation
6561,S1-170709246,1,1,train
6562,S1-514711351,8,6+,validation
6563,S1-36470591,2,2,validation
6564,S1-237855804,2,2,train
6565,S1-673360762,1,1,train
6566,S1-41986654,1,1,train
6567,S1-381525807,6,6+,validation
6568,S1-404043911,2,2,train
6569,S1-292105590,3,3-5,train
6570,S1-372371652,1,1,train
6571,S1-390391548,1,1,train
6572,S1-48921917,1,1,train
6573,S1-154530873,6,6+,train
6574,S1-386718358,6,6+,train
6575,S1-587254698,4,3-5,train
6576,S1-584222278,2,2,train
6577,S1-584705923,2,2,validation
6578,S1-762965490,2,2,validation
6579,S1-523448896,2,2,train
6580,S1-674005634,4,3-5,validation
6581,S1-764766819,6,6+,train
6582,S1-542490267,2,2,train
6583,S1-966993898,5,3-5,validation
6584,S1-799984567,1,1,train
6585,S1-299532446,2,2,train
6586,S1-340460020,1,1,train
6587,S1-863117415,7,6+,train
6588,S1-117493231,1,1,train
6589,S1-78751490,7,6+,validation
6590,S1-123732227,1,1,validation
6591,S1-386778882,6,6+,train
6592,S1-187652004,5,3-5,train
6593,S1-693205571,2,2,validation
6594,S1-820684111,2,2,train
6595,S1-995961953,4,3-5,train
6596,S1-905676053,1,1,train
6597,S1-617303820,1,1,validation
6598,S1-679119710,1,1,validation
6599,S1-953953776,6,6+,train
6600,S1-811504906,2,2,train
6601,S1-210471540,2,2,train
6602,S1-645834871,5,3-5,train
6603,S1-788904559,1,1,train
6604,S1-63588195,2,2,train
6605,S1-652920933,2,2,validation
6606,S1-275132456,6,6+,train
6607,S1-643404687,4,3-5,train
6608,S1-989432517,6,6+,train
6609,S1-693480393,2,2,validation
6610,S1-37389633,7,6+,train
6611,S1-636331323,2,2,train
6612,S1-164385085,4,3-5,validation
6613,S1-805993885,3,3-5,train
6614,S1-757762799,2,2,train
6615,S1-501687626,2,2,train
6616,S1-167566578,6,6+,train
6617,S1-276545236,6,6+,train
6618,S1-565119686,2,2,train
6619,S1-518277991,1,1,train
6620,S1-507792558,8,6+,train
6621,S1-79908982,3,3-5,train
6622,S1-378038121,5,3-5,train
6623,S1-932910951,2,2,validation
6624,S1-37668169,1,1,train
6625,S1-541693062,3,3-5,train
6626,S1-782688636,6,6+,train
6627,S1-599561487,2,2,train
6628,S1-289643446,2,2,train
6629,S1-500981811,3,3-5,validation
6630,S1-301818488,7,6+,train
6631,S1-583483053,2,2,train
6632,S1-267500640,1,1,train
6633,S1-47290178,7,6+,train
6634,S1-681715365,4,3-5,train
6635,S1-619763800,3,3-5,train
6636,S1-222505926,1,1,train
6637,S1-477215380,6,6+,validation
6638,S1-438536372,4,3-5,train
6639,S1-522259674,1,1,train
6640,S1-352509425,4,3-5,train
6641,S1-173101811,3,3-5,validation
6642,S1-327591795,1,1,train
6643,S1-458518580,4,3-5,validation
6644,S1-539491173,2,2,train
6645,S1-145304153,2,2,train
6646,S1-922432113,6,6+,validation
6647,S1-974073999,2,2,validation
6648,S1-449571457,2,2,train
6649,S1-828983846,1,1,train
6650,S1-425368039,1,1,train
6651,S1-602757300,1,1,train
6652,S1-691998981,4,3-5,train
6653,S1-558178636,1,1,train
6654,S1-367188256,2,2,train
6655,S1-897159821,4,3-5,train
6656,S1-953761748,1,1,validation
6657,S1-970920607,2,2,validation
6658,S1-331353462,1,1,train
6659,S1-959699278,3,3-5,train
6660,S1-815344106,2,2,train
6661,S1-642439396,1,1,validation
6662,S1-744485294,3,3-5,train
6663,S1-351249680,1,1,validation
6664,S1-543968503,6,6+,train
6665,S1-799812067,1,1,train
6666,S1-115590462,3,3-5,validation
6667,S1-754689597,2,2,train
6668,S1-696644904,7,6+,validation
6669,S1-484644037,3,3-5,train
6670,S1-982410154,1,1,train
6671,S1-626145385,1,1,validation
6672,S1-341452471,6,6+,train
6673,S1-509464064,9,6+,train
6674,S1-835395556,4,3-5,train
6675,S1-556094970,6,6+,validation
6676,S1-839970681,4,3-5,train
6677,S1-563215437,3,3-5,train
6678,S1-609146155,1,1,train
6679,S1-842493143,1,1,train
6680,S1-563597263,3,3-5,train
6681,S1-962150355,7,6+,train
6682,S1-18943779,1,1,validation
6683,S1-475389971,6,6+,train
6684,S1-196057904,1,1,validation
6685,S1-849416564,8,6+,train
6686,S1-428079005,1,1,validation
6687,S1-778836645,6,6+,validation
6688,S1-739845763,1,1,train
6689,S1-898403997,1,1,train
6690,S1-52160816,1,1,train
6691,S1-309809644,1,1,train
6692,S1-395480116,5,3-5,train
6693,S1-971518439,1,1,train
6694,S1-150754435,6,6+,train
6695,S1-761324297,5,3-5,train
6696,S1-346502368,2,2,train
6697,S1-377119036,2,2,train
6698,S1-254079499,1,1,validation
6699,S1-778445974,3,3-5,train
6700,S1-536088082,3,3-5,train
6701,S1-191981021,1,1,train
6702,S1-555132235,1,1,validation
6703,S1-583165155,4,3-5,train
6704,S1-544851550,3,3-5,train
6705,S1-533542835,6,6+,train
6706,S1-750217659,2,2,train
6707,S1-427984192,1,1,validation
6708,S1-694716869,4,3-5,train
6709,S1-571393401,2,2,train
6710,S1-20889040,2,2,train
6711,S1-751053880,2,2,validation
6712,S1-936439056,6,6+,validation
6713,S1-145524121,2,2,train
6714,S1-286666981,6,6+,train
6715,S1-932086663,4,3-5,train
6716,S1-536224105,6,6+,train
6717,S1-243794221,7,6+,train
6718,S1-234051109,2,2,train
6719,S1-301159432,2,2,train
6720,S1-247784452,1,1,train
6721,S1-798368541,1,1,validation
6722,S1-342983934,4,3-5,train
6723,S1-984195578,4,3-5,train
6724,S1-191375892,1,1,train
6725,S1-492762465,4,3-5,validation
6726,S1-324085246,2,2,validation
6727,S1-119810601,1,1,train
6728,S1-803435978,6,6+,validation
6729,S1-451053698,7,6+,train
6730,S1-706275860,1,1,train
6731,S1-837374191,1,1,train
6732,S1-910554946,5,3-5,train
6733,S1-255794860,2,2,train
6734,S1-918857156,7,6+,train
6735,S1-682070047,2,2,train
6736,S1-182723174,1,1,train
6737,S1-38443282,3,3-5,train
6738,S1-582256427,6,6+,train
6739,S1-610851214,1,1,validation
6740,S1-860684931,6,6+,train
6741,S1-780502134,2,2,train
6742,S1-497800286,1,1,validation
6743,S1-885013159,4,3-5,train
6744,S1-477979837,2,2,train
6745,S1-158727719,3,3-5,train
6746,S1-313636943,1,1,train
6747,S1-930390001,2,2,validation
6748,S1-376361571,5,3-5,train
6749,S1-369329632,2,2,train
6750,S1-640815921,1,1,validation
6751,S1-357311100,2,2,train
6752,S1-546572133,1,1,train
6753,S1-450137445,1,1,train
6754,S1-180547866,6,6+,train
6755,S1-212329943,4,3-5,train
6756,S1-249093905,1,1,train
6757,S1-590967306,6,6+,train
6758,S1-106316131,2,2,validation
6759,S1-20291677,1,1,train
6760,S1-225912678,2,2,train
6761,S1-456467699,2,2,train
6762,S1-201988120,1,1,train
6763,S1-674975798,3,3-5,train
6764,S1-753470425,4,3-5,train
6765,S1-976015550,6,6+,train
6766,S1-838837536,1,1,train
6767,S1-505978334,2,2,train
6768,S1-29381657,6,6+,train
6769,S1-908066437,3,3-5,train
6770,S1-462917398,2,2,validation
6771,S1-313528790,2,2,train
6772,S1-395264233,4,3-5,train
6773,S1-805871318,6,6+,train
6774,S1-979904011,3,3-5,train
6775,S1-728763842,6,6+,train
6776,S1-485873518,1,1,train
6777,S1-536124430,1,1,validation
6778,S1-651782462,6,6+,train
6779,S1-438907004,4,3-5,train
6780,S1-740483549,2,2,validation
6781,S1-970894919,2,2,train
6782,S1-653382933,2,2,train
6783,S1-105861523,2,2,train
6784,S1-580435927,6,6+,train
6785,S1-667903766,3,3-5,train
6786,S1-943235919,6,6+,train
6787,S1-843171803,1,1,validation
6788,S1-746070466,2,2,train
6789,S1-907990797,3,3-5,train
6790,S1-917803297,2,2,train
6791,S1-298325592,2,2,train
6792,S1-835946219,1,1,train
6793,S1-977182950,4,3-5,train
6794,S1-590177191,3,3-5,train
6795,S1-153369513,1,1,train
6796,S1-349533440,1,1,train
6797,S1-660793927,1,1,train
6798,S1-716353284,5,3-5,train
6799,S1-258136401,7,6+,validation
6800,S1-580503972,1,1,train
6801,S1-456148467,2,2,train
6802,S1-252794324,3,3-5,train
6803,S1-294921062,6,6+,train
6804,S1-791660231,5,3-5,validation
6805,S1-391382204,1,1,validation
6806,S1-658327359,1,1,train
6807,S1-515556876,6,6+,validation
6808,S1-68629843,1,1,train
6809,S1-791156107,2,2,train
6810,S1-705052524,7,6+,train
6811,S1-712760574,6,6+,validation
6812,S1-500090625,2,2,train
6813,S1-678732466,1,1,train
6814,S1-402667917,2,2,train
6815,S1-625581258,6,6+,validation
6816,S1-836840009,7,6+,train
6817,S1-429850186,2,2,train
6818,S1-476165225,2,2,train
6819,S1-849866187,6,6+,train
6820,S1-183012929,4,3-5,train
6821,S1-612814332,1,1,train
6822,S1-804731732,4,3-5,train
6823,S1-984686968,3,3-5,train
6824,S1-548009317,1,1,train
6825,S1-83863811,7,6+,train
6826,S1-197032993,8,6+,train
6827,S1-192247364,2,2,train
6828,S1-915793721,6,6+,train
6829,S1-426014486,2,2,train
6830,S1-474604746,2,2,validation
6831,S1-952639531,1,1,train
6832,S1-135279069,3,3-5,train
6833,S1-365702220,6,6+,train
6834,S1-973116814,1,1,train
6835,S1-516008867,1,1,train
6836,S1-565575459,6,6+,validation
6837,S1-390781915,6,6+,train
6838,S1-947319625,2,2,validation
6839,S1-91262281,3,3-5,train
6840,S1-916610560,4,3-5,train
6841,S1-779628513,5,3-5,validation
6842,S1-205204006,6,6+,train
6843,S1-328879749,2,2,validation
6844,S1-418245497,6,6+,train
6845,S1-773715949,1,1,train
6846,S1-819681420,6,6+,train
6847,S1-183986600,1,1,train
6848,S1-744109846,2,2,train
6849,S1-526159166,3,3-5,train
6850,S1-644709535,2,2,train
6851,S1-835668111,5,3-5,train
6852,S1-118596803,6,6+,train
6853,S1-897681843,6,6+,validation
6854,S1-19618211,5,3-5,validation
6855,S1-377672846,2,2,validation
6856,S1-607618535,6,6+,train
6857,S1-763013268,2,2,validation
6858,S1-722390880,1,1,validation
6859,S1-821410798,5,3-5,train
6860,S1-360517104,1,1,validation
6861,S1-728437419,1,1,train
6862,S1-457383240,1,1,train
6863,S1-231963525,1,1,train
6864,S1-300110498,1,1,train
6865,S1-77959673,6,6+,train
6866,S1-850207288,6,6+,train
6867,S1-680061370,3,3-5,train
6868,S1-399677257,5,3-5,train
6869,S1-286864407,2,2,train
6870,S1-844752664,6,6+,train
6871,S1-832143878,2,2,train
6872,S1-933425447,2,2,train
6873,S1-39005464,1,1,train
6874,S1-284859883,5,3-5,train
6875,S1-609975807,7,6+,validation
6876,S1-288829680,7,6+,train
6877,S1-609659740,4,3-5,train
6878,S1-510563614,1,1,train
6879,S1-875835740,1,1,train
6880,S1-698514814,5,3-5,train
6881,S1-812663590,7,6+,train
6882,S1-511981259,6,6+,validation
6883,S1-881922856,2,2,validation
6884,S1-622321387,6,6+,train
6885,S1-474615139,1,1,train
6886,S1-581767601,7,6+,train
6887,S1-858950454,7,6+,train
6888,S1-682486825,6,6+,train
6889,S1-336391064,7,6+,train
6890,S1-570607979,3,3-5,train
6891,S1-201190331,6,6+,train
6892,S1-536337136,6,6+,train
6893,S1-159276500,4,3-5,train
6894,S1-414746680,2,2,validation
6895,S1-927624513,6,6+,train
6896,S1-316448971,5,3-5,train
6897,S1-435170937,1,1,train
6898,S1-237250813,2,2,train
6899,S1-956674257,2,2,train
6900,S1-583330147,2,2,validation
6901,S1-285251329,3,3-5,train
6902,S1-748693779,3,3-5,train
6903,S1-374618738,4,3-5,validation
6904,S1-110602510,2,2,train
6905,S1-940712615,4,3-5,train
6906,S1-866444662,2,2,train
6907,S1-536858546,3,3-5,train
6908,S1-974133230,3,3-5,validation
6909,S1-196218984,6,6+,train
6910,S1-313586240,6,6+,validation
6911,S1-492012386,7,6+,train
6912,S1-839110883,6,6+,train
6913,S1-352241549,2,2,train
6914,S1-211602827,2,2,train
6915,S1-322224367,1,1,train
6916,S1-540615093,2,2,train
6917,S1-374368017,6,6+,train
6918,S1-460491481,2,2,train
6919,S1-179102410,2,2,train
6920,S1-54535356,6,6+,train
6921,S1-570714491,1,1,train
6922,S1-502974006,1,1,train
6923,S1-440013698,3,3-5,train
6924,S1-517428353,4,3-5,train
6925,S1-656447670,3,3-5,train
6926,S1-475634391,3,3-5,train
6927,S1-478109222,6,6+,train
6928,S1-973679210,3,3-5,train
6929,S1-181637120,2,2,train
6930,S1-937510708,1,1,train
6931,S1-711295401,2,2,train
6932,S1-80686800,7,6+,train
6933,S1-529026436,1,1,train
6934,S1-458214420,6,6+,train
6935,S1-387526304,6,6+,train
6936,S1-697832106,2,2,train
6937,S1-534517450,3,3-5,train
6938,S1-138053098,6,6+,train
6939,S1-727838999,1,1,train
6940,S1-481039447,7,6+,train
6941,S1-565289863,1,1,train
6942,S1-32823298,5,3-5,train
6943,S1-181996789,5,3-5,train
6944,S1-519726330,8,6+,train
6945,S1-336964477,7,6+,validation
6946,S1-536116902,1,1,validation
6947,S1-550092857,7,6+,train
6948,S1-167409444,6,6+,train
6949,S1-326957035,6,6+,train
6950,S1-691635542,6,6+,train
6951,S1-677780730,2,2,train
6952,S1-425307143,6,6+,train
6953,S1-17653932,2,2,train
6954,S1-299637120,1,1,train
6955,S1-352530688,1,1,train
6956,S1-106987925,5,3-5,validation
6957,S1-164413126,1,1,train
6958,S1-995800722,7,6+,validation
6959,S1-587752458,6,6+,validation
6960,S1-735277170,2,2,validation
6961,S1-285344080,3,3-5,validation
6962,S1-128755562,4,3-5,train
6963,S1-219258135,4,3-5,train
6964,S1-447861756,6,6+,train
6965,S1-812091740,7,6+,train
6966,S1-325925861,1,1,train
6967,S1-578627245,4,3-5,train
6968,S1-26841482,3,3-5,train
6969,S1-325547145,6,6+,validation
6970,S1-2280535,2,2,train
6971,S1-103254014,2,2,train
6972,S1-672377198,1,1,train
6973,S1-262549811,1,1,validation
6974,S1-815582916,2,2,validation
6975,S1-543093333,2,2,train
6976,S1-560356893,6,6+,train
6977,S1-725528046,5,3-5,validation
6978,S1-681441889,2,2,train
6979,S1-229423729,1,1,validation
6980,S1-557890716,2,2,validation
6981,S1-959369934,6,6+,train
6982,S1-491896074,5,3-5,train
6983,S1-515947535,1,1,validation
6984,S1-160752828,2,2,train
6985,S1-190685148,2,2,validation
6986,S1-314478185,1,1,train
6987,S1-126151502,2,2,train
6988,S1-2277742,1,1,train
6989,S1-919643946,6,6+,validation
6990,S1-127629484,4,3-5,train
6991,S1-401089989,2,2,train
6992,S1-477388206,1,1,train
6993,S1-34720392,1,1,train
6994,S1-532938408,1,1,train
6995,S1-526828438,1,1,train
6996,S1-817396244,3,3-5,validation
6997,S1-917042121,2,2,train
6998,S1-493796915,1,1,train
6999,S1-96343973,3,3-5,train
7000,S1-965756741,5,3-5,train
7001,S1-982128519,1,1,train
7002,S1-57023760,6,6+,train
7003,S1-698300914,1,1,validation
7004,S1-522148449,1,1,train
7005,S1-806609248,1,1,train
7006,S1-858128281,6,6+,train
7007,S1-492416802,2,2,validation
7008,S1-754971207,2,2,train
7009,S1-117718243,2,2,train
7010,S1-119758873,6,6+,train
7011,S1-696194059,6,6+,validation
7012,S1-597216590,3,3-5,train
7013,S1-772155477,5,3-5,validation
7014,S1-820751255,6,6+,train
7015,S1-916364347,7,6+,train
7016,S1-896721328,2,2,validation
7017,S1-730508052,1,1,train
7018,S1-277112360,2,2,train
7019,S1-723029140,1,1,train
7020,S1-384429714,6,6+,train
7021,S1-22123440,4,3-5,train
7022,S1-815372122,3,3-5,train
7023,S1-721414230,2,2,train
7024,S1-622022551,3,3-5,train
7025,S1-956522968,1,1,validation
7026,S1-490545936,1,1,train
7027,S1-706857480,1,1,train
7028,S1-302817926,5,3-5,train
7029,S1-35569776,2,2,train
7030,S1-262441336,2,2,validation
7031,S1-859963237,1,1,train
7032,S1-135527452,2,2,validation
7033,S1-727647486,1,1,train
7034,S1-380734177,6,6+,train
7035,S1-266375716,3,3-5,train
7036,S1-181831345,6,6+,train
7037,S1-662050211,2,2,train
7038,S1-117851897,8,6+,train
7039,S1-76349935,6,6+,train
7040,S1-883597351,2,2,train
7041,S1-721095627,1,1,train
7042,S1-372212353,6,6+,train
7043,S1-405050265,1,1,train
7044,S1-352566382,1,1,train
7045,S1-68820250,3,3-5,train
7046,S1-640836547,1,1,validation
7047,S1-784212089,7,6+,train
7048,S1-665001078,2,2,train
7049,S1-946770031,8,6+,train
7050,S1-42781772,3,3-5,train
7051,S1-923653019,1,1,validation
7052,S1-69612941,6,6+,train
7053,S1-606598420,6,6+,train
7054,S1-446338071,3,3-5,train
7055,S1-953292247,1,1,train
7056,S1-35054438,2,2,validation
7057,S1-150325864,7,6+,train
7058,S1-893390603,3,3-5,train
7059,S1-691887918,2,2,train
7060,S1-308936024,3,3-5,train
7061,S1-920523441,2,2,train
7062,S1-198485785,3,3-5,train
7063,S1-670492559,3,3-5,validation
7064,S1-166145606,6,6+,train
7065,S1-178034131,8,6+,train
7066,S1-424431209,1,1,train
7067,S1-876853632,6,6+,train
7068,S1-851902288,1,1,validation
7069,S1-329726241,1,1,train
7070,S1-399464187,1,1,validation
7071,S1-928371890,4,3-5,train
7072,S1-469462086,7,6+,validation
7073,S1-828576059,2,2,train
7074,S1-995049551,3,3-5,train
7075,S1-299060201,3,3-5,train
7076,S1-345235648,4,3-5,train
7077,S1-192069660,4,3-5,train
7078,S1-388719492,2,2,train
7079,S1-511079528,4,3-5,train
7080,S1-348650570,1,1,train
7081,S1-419708232,6,6+,train
7082,S1-699204447,6,6+,train
7083,S1-308496085,2,2,train
7084,S1-466047024,6,6+,train
7085,S1-225206655,2,2,train
7086,S1-213862720,3,3-5,train
7087,S1-482069499,8,6+,train
7088,S1-686676551,6,6+,train
7089,S1-426618917,1,1,train
7090,S1-683655088,8,6+,train
7091,S1-412214368,3,3-5,validation
7092,S1-368547565,6,6+,validation
7093,S1-671592445,6,6+,validation
7094,S1-203094391,2,2,train
7095,S1-96956853,5,3-5,train
7096,S1-601726556,4,3-5,train
7097,S1-990295295,8,6+,train
7098,S1-755841396,2,2,train
7099,S1-689125197,1,1,train
7100,S1-908721517,4,3-5,train
7101,S1-502365510,1,1,train
7102,S1-285739770,5,3-5,train
7103,S1-77028502,5,3-5,validation
7104,S1-356196541,6,6+,train
7105,S1-717482602,3,3-5,train
7106,S1-55202998,6,6+,train
7107,S1-590517914,2,2,train
7108,S1-5699040,1,1,train
7109,S1-637600673,6,6+,train
7110,S1-962464866,7,6+,train
7111,S1-710563797,5,3-5,validation
7112,S1-480413170,7,6+,train
7113,S1-26460685,2,2,train
7114,S1-853507931,3,3-5,train
7115,S1-114975883,1,1,train
7116,S1-938771726,1,1,validation
7117,S1-13014129,1,1,train
7118,S1-932198582,1,1,validation
7119,S1-366817103,6,6+,train
7120,S1-491225600,2,2,validation
7121,S1-202196753,5,3-5,train
7122,S1-536960179,5,3-5,train
7123,S1-121900390,4,3-5,train
7124,S1-313892672,2,2,validation
7125,S1-207128954,4,3-5,train
7126,S1-66601032,1,1,train
7127,S1-230228866,2,2,train
7128,S1-740473497,3,3-5,train
7129,S1-116656991,1,1,train
7130,S1-478724734,2,2,train
7131,S1-793668694,4,3-5,train
7132,S1-851235078,6,6+,train
7133,S1-821623223,1,1,validation
7134,S1-236838231,2,2,validation
7135,S1-793819477,7,6+,train
7136,S1-738389731,6,6+,train
7137,S1-439760995,5,3-5,train
7138,S1-523597930,2,2,train
7139,S1-633829247,2,2,train
7140,S1-298954100,1,1,train
7141,S1-723820722,1,1,train
7142,S1-831489021,7,6+,train
7143,S1-404635543,1,1,validation
7144,S1-881620012,2,2,train
7145,S1-740243571,7,6+,train
7146,S1-771853948,2,2,train
7147,S1-79931954,1,1,train
7148,S1-382612087,5,3-5,train
7149,S1-591041724,6,6+,train
7150,S1-271664072,1,1,train
7151,S1-880526538,2,2,train
7152,S1-845029629,1,1,train
7153,S1-606746046,5,3-5,validation
7154,S1-449404121,2,2,train
7155,S1-519808478,4,3-5,train
7156,S1-319506887,3,3-5,train
7157,S1-745922812,3,3-5,train
7158,S1-356239301,3,3-5,validation
7159,S1-905862187,1,1,validation
7160,S1-832528099,3,3-5,train
7161,S1-166629720,1,1,train
7162,S1-651959120,1,1,train
7163,S1-786675611,1,1,train
7164,S1-329217092,9,6+,train
7165,S1-668072928,2,2,validation
7166,S1-168872679,6,6+,train
7167,S1-807377606,4,3-5,train
7168,S1-188757165,6,6+,train
7169,S1-566813474,8,6+,validation
7170,S1-613357694,4,3-5,train
7171,S1-23828572,2,2,train
7172,S1-507315528,1,1,validation
7173,S1-529747338,1,1,train
7174,S1-124373000,1,1,train
7175,S1-64714987,1,1,train
7176,S1-310837797,6,6+,train
7177,S1-126854095,2,2,train
7178,S1-186621443,1,1,train
7179,S1-603154065,5,3-5,train
7180,S1-270253791,4,3-5,train
7181,S1-518872733,2,2,train
7182,S1-604895591,1,1,train
7183,S1-741392216,2,2,train
7184,S1-982056349,1,1,validation
7185,S1-855043304,2,2,train
7186,S1-843777932,6,6+,train
7187,S1-131900501,5,3-5,train
7188,S1-940329834,6,6+,train
7189,S1-293504858,3,3-5,train
7190,S1-510495220,1,1,train
7191,S1-385627994,2,2,train
7192,S1-119780571,1,1,train
7193,S1-384375991,3,3-5,train
7194,S1-919366408,6,6+,train
7195,S1-302664837,7,6+,train
7196,S1-362131187,8,6+,train
7197,S1-534827620,4,3-5,validation
7198,S1-111637981,3,3-5,validation
7199,S1-764030002,2,2,validation
7200,S1-838247387,6,6+,validation
7201,S1-121648615,1,1,validation
7202,S1-284832702,1,1,train
7203,S1-984762642,6,6+,train
7204,S1-785686633,6,6+,validation
7205,S1-282191348,6,6+,train
7206,S1-56662483,6,6+,train
7207,S1-435840576,2,2,validation
7208,S1-987463270,4,3-5,train
7209,S1-439729056,2,2,validation
7210,S1-758613490,6,6+,validation
7211,S1-397159462,1,1,validation
7212,S1-15368733,1,1,train
7213,S1-40080119,2,2,train
7214,S1-338361266,1,1,validation
7215,S1-190043650,6,6+,train
7216,S1-114867732,5,3-5,validation
7217,S1-174878468,6,6+,train
7218,S1-646730448,6,6+,train
7219,S1-996214312,6,6+,train
7220,S1-949310429,6,6+,validation
7221,S1-369391095,3,3-5,train
7222,S1-470492221,6,6+,train
7223,S1-993995558,6,6+,validation
7224,S1-114504933,3,3-5,validation
7225,S1-550105855,6,6+,validation
7226,S1-976540527,6,6+,train
7227,S1-46919577,3,3-5,train
7228,S1-642912440,2,2,train
7229,S1-477890731,1,1,train
7230,S1-870432549,1,1,train
7231,S1-169859404,2,2,train
7232,S1-301573786,4,3-5,train
7233,S1-375121405,7,6+,train
7234,S1-530207100,3,3-5,validation
7235,S1-953836803,2,2,train
7236,S1-949391143,3,3-5,train
7237,S1-290955426,6,6+,train
7238,S1-765212975,2,2,train
7239,S1-533449219,6,6+,train
7240,S1-768395871,1,1,train
7241,S1-664955237,5,3-5,train
7242,S1-506502521,7,6+,train
7243,S1-810259888,2,2,validation
7244,S1-632834399,1,1,train
7245,S1-680527669,1,1,train
7246,S1-568434146,6,6+,train
7247,S1-934342499,1,1,train
7248,S1-388525554,6,6+,train
7249,S1-817920526,1,1,train
7250,S1-99009134,6,6+,train
7251,S1-744766210,2,2,train
7252,S1-185242708,1,1,train
7253,S1-863222387,2,2,validation
7254,S1-59113436,3,3-5,train
7255,S1-618802131,1,1,train
7256,S1-379540907,7,6+,train
7257,S1-326214533,5,3-5,train
7258,S1-868673735,5,3-5,train
7259,S1-69875592,2,2,train
7260,S1-355146730,3,3-5,train
7261,S1-698024187,4,3-5,validation
7262,S1-761070266,4,3-5,validation
7263,S1-166249953,2,2,train
7264,S1-518372371,2,2,train
7265,S1-625308695,5,3-5,train
7266,S1-308511645,1,1,train
7267,S1-656133777,4,3-5,train
7268,S1-432977746,2,2,validation
7269,S1-89012613,3,3-5,train
7270,S1-281393616,1,1,train
7271,S1-361012603,3,3-5,train
7272,S1-688480161,2,2,train
7273,S1-347158394,1,1,train
7274,S1-140073828,5,3-5,train
7275,S1-575467024,5,3-5,validation
7276,S1-261477735,1,1,train
7277,S1-115594391,4,3-5,train
7278,S1-438094992,6,6+,train
7279,S1-118628130,2,2,train
7280,S1-369989813,1,1,train
7281,S1-167302954,6,6+,train
7282,S1-255849565,4,3-5,train
7283,S1-780696546,2,2,train
7284,S1-849431351,1,1,train
7285,S1-916204306,7,6+,validation
7286,S1-790831250,6,6+,train
7287,S1-161231844,1,1,train
7288,S1-894694706,2,2,validation
7289,S1-644332114,6,6+,train
7290,S1-32393568,2,2,train
7291,S1-253030334,2,2,train
7292,S1-970532421,3,3-5,train
7293,S1-585516192,2,2,train
7294,S1-230001341,2,2,train
7295,S1-944383225,2,2,validation
7296,S1-16248156,6,6+,train
7297,S1-580080501,8,6+,train
7298,S1-824910526,3,3-5,train
7299,S1-579559212,3,3-5,train
7300,S1-916640620,1,1,train
7301,S1-425186827,3,3-5,validation
7302,S1-262670111,2,2,validation
7303,S1-616128450,4,3-5,validation
7304,S1-424369176,3,3-5,train
7305,S1-579207145,6,6+,train
7306,S1-351554107,1,1,validation
7307,S1-28268143,1,1,train
7308,S1-324228990,4,3-5,train
7309,S1-461957906,6,6+,validation
7310,S1-163356264,2,2,train
7311,S1-606560821,1,1,validation
7312,S1-398045605,2,2,validation
7313,S1-469848009,4,3-5,validation
7314,S1-969306056,6,6+,train
7315,S1-164738934,2,2,validation
7316,S1-446074617,2,2,train
7317,S1-359532209,6,6+,train
7318,S1-521128933,3,3-5,train
7319,S1-878746036,3,3-5,train
7320,S1-843711887,1,1,train
7321,S1-696007298,3,3-5,validation
7322,S1-932199822,1,1,train
7323,S1-87207699,5,3-5,train
7324,S1-296870540,6,6+,train
7325,S1-842212565,1,1,train
7326,S1-420339950,1,1,train
7327,S1-149207953,1,1,train
7328,S1-174833458,4,3-5,validation
7329,S1-363597788,1,1,train
7330,S1-96754224,1,1,train
7331,S1-396029491,2,2,train
7332,S1-234972814,7,6+,train
7333,S1-429770351,5,3-5,train
7334,S1-470375078,6,6+,train
7335,S1-715968957,2,2,train
7336,S1-70029629,8,6+,train
7337,S1-630604671,3,3-5,train
7338,S1-538562719,2,2,train
7339,S1-786932089,6,6+,train
7340,S1-889264724,4,3-5,train
7341,S1-102106980,2,2,train
7342,S1-376961912,1,1,train
7343,S1-685097235,5,3-5,validation
7344,S1-714282027,2,2,validation
7345,S1-260886613,1,1,train
7346,S1-535251253,3,3-5,validation
7347,S1-591262379,7,6+,train
7348,S1-978776517,2,2,train
7349,S1-618453241,4,3-5,validation
7350,S1-347101498,3,3-5,train
7351,S1-388586864,5,3-5,train
7352,S1-964287724,2,2,train
7353,S1-832449682,6,6+,train
7354,S1-820717787,1,1,validation
7355,S1-827965399,4,3-5,validation
7356,S1-231456037,6,6+,train
7357,S1-569647821,2,2,train
7358,S1-303668515,1,1,train
7359,S1-563036906,3,3-5,train
7360,S1-393373881,6,6+,train
7361,S1-282769952,3,3-5,train
7362,S1-284710146,2,2,train
7363,S1-216226304,7,6+,validation
7364,S1-718278441,1,1,train
7365,S1-45552734,1,1,train
7366,S1-593030897,1,1,train
7367,S1-892698976,2,2,train
7368,S1-41334319,6,6+,train
7369,S1-716673692,3,3-5,train
7370,S1-129866540,1,1,train
7371,S1-711018787,2,2,train
7372,S1-127990607,6,6+,train
7373,S1-211135494,2,2,train
7374,S1-605519132,6,6+,validation
7375,S1-728916336,7,6+,train
7376,S1-337119395,5,3-5,train
7377,S1-578348583,2,2,train
7378,S1-264667979,1,1,train
7379,S1-795545118,4,3-5,train
7380,S1-816631010,6,6+,train
7381,S1-659358125,5,3-5,validation
7382,S1-516079013,3,3-5,train
7383,S1-53711172,5,3-5,validation
7384,S1-320215069,1,1,train
7385,S1-50784178,2,2,train
7386,S1-994902605,7,6+,train
7387,S1-210547736,3,3-5,train
7388,S1-812959048,2,2,train
7389,S1-140837234,2,2,train
7390,S1-685562330,7,6+,train
7391,S1-572049500,1,1,train
7392,S1-681893993,4,3-5,train
7393,S1-924346688,7,6+,validation
7394,S1-677967553,2,2,train
7395,S1-295653247,2,2,train
7396,S1-452533132,2,2,train
7397,S1-908994219,4,3-5,train
7398,S1-150607961,5,3-5,train
7399,S1-436949891,1,1,train
7400,S1-949739858,3,3-5,train
7401,S1-496484482,4,3-5,validation
7402,S1-282162278,1,1,validation
7403,S1-884037380,6,6+,train
7404,S1-756394428,2,2,train
7405,S1-237573453,6,6+,train
7406,S1-412636757,2,2,train
7407,S1-126977966,6,6+,train
7408,S1-840664412,4,3-5,train
7409,S1-961701752,3,3-5,train
7410,S1-89141105,5,3-5,train
7411,S1-731609953,6,6+,train
7412,S1-581254953,6,6+,train
7413,S1-578930058,5,3-5,train
7414,S1-607757615,4,3-5,train
7415,S1-771737534,6,6+,train
7416,S1-393723307,7,6+,train
7417,S1-243302886,6,6+,validation
7418,S1-363600638,2,2,train
7419,S1-659246232,2,2,train
7420,S1-559135131,3,3-5,train
7421,S1-531469286,1,1,train
7422,S1-479297730,1,1,train
7423,S1-471842643,1,1,validation
7424,S1-700446858,3,3-5,validation
7425,S1-25260399,1,1,train
7426,S1-825661788,2,2,validation
7427,S1-662787389,3,3-5,train
7428,S1-203131469,2,2,train
7429,S1-696527002,3,3-5,train
7430,S1-998191720,7,6+,train
7431,S1-233177164,1,1,train
7432,S1-860163290,2,2,train
7433,S1-142830087,3,3-5,train
7434,S1-553649829,3,3-5,train
7435,S1-249885798,2,2,train
7436,S1-562730147,6,6+,train
7437,S1-731594797,6,6+,train
7438,S1-637029502,2,2,train
7439,S1-364604891,6,6+,validation
7440,S1-636093240,7,6+,train
7441,S1-462527586,6,6+,train
7442,S1-423587367,6,6+,train
7443,S1-105892907,5,3-5,train
7444,S1-392760523,1,1,train
7445,S1-422346085,4,3-5,train
7446,S1-864731849,7,6+,train
7447,S1-491809731,6,6+,train
7448,S1-783309144,1,1,train
7449,S1-542144839,5,3-5,train
7450,S1-384022365,6,6+,train
7451,S1-845544069,6,6+,train
7452,S1-772280435,7,6+,train
7453,S1-502052478,6,6+,validation
7454,S1-65384807,3,3-5,train
7455,S1-224453773,7,6+,validation
7456,S1-467818411,1,1,train
7457,S1-812326210,1,1,train
7458,S1-253393593,2,2,validation
7459,S1-480205806,6,6+,train
7460,S1-417066690,1,1,train
7461,S1-429761845,5,3-5,train
7462,S1-975825846,5,3-5,train
7463,S1-33962658,1,1,train
7464,S1-377996749,7,6+,train
7465,S1-78593172,1,1,train
7466,S1-719823440,1,1,train
7467,S1-150845807,1,1,train
7468,S1-365950309,1,1,train
7469,S1-574769922,2,2,train
7470,S1-100313121,6,6+,train
7471,S1-270349191,1,1,train
7472,S1-44398635,1,1,train
7473,S1-823919175,6,6+,train
7474,S1-791852905,6,6+,train
7475,S1-187614562,1,1,validation
7476,S1-773490794,1,1,train
7477,S1-829646802,2,2,train
7478,S1-127494060,1,1,train
7479,S1-12764900,6,6+,train
7480,S1-715551716,7,6+,train
7481,S1-245178321,2,2,train
7482,S1-328053882,1,1,validation
7483,S1-785951653,1,1,train
7484,S1-337508219,6,6+,train
7485,S1-373138545,5,3-5,train
7486,S1-883001764,2,2,train
7487,S1-870088939,5,3-5,train
7488,S1-488958573,3,3-5,train
7489,S1-242387573,6,6+,train
7490,S1-761306317,8,6+,validation
7491,S1-74738440,8,6+,train
7492,S1-512280224,6,6+,train
7493,S1-132458395,7,6+,train
7494,S1-70016643,2,2,train
7495,S1-15886754,1,1,train
7496,S1-840019451,2,2,train
7497,S1-847314205,2,2,validation
7498,S1-741666452,6,6+,train
7499,S1-269593117,7,6+,train
7500,S1-12474979,9,6+,train
7501,S1-187990526,7,6+,train
7502,S1-830532244,5,3-5,train
7503,S1-212645149,3,3-5,train
7504,S1-688824899,2,2,train
7505,S1-411428383,2,2,train
7506,S1-733595475,6,6+,train
7507,S1-527798253,7,6+,train
7508,S1-511752133,4,3-5,train
7509,S1-558756930,7,6+,train
7510,S1-617904088,6,6+,train
7511,S1-121806335,5,3-5,validation
7512,S1-680342276,1,1,train
7513,S1-80733687,1,1,train
7514,S1-91451485,6,6+,validation
7515,S1-839267857,7,6+,train
7516,S1-942404143,2,2,train
7517,S1-316469249,3,3-5,train
7518,S1-624626302,4,3-5,validation
7519,S1-49967670,1,1,train
7520,S1-873352206,1,1,validation
7521,S1-269147381,2,2,validation
7522,S1-964774684,4,3-5,validation
7523,S1-319231495,2,2,train
7524,S1-60393754,1,1,train
7525,S1-167369209,2,2,validation
7526,S1-908497838,2,2,validation
7527,S1-361942012,5,3-5,train
7528,S1-477648163,3,3-5,train
7529,S1-917422032,1,1,validation
7530,S1-803533179,6,6+,train
7531,S1-781442727,3,3-5,train
7532,S1-373233,7,6+,validation
7533,S1-362665996,5,3-5,train
7534,S1-576093988,1,1,train
7535,S1-577163663,6,6+,train
7536,S1-1282414,5,3-5,train
7537,S1-181765081,1,1,train
7538,S1-109222788,3,3-5,train
7539,S1-107057061,1,1,validation
7540,S1-69157430,2,2,validation
7541,S1-197113373,2,2,validation
7542,S1-641787733,4,3-5,train
7543,S1-43664866,6,6+,train
7544,S1-770442544,1,1,train
7545,S1-459335615,7,6+,train
7546,S1-907760540,4,3-5,train
7547,S1-954373687,6,6+,train
7548,S1-680102197,1,1,train
7549,S1-221989419,1,1,train
7550,S1-959237014,3,3-5,train
7551,S1-388912758,4,3-5,train
7552,S1-598794825,8,6+,train
7553,S1-158992492,1,1,validation
7554,S1-861712394,7,6+,train
7555,S1-646848523,1,1,train
7556,S1-75485507,2,2,train
7557,S1-559423884,1,1,train
7558,S1-324918565,6,6+,validation
7559,S1-706182888,1,1,train
7560,S1-880931594,5,3-5,train
7561,S1-354717174,1,1,validation
7562,S1-166994605,6,6+,train
7563,S1-437953209,1,1,train
7564,S1-461833901,2,2,validation
7565,S1-652117430,6,6+,train
7566,S1-531540973,1,1,train
7567,S1-856972029,6,6+,train
7568,S1-897544976,1,1,validation
7569,S1-195755468,2,2,validation
7570,S1-109871411,1,1,train
7571,S1-82979735,5,3-5,train
7572,S1-377284357,6,6+,train
7573,S1-31593380,3,3-5,validation
7574,S1-288582890,6,6+,train
7575,S1-114297734,1,1,train
7576,S1-94425461,7,6+,validation
7577,S1-746032535,1,1,train
7578,S1-368489306,2,2,train
7579,S1-639374826,4,3-5,validation
7580,S1-725053546,3,3-5,train
7581,S1-90804971,4,3-5,validation
7582,S1-144272342,1,1,train
7583,S1-987161073,4,3-5,train
7584,S1-992301440,1,1,train
7585,S1-454496125,7,6+,train
7586,S1-435186583,2,2,train
7587,S1-28013523,3,3-5,validation
7588,S1-15173201,6,6+,validation
7589,S1-34263938,2,2,train
7590,S1-587201673,2,2,train
7591,S1-270946829,2,2,train
7592,S1-865454984,2,2,validation
7593,S1-955183607,2,2,train
7594,S1-852529076,4,3-5,train
7595,S1-896118743,5,3-5,train
7596,S1-46561710,6,6+,train
7597,S1-536253216,6,6+,validation
7598,S1-739271344,2,2,train
7599,S1-774177569,2,2,train
7600,S1-121814227,2,2,train
7601,S1-190145670,2,2,validation
7602,S1-768289012,5,3-5,validation
7603,S1-915426357,3,3-5,train
7604,S1-589217223,5,3-5,train
7605,S1-409502978,6,6+,validation
7606,S1-711750795,2,2,train
7607,S1-403327648,6,6+,validation
7608,S1-165597741,6,6+,train
7609,S1-29914294,2,2,train
7610,S1-117327912,2,2,train
7611,S1-182591455,2,2,train
7612,S1-80592571,6,6+,train
7613,S1-253754965,6,6+,train
7614,S1-625790894,3,3-5,validation
7615,S1-170158522,1,1,train
7616,S1-479919710,2,2,train
7617,S1-285186198,6,6+,train
7618,S1-336997486,3,3-5,train
7619,S1-59140137,1,1,train
7620,S1-348888249,4,3-5,train
7621,S1-581324431,1,1,train
7622,S1-280954646,2,2,train
7623,S1-227694948,1,1,train
7624,S1-267104865,7,6+,train
7625,S1-912024570,6,6+,train
7626,S1-642703934,6,6+,train
7627,S1-115333793,4,3-5,validation
7628,S1-438747683,1,1,train
7629,S1-36530366,1,1,train
7630,S1-328297346,3,3-5,train
7631,S1-678677924,1,1,train
7632,S1-302765056,1,1,validation
7633,S1-48198618,5,3-5,train
7634,S1-507652881,1,1,train
7635,S1-55000099,1,1,train
7636,S1-978533748,1,1,train
7637,S1-68386429,1,1,validation
7638,S1-598370291,4,3-5,train
7639,S1-194516554,2,2,train
7640,S1-645026426,6,6+,train
7641,S1-874709018,3,3-5,validation
7642,S1-545306021,1,1,train
7643,S1-573010865,6,6+,train
7644,S1-253807593,2,2,validation
7645,S1-379576707,4,3-5,train
7646,S1-331496029,7,6+,train
7647,S1-886030162,7,6+,train
7648,S1-406159876,2,2,train
7649,S1-712134883,6,6+,train
7650,S1-136446643,1,1,train
7651,S1-762973359,5,3-5,train
7652,S1-628020306,1,1,train
7653,S1-607700629,6,6+,train
7654,S1-826710689,2,2,train
7655,S1-750257623,1,1,train
7656,S1-350121212,2,2,train
7657,S1-226363564,1,1,train
7658,S1-706070935,3,3-5,train
7659,S1-129322711,2,2,validation
7660,S1-726769839,2,2,validation
7661,S1-100622896,4,3-5,validation
7662,S1-115397327,3,3-5,train
7663,S1-688634742,1,1,train
7664,S1-661472737,5,3-5,train
7665,S1-241259364,2,2,validation
7666,S1-27338668,6,6+,validation
7667,S1-85609180,3,3-5,train
7668,S1-393978909,7,6+,train
7669,S1-931439889,3,3-5,train
7670,S1-370914974,2,2,validation
7671,S1-969312745,1,1,validation
7672,S1-350225998,7,6+,train
7673,S1-430083903,2,2,validation
7674,S1-429630753,6,6+,train
7675,S1-656073450,2,2,train
7676,S1-194442113,1,1,validation
7677,S1-647801823,6,6+,train
7678,S1-113140292,3,3-5,train
7679,S1-868482508,6,6+,train
7680,S1-783091632,6,6+,train
7681,S1-557435020,1,1,train
7682,S1-953760777,9,6+,train
7683,S1-674965681,1,1,train
7684,S1-822613493,4,3-5,train
7685,S1-19093982,8,6+,train
7686,S1-853912831,2,2,train
7687,S1-495155530,4,3-5,validation
7688,S1-669968483,1,1,train
7689,S1-107330071,4,3-5,validation
7690,S1-311573449,4,3-5,train
7691,S1-684644059,7,6+,validation
7692,S1-609269717,4,3-5,train
7693,S1-591539637,7,6+,validation
7694,S1-104684059,7,6+,validation
7695,S1-784208613,5,3-5,train
7696,S1-244781522,5,3-5,validation
7697,S1-187076188,3,3-5,train
7698,S1-879789350,1,1,train
7699,S1-637676383,1,1,train
7700,S1-921869579,1,1,train
7701,S1-649482901,1,1,train
7702,S1-825261233,1,1,train
7703,S1-778071459,7,6+,validation
7704,S1-998040999,2,2,train
7705,S1-793644596,1,1,train
7706,S1-621296597,1,1,train
7707,S1-406437304,1,1,train
7708,S1-100681007,2,2,train
7709,S1-35522859,1,1,train
7710,S1-343786205,1,1,train
7711,S1-562023924,3,3-5,validation
7712,S1-42681552,2,2,train
7713,S1-576633469,5,3-5,validation
7714,S1-893432047,2,2,train
7715,S1-850811136,1,1,train
7716,S1-360143893,2,2,validation
7717,S1-780650994,1,1,train
7718,S1-577197300,5,3-5,train
7719,S1-489826444,2,2,validation
7720,S1-88518035,2,2,train
7721,S1-488604588,5,3-5,train
7722,S1-746628765,2,2,train
7723,S1-214134,2,2,train
7724,S1-907754052,2,2,train
7725,S1-784412009,4,3-5,validation
7726,S1-990766862,2,2,validation
7727,S1-167153604,1,1,train
7728,S1-188874265,6,6+,train
7729,S1-434786981,6,6+,validation
7730,S1-256894729,1,1,train
7731,S1-364264639,2,2,train
7732,S1-432137423,3,3-5,train
7733,S1-294747545,6,6+,train
7734,S1-73859402,4,3-5,train
7735,S1-508594449,2,2,train
7736,S1-571407678,1,1,train
7737,S1-228985495,4,3-5,train
7738,S1-36469122,6,6+,validation
7739,S1-243054198,8,6+,train
7740,S1-953425877,4,3-5,train
7741,S1-9517558,6,6+,train
7742,S1-750257736,3,3-5,train
7743,S1-177102387,2,2,train
7744,S1-78640329,7,6+,train
7745,S1-210286768,8,6+,validation
7746,S1-388685057,2,2,train
7747,S1-78155402,6,6+,validation
7748,S1-485355029,2,2,train
7749,S1-731719273,2,2,train
7750,S1-552167356,6,6+,validation
7751,S1-918074686,5,3-5,train
7752,S1-898058279,1,1,train
7753,S1-450264825,6,6+,train
7754,S1-798899772,2,2,train
7755,S1-98315745,2,2,validation
7756,S1-973007964,3,3-5,train
7757,S1-154888102,1,1,train
7758,S1-141078817,1,1,train
7759,S1-32470789,7,6+,validation
7760,S1-456343737,6,6+,validation
7761,S1-630594406,2,2,validation
7762,S1-348263949,3,3-5,validation
7763,S1-926039882,6,6+,validation
7764,S1-732563171,1,1,train
7765,S1-242838941,2,2,train
7766,S1-121853187,2,2,train
7767,S1-596597906,2,2,validation
7768,S1-776466381,4,3-5,train
7769,S1-195128872,5,3-5,validation
7770,S1-143589155,2,2,train
7771,S1-730300984,4,3-5,train
7772,S1-833393576,2,2,validation
7773,S1-719611102,5,3-5,train
7774,S1-260742209,2,2,train
7775,S1-439380154,1,1,train
7776,S1-571217044,7,6+,train
7777,S1-183791878,1,1,validation
7778,S1-417665838,1,1,train
7779,S1-702655117,2,2,train
7780,S1-993840791,1,1,train
7781,S1-103668906,1,1,train
7782,S1-27578576,5,3-5,train
7783,S1-43276940,6,6+,train
7784,S1-253127040,2,2,train
7785,S1-331816971,1,1,validation
7786,S1-365887540,2,2,train
7787,S1-934067301,5,3-5,train
7788,S1-44644723,6,6+,train
7789,S1-348564641,1,1,train
7790,S1-799806423,1,1,train
7791,S1-684224526,7,6+,train
7792,S1-2764870,6,6+,train
7793,S1-110120712,4,3-5,train
7794,S1-66796239,3,3-5,train
7795,S1-648622095,1,1,train
7796,S1-389572956,2,2,train
7797,S1-257892755,1,1,train
7798,S1-584558097,7,6+,train
7799,S1-562477454,1,1,train
7800,S1-836267215,6,6+,train
7801,S1-607920338,7,6+,train
7802,S1-117662279,2,2,train
7803,S1-119967887,1,1,train
7804,S1-624463063,7,6+,train
7805,S1-143192847,1,1,train
7806,S1-949117649,6,6+,train
7807,S1-231209830,1,1,train
7808,S1-80122523,3,3-5,train
7809,S1-314775130,9,6+,validation
7810,S1-384496602,1,1,train
7811,S1-275943757,2,2,train
7812,S1-576634177,1,1,validation
7813,S1-13982779,2,2,train
7814,S1-677707847,4,3-5,train
7815,S1-263243430,6,6+,validation
7816,S1-762288549,1,1,train
7817,S1-976989782,6,6+,train
7818,S1-899992624,1,1,train
7819,S1-652208136,2,2,validation
7820,S1-976118834,6,6+,validation
7821,S1-41336626,1,1,train
7822,S1-951140382,8,6+,train
7823,S1-913008351,7,6+,train
7824,S1-408290316,3,3-5,train
7825,S1-777868585,3,3-5,train
7826,S1-424843803,2,2,train
7827,S1-354217364,1,1,train
7828,S1-924527206,3,3-5,train
7829,S1-37282168,3,3-5,validation
7830,S1-292535402,2,2,train
7831,S1-383837864,2,2,train
7832,S1-414218673,1,1,validation
7833,S1-923155691,6,6+,train
7834,S1-792542733,1,1,train
7835,S1-379684299,3,3-5,train
7836,S1-800421408,6,6+,train
7837,S1-800293105,2,2,train
7838,S1-314685384,1,1,train
7839,S1-706382041,3,3-5,train
7840,S1-66698671,2,2,train
7841,S1-899309663,4,3-5,validation
7842,S1-100536,4,3-5,validation
7843,S1-125064689,6,6+,train
7844,S1-479872155,2,2,train
7845,S1-813837466,1,1,train
7846,S1-997299772,5,3-5,train
7847,S1-517102228,1,1,train
7848,S1-43114363,6,6+,train
7849,S1-767804237,6,6+,train
7850,S1-57604473,2,2,validation
7851,S1-81923154,6,6+,train
7852,S1-550382252,1,1,train
7853,S1-108960865,1,1,train
7854,S1-126885938,2,2,train
7855,S1-393679221,6,6+,train
7856,S1-191616308,6,6+,validation
7857,S1-483142183,1,1,validation
7858,S1-883512188,6,6+,train
7859,S1-348722554,6,6+,train
7860,S1-271805712,2,2,train
7861,S1-133937263,3,3-5,train
7862,S1-424526863,2,2,train
7863,S1-763034412,2,2,train
7864,S1-940624288,2,2,validation
7865,S1-870080566,2,2,train
7866,S1-540436435,1,1,validation
7867,S1-130469011,6,6+,train
7868,S1-863563029,4,3-5,train
7869,S1-224124959,4,3-5,validation
7870,S1-274274028,7,6+,validation
7871,S1-797431393,8,6+,train
7872,S1-903297566,4,3-5,train
7873,S1-173505239,6,6+,train
7874,S1-394174450,6,6+,train
7875,S1-256185444,1,1,train
7876,S1-655804137,2,2,train
7877,S1-88811925,7,6+,train
7878,S1-997956617,1,1,train
7879,S1-498824333,4,3-5,train
7880,S1-670855624,1,1,train
7881,S1-225340475,7,6+,train
7882,S1-912312670,2,2,train
7883,S1-24922589,7,6+,train
7884,S1-795798068,6,6+,validation
7885,S1-908192515,6,6+,train
7886,S1-956646026,1,1,validation
7887,S1-620348931,4,3-5,train
7888,S1-488280428,1,1,train
7889,S1-826904587,1,1,train
7890,S1-449010206,2,2,train
7891,S1-605285642,2,2,train
7892,S1-483018011,8,6+,train
7893,S1-494896208,4,3-5,train
7894,S1-725971374,6,6+,train
7895,S1-828419758,6,6+,validation
7896,S1-477698708,2,2,train
7897,S1-519653815,8,6+,train
7898,S1-76482421,4,3-5,train
7899,S1-295343150,3,3-5,train
7900,S1-803001102,1,1,train
7901,S1-92235851,1,1,train
7902,S1-868961520,2,2,validation
7903,S1-463857040,1,1,train
7904,S1-909877845,4,3-5,train
7905,S1-799169637,2,2,train
7906,S1-143041569,2,2,train
7907,S1-124971019,1,1,train
7908,S1-917893400,5,3-5,train
7909,S1-957391906,4,3-5,train
7910,S1-766270451,2,2,train
7911,S1-566533066,2,2,train
7912,S1-588367370,4,3-5,validation
7913,S1-115560340,1,1,train
7914,S1-404118848,2,2,validation
7915,S1-413982970,6,6+,train
7916,S1-167675090,5,3-5,train
7917,S1-83042816,2,2,train
7918,S1-837378450,6,6+,train
7919,S1-293561814,2,2,train
7920,S1-823066253,6,6+,validation
7921,S1-329250594,5,3-5,train
7922,S1-340867487,6,6+,train
7923,S1-271872249,4,3-5,validation
7924,S1-757287826,7,6+,train
7925,S1-630199900,2,2,train
7926,S1-865318731,6,6+,train
7927,S1-10017868,3,3-5,train
7928,S1-697143187,1,1,train
7929,S1-76232128,3,3-5,train
7930,S1-371711013,2,2,train
7931,S1-567505913,1,1,train
7932,S1-234096452,6,6+,train
7933,S1-260661677,2,2,train
7934,S1-850424246,6,6+,validation
7935,S1-109284685,1,1,train
7936,S1-193913597,1,1,train
7937,S1-483195020,6,6+,train
7938,S1-652395932,6,6+,train
7939,S1-179691791,7,6+,train
7940,S1-804918420,6,6+,validation
7941,S1-410518384,7,6+,train
7942,S1-422841779,3,3-5,train
7943,S1-401143921,5,3-5,validation
7944,S1-152294710,1,1,validation
7945,S1-819633515,1,1,train
7946,S1-265315106,3,3-5,validation
7947,S1-825635047,2,2,validation
7948,S1-59678396,3,3-5,train
7949,S1-343427079,1,1,train
7950,S1-43530685,3,3-5,train
7951,S1-25879390,5,3-5,train
7952,S1-910816950,6,6+,train
7953,S1-274993594,4,3-5,train
7954,S1-681441813,7,6+,train
7955,S1-170378396,6,6+,train
7956,S1-976063841,2,2,train
7957,S1-56644920,1,1,train
7958,S1-160003897,5,3-5,train
7959,S1-852806625,6,6+,train
7960,S1-821398594,6,6+,train
7961,S1-51862069,2,2,train
7962,S1-114873449,3,3-5,train
7963,S1-710926721,2,2,train
7964,S1-603624163,2,2,validation
7965,S1-973166544,7,6+,train
7966,S1-600060866,4,3-5,validation
7967,S1-848799449,1,1,train
7968,S1-678815977,5,3-5,train
7969,S1-882967565,1,1,train
7970,S1-80600029,2,2,train
7971,S1-619388051,7,6+,train
7972,S1-125461071,3,3-5,train
7973,S1-221170859,3,3-5,train
7974,S1-167308143,4,3-5,train
7975,S1-425154545,1,1,train
7976,S1-993484914,1,1,train
7977,S1-36877628,4,3-5,train
7978,S1-162199871,6,6+,train
7979,S1-954491536,7,6+,validation
7980,S1-910724394,1,1,validation
7981,S1-870981069,4,3-5,train
7982,S1-980052378,6,6+,validation
7983,S1-518276369,2,2,validation
7984,S1-429483842,2,2,train
7985,S1-515993726,2,2,train
7986,S1-90150065,6,6+,train
7987,S1-519217731,6,6+,train
7988,S1-369335858,2,2,train
7989,S1-775013630,1,1,train
7990,S1-280722278,1,1,train
7991,S1-800342222,1,1,train
7992,S1-27924584,1,1,train
7993,S1-911497977,3,3-5,validation
7994,S1-338942920,3,3-5,train
7995,S1-194678072,1,1,train
7996,S1-91256072,4,3-5,validation
7997,S1-266819593,4,3-5,train
7998,S1-797370010,1,1,train
7999,S1-308277355,4,3-5,train
8000,S1-801956664,1,1,train
8001,S1-849745936,3,3-5,train
8002,S1-655278589,4,3-5,train
8003,S1-128284481,1,1,train
8004,S1-276842016,2,2,train
8005,S1-8843967,2,2,train
8006,S1-647254735,1,1,train
8007,S1-445626286,3,3-5,validation
8008,S1-592043154,2,2,train
8009,S1-52366458,3,3-5,train
8010,S1-788426101,2,2,validation
8011,S1-679974895,1,1,train
8012,S1-835468410,4,3-5,train
8013,S1-690852017,1,1,train
8014,S1-392268950,4,3-5,train
8015,S1-6542140,4,3-5,validation
8016,S1-706592424,1,1,train
8017,S1-476789557,5,3-5,validation
8018,S1-511359741,1,1,train
8019,S1-430976860,6,6+,validation
8020,S1-848184355,4,3-5,train
8021,S1-918195031,6,6+,train
8022,S1-519540799,5,3-5,train
8023,S1-190235846,4,3-5,train
8024,S1-246626759,1,1,train
8025,S1-373547477,6,6+,validation
8026,S1-15693442,5,3-5,validation
8027,S1-954943951,4,3-5,train
8028,S1-564325265,6,6+,validation
8029,S1-848522515,3,3-5,train
8030,S1-472565134,2,2,train
8031,S1-112172276,7,6+,validation
8032,S1-890164976,2,2,train
8033,S1-79289694,2,2,train
8034,S1-643140486,2,2,validation
8035,S1-790458708,1,1,train
8036,S1-841459119,7,6+,train
8037,S1-296204791,2,2,train
8038,S1-735117773,1,1,train
8039,S1-174742260,3,3-5,validation
8040,S1-44312432,2,2,train
8041,S1-840348999,3,3-5,train
8042,S1-436741783,2,2,train
8043,S1-744590942,1,1,train
8044,S1-916939227,1,1,train
8045,S1-819934011,2,2,train
8046,S1-253496965,2,2,validation
8047,S1-417037095,2,2,train
8048,S1-796784855,6,6+,train
8049,S1-290249484,6,6+,train
8050,S1-594415878,6,6+,validation
8051,S1-630297956,4,3-5,train
8052,S1-410690369,5,3-5,train
8053,S1-373677256,7,6+,train
8054,S1-824923059,3,3-5,train
8055,S1-713015947,6,6+,train
8056,S1-566518058,6,6+,train
8057,S1-297788062,4,3-5,train
8058,S1-357891812,2,2,train
8059,S1-675020688,7,6+,train
8060,S1-407222706,2,2,train
8061,S1-580743143,5,3-5,train
8062,S1-791736333,3,3-5,train
8063,S1-987354916,1,1,train
8064,S1-83761787,5,3-5,train
8065,S1-437718827,1,1,train
8066,S1-198533726,2,2,validation
8067,S1-244103062,6,6+,validation
8068,S1-264718535,6,6+,train
8069,S1-360161837,5,3-5,train
8070,S1-268799671,1,1,validation
8071,S1-51162704,2,2,train
8072,S1-31212195,4,3-5,validation
8073,S1-17180378,1,1,train
8074,S1-484797225,5,3-5,train
8075,S1-247234376,3,3-5,train
8076,S1-233609451,6,6+,train
8077,S1-612258396,2,2,train
8078,S1-136920232,6,6+,train
8079,S1-334302580,3,3-5,train
8080,S1-951924016,6,6+,train
8081,S1-319482279,1,1,train
8082,S1-303944976,1,1,validation
8083,S1-444620128,3,3-5,train
8084,S1-636769811,6,6+,train
8085,S1-988309597,7,6+,train
8086,S1-787831972,5,3-5,train
8087,S1-132802927,3,3-5,train
8088,S1-68840423,5,3-5,validation
8089,S1-253802332,7,6+,train
8090,S1-666200728,2,2,train
8091,S1-33531012,6,6+,train
8092,S1-197376323,7,6+,train
8093,S1-875899533,3,3-5,train
8094,S1-718982547,7,6+,train
8095,S1-597639043,5,3-5,train
8096,S1-795425144,6,6+,train
8097,S1-381144344,6,6+,train
8098,S1-99816582,6,6+,train
8099,S1-947381614,7,6+,train
8100,S1-922666324,4,3-5,train
8101,S1-2205729,2,2,train
8102,S1-780980871,2,2,validation
8103,S1-901354248,6,6+,train
8104,S1-943036221,6,6+,train
8105,S1-418506388,3,3-5,train
8106,S1-553638669,2,2,train
8107,S1-365227711,2,2,train
8108,S1-984722275,2,2,train
8109,S1-477769300,1,1,train
8110,S1-29741644,3,3-5,train
8111,S1-43740158,1,1,train
8112,S1-896866097,2,2,train
8113,S1-570246494,2,2,train
8114,S1-707268212,1,1,train
8115,S1-761447767,3,3-5,validation
8116,S1-117802251,6,6+,train
8117,S1-790211031,6,6+,train
8118,S1-428393389,1,1,train
8119,S1-886218480,4,3-5,train
8120,S1-908078702,5,3-5,train
8121,S1-979028730,2,2,train
8122,S1-629351855,6,6+,validation
8123,S1-265862405,8,6+,train
8124,S1-611976677,1,1,train
8125,S1-974970283,1,1,train
8126,S1-254633891,1,1,train
8127,S1-107295891,2,2,train
8128,S1-550828018,8,6+,train
8129,S1-312559629,6,6+,train
8130,S1-476373750,1,1,validation
8131,S1-888455692,6,6+,train
8132,S1-188391983,1,1,train
8133,S1-508899100,8,6+,train
8134,S1-248438404,2,2,train
8135,S1-306191764,3,3-5,train
8136,S1-928449912,1,1,train
8137,S1-536359613,8,6+,train
8138,S1-25350481,5,3-5,train
8139,S1-485937299,5,3-5,train
8140,S1-548474253,6,6+,train
8141,S1-670958334,1,1,validation
8142,S1-836327928,1,1,train
8143,S1-560834569,1,1,train
8144,S1-468098754,8,6+,validation
8145,S1-539446877,6,6+,train
8146,S1-531982822,5,3-5,train
8147,S1-529131992,2,2,train
8148,S1-884817139,6,6+,train
8149,S1-397083871,2,2,train
8150,S1-834864553,2,2,train
8151,S1-187737061,2,2,train
8152,S1-720915836,1,1,train
8153,S1-957147976,6,6+,train
8154,S1-787444178,2,2,train
8155,S1-877887208,2,2,train
8156,S1-516379574,1,1,train
8157,S1-81608259,4,3-5,train
8158,S1-517813890,2,2,train
8159,S1-223876862,1,1,train
8160,S1-259725008,2,2,train
8161,S1-274680925,3,3-5,train
8162,S1-517637193,5,3-5,train
8163,S1-550397376,2,2,train
8164,S1-422250235,8,6+,train
8165,S1-447235423,1,1,validation
8166,S1-343177879,1,1,train
8167,S1-684732154,7,6+,train
8168,S1-154341063,7,6+,validation
8169,S1-674603664,1,1,validation
8170,S1-64656000,4,3-5,train
8171,S1-48980057,9,6+,train
8172,S1-892550901,6,6+,train
8173,S1-895334384,8,6+,train
8174,S1-754826540,2,2,validation
8175,S1-97015409,5,3-5,validation
8176,S1-799008071,4,3-5,train
8177,S1-562622708,2,2,train
8178,S1-653367028,3,3-5,train
8179,S1-691598728,1,1,train
8180,S1-369168321,6,6+,train
8181,S1-43086315,6,6+,train
8182,S1-24776007,2,2,validation
8183,S1-746250865,4,3-5,train
8184,S1-563452899,6,6+,train
8185,S1-836849145,6,6+,validation
8186,S1-413057979,4,3-5,train
8187,S1-319711648,7,6+,validation
8188,S1-845451323,2,2,train
8189,S1-351955209,2,2,train
8190,S1-755068510,1,1,train
8191,S1-841011450,1,1,train
8192,S1-530529460,5,3-5,train
8193,S1-560973664,1,1,train
8194,S1-368161710,2,2,train
8195,S1-372668211,8,6+,train
8196,S1-990070605,7,6+,validation
8197,S1-700791800,6,6+,validation
8198,S1-610207409,2,2,train
8199,S1-537272662,2,2,train
8200,S1-285240993,2,2,train
8201,S1-323082608,8,6+,train
8202,S1-730189156,6,6+,train
8203,S1-335160004,4,3-5,train
8204,S1-669208222,6,6+,train
8205,S1-400229081,6,6+,validation
8206,S1-475263406,1,1,train
8207,S1-108561115,4,3-5,train
8208,S1-920086620,2,2,train
8209,S1-303382887,6,6+,train
8210,S1-363546559,1,1,train
8211,S1-979482209,6,6+,validation
8212,S1-284890312,2,2,train
8213,S1-778784642,6,6+,train
8214,S1-369940010,1,1,validation
8215,S1-768724142,1,1,validation
8216,S1-744151705,6,6+,train
8217,S1-300192560,4,3-5,train
8218,S1-263248643,3,3-5,validation
8219,S1-845409377,1,1,train
8220,S1-811944807,7,6+,train
8221,S1-888611972,5,3-5,train
8222,S1-476740465,4,3-5,train
8223,S1-590616059,1,1,train
8224,S1-412051842,1,1,train
8225,S1-516109188,7,6+,train
8226,S1-852953406,1,1,validation
8227,S1-102553961,4,3-5,train
8228,S1-626042706,4,3-5,train
8229,S1-828619733,2,2,validation
8230,S1-617810545,1,1,validation
8231,S1-463501724,7,6+,validation
8232,S1-620244698,6,6+,train
8233,S1-206397875,7,6+,train
8234,S1-338186964,3,3-5,validation
8235,S1-490553250,1,1,train
8236,S1-346291328,4,3-5,train
8237,S1-732002242,7,6+,train
8238,S1-340345902,1,1,train
8239,S1-909090847,2,2,train
8240,S1-699194078,1,1,validation
8241,S1-529585040,1,1,train
8242,S1-773721242,2,2,train
8243,S1-889144977,1,1,train
8244,S1-96595158,2,2,train
8245,S1-748457470,3,3-5,validation
8246,S1-410513622,6,6+,validation
8247,S1-701866711,4,3-5,validation
8248,S1-726863428,2,2,train
8249,S1-746269779,3,3-5,train
8250,S1-605195589,2,2,train
8251,S1-695557471,3,3-5,train
8252,S1-481349681,4,3-5,train
8253,S1-633673078,6,6+,validation
8254,S1-870774668,1,1,validation
8255,S1-109134979,2,2,train
8256,S1-570400975,1,1,train
8257,S1-935525860,2,2,train
8258,S1-587155679,7,6+,validation
8259,S1-463867422,5,3-5,train
8260,S1-487248394,6,6+,train
8261,S1-996615208,2,2,train
8262,S1-345116164,2,2,validation
8263,S1-525994417,3,3-5,train
8264,S1-730504527,1,1,validation
8265,S1-17335318,5,3-5,validation
8266,S1-393528092,3,3-5,validation
8267,S1-47851168,4,3-5,validation
8268,S1-845214704,3,3-5,train
8269,S1-16904017,1,1,train
8270,S1-40190732,5,3-5,validation
8271,S1-88264093,6,6+,train
8272,S1-191275954,5,3-5,train
8273,S1-832394861,5,3-5,train
8274,S1-263900164,6,6+,train
8275,S1-864485816,1,1,train
8276,S1-424244636,6,6+,validation
8277,S1-149539054,2,2,train
8278,S1-781904467,3,3-5,train
8279,S1-597127202,1,1,train
8280,S1-646519214,8,6+,validation
8281,S1-701443382,2,2,validation
8282,S1-60908758,1,1,validation
8283,S1-504566966,3,3-5,validation
8284,S1-687448561,6,6+,train
8285,S1-849757520,7,6+,train
8286,S1-160161810,7,6+,train
8287,S1-295724847,5,3-5,validation
8288,S1-704365209,6,6+,validation
8289,S1-47116192,4,3-5,train
8290,S1-221574364,1,1,train
8291,S1-460831064,3,3-5,train
8292,S1-757190608,2,2,validation
8293,S1-151066268,1,1,train
8294,S1-818220315,7,6+,train
8295,S1-410908789,4,3-5,train
8296,S1-630705679,3,3-5,train
8297,S1-631284816,3,3-5,train
8298,S1-205211871,2,2,train
8299,S1-807273445,1,1,validation
8300,S1-65136848,6,6+,train
8301,S1-603619460,6,6+,validation
8302,S1-446858343,6,6+,train
8303,S1-302194891,8,6+,train
8304,S1-904823492,2,2,train
8305,S1-623425642,5,3-5,train
8306,S1-426801783,1,1,train
8307,S1-192986780,2,2,train
8308,S1-624282975,1,1,train
8309,S1-916207989,2,2,train
8310,S1-871636584,3,3-5,train
8311,S1-934259129,4,3-5,validation
8312,S1-780080633,2,2,train
8313,S1-221359096,4,3-5,train
8314,S1-570189553,3,3-5,train
8315,S1-820208400,7,6+,train
8316,S1-395480412,1,1,train
8317,S1-958567677,7,6+,train
8318,S1-423884403,2,2,validation
8319,S1-750449406,6,6+,train
8320,S1-266079090,6,6+,train
8321,S1-459813604,4,3-5,train
8322,S1-18255409,2,2,train
8323,S1-752486110,2,2,train
8324,S1-335996196,1,1,train
8325,S1-97117239,6,6+,train
8326,S1-78661959,1,1,validation
8327,S1-700038982,2,2,train
8328,S1-701432367,7,6+,validation
8329,S1-591265363,1,1,train
8330,S1-942989064,1,1,train
8331,S1-436158687,6,6+,train
8332,S1-873460610,2,2,validation
8333,S1-53865126,2,2,train
8334,S1-819160699,1,1,validation
8335,S1-938323983,2,2,train
8336,S1-321517256,6,6+,validation
8337,S1-187486235,1,1,train
8338,S1-956147102,2,2,train
8339,S1-544038495,2,2,train
8340,S1-202396365,6,6+,train
8341,S1-270680895,4,3-5,train
8342,S1-390910568,7,6+,train
8343,S1-415936436,3,3-5,validation
8344,S1-726274849,8,6+,train
8345,S1-21216531,7,6+,train
8346,S1-57605288,1,1,train
8347,S1-203916304,3,3-5,validation
8348,S1-792213205,6,6+,train
8349,S1-83620102,2,2,train
8350,S1-618031131,6,6+,train
8351,S1-740758990,6,6+,validation
8352,S1-222662333,6,6+,train
8353,S1-782652349,2,2,validation
8354,S1-630447913,2,2,train
8355,S1-391007555,1,1,validation
8356,S1-677342081,6,6+,train
8357,S1-653001485,6,6+,train
8358,S1-623503652,6,6+,train
8359,S1-867565435,4,3-5,train
8360,S1-817790652,4,3-5,validation
8361,S1-299641284,5,3-5,validation
8362,S1-768559919,1,1,train
8363,S1-542513772,6,6+,train
8364,S1-418125815,7,6+,train
8365,S1-624415150,4,3-5,train
8366,S1-308400174,6,6+,train
8367,S1-231900308,3,3-5,validation
8368,S1-454568910,2,2,train
8369,S1-148792495,1,1,train
8370,S1-325952972,1,1,train
8371,S1-4771719,5,3-5,validation
8372,S1-12865257,3,3-5,validation
8373,S1-177806218,5,3-5,train
8374,S1-498505077,6,6+,validation
8375,S1-313759348,2,2,train
8376,S1-396248399,4,3-5,train
8377,S1-988880171,4,3-5,train
8378,S1-466889848,3,3-5,train
8379,S1-721252163,6,6+,train
8380,S1-395216444,4,3-5,train
8381,S1-247144009,6,6+,validation
8382,S1-172002770,6,6+,train
8383,S1-8481521,1,1,train
8384,S1-237881361,1,1,train
8385,S1-311977133,2,2,train
8386,S1-494078934,2,2,validation
8387,S1-757221088,1,1,validation
8388,S1-893867617,5,3-5,train
8389,S1-574770726,3,3-5,train
8390,S1-842294972,2,2,train
8391,S1-517996325,1,1,train
8392,S1-818927919,4,3-5,train
8393,S1-58056377,1,1,train
8394,S1-628167690,1,1,train
8395,S1-524968386,2,2,train
8396,S1-264917582,1,1,train
8397,S1-377161569,6,6+,validation
8398,S1-775299451,1,1,train
8399,S1-157739173,1,1,train
8400,S1-511102776,6,6+,train
8401,S1-740794039,1,1,validation
8402,S1-577366849,1,1,train
8403,S1-989020312,1,1,train
8404,S1-876439672,2,2,train
8405,S1-355228925,4,3-5,train
8406,S1-474822339,6,6+,train
8407,S1-272447712,5,3-5,validation
8408,S1-366188766,2,2,train
8409,S1-690578056,2,2,train
8410,S1-410300258,4,3-5,train
8411,S1-605543219,3,3-5,train
8412,S1-319968189,1,1,train
8413,S1-477416297,3,3-5,train
8414,S1-866331999,5,3-5,validation
8415,S1-260703632,7,6+,train
8416,S1-768676485,4,3-5,train
8417,S1-149386284,7,6+,train
8418,S1-82116980,5,3-5,train
8419,S1-600090005,4,3-5,train
8420,S1-996273961,1,1,train
8421,S1-511563142,1,1,train
8422,S1-692932332,2,2,validation
8423,S1-677425825,2,2,validation
8424,S1-562667089,5,3-5,train
8425,S1-237158114,6,6+,train
8426,S1-577488466,4,3-5,train
8427,S1-597050936,6,6+,train
8428,S1-468156364,3,3-5,validation
8429,S1-645306420,2,2,train
8430,S1-451972770,1,1,train
8431,S1-675748395,7,6+,train
8432,S1-105451287,2,2,train
8433,S1-408788881,2,2,train
8434,S1-556498554,7,6+,train
8435,S1-626952909,6,6+,train
8436,S1-691428284,1,1,train
8437,S1-895024916,2,2,train
8438,S1-703657788,1,1,train
8439,S1-251837770,6,6+,train
8440,S1-889675096,1,1,train
8441,S1-179387956,1,1,train
8442,S1-519580053,2,2,train
8443,S1-884568172,1,1,train
8444,S1-313412003,6,6+,train
8445,S1-855807986,5,3-5,train
8446,S1-804587091,1,1,train
8447,S1-888015436,3,3-5,validation
8448,S1-639350706,2,2,train
8449,S1-487431683,6,6+,train
8450,S1-924058161,2,2,train
8451,S1-991813476,1,1,train
8452,S1-572000227,2,2,validation
8453,S1-515174453,2,2,train
8454,S1-302567089,1,1,train
8455,S1-623537970,5,3-5,train
8456,S1-425336639,5,3-5,validation
8457,S1-146666019,2,2,train
8458,S1-844063916,1,1,train
8459,S1-729690000,6,6+,train
8460,S1-12921673,1,1,validation
8461,S1-567876332,5,3-5,train
8462,S1-2552609,2,2,train
8463,S1-494675115,1,1,train
8464,S1-552693012,6,6+,validation
8465,S1-386552629,1,1,train
8466,S1-262752795,3,3-5,train
8467,S1-527013301,1,1,train
8468,S1-574020506,4,3-5,train
8469,S1-29247950,5,3-5,train
8470,S1-500076363,2,2,train
8471,S1-582614074,2,2,train
8472,S1-234161896,1,1,train
8473,S1-370868405,5,3-5,train
8474,S1-53866009,2,2,train
8475,S1-85281307,7,6+,train
8476,S1-85605105,1,1,train
8477,S1-981069804,2,2,train
8478,S1-549006559,1,1,validation
8479,S1-650675698,1,1,train
8480,S1-711945524,6,6+,train
8481,S1-505003273,2,2,validation
8482,S1-800777295,2,2,train
8483,S1-884929142,1,1,train
8484,S1-400369631,1,1,train
8485,S1-352077885,3,3-5,train
8486,S1-954795920,2,2,train
8487,S1-60085393,6,6+,validation
8488,S1-81618638,2,2,train
8489,S1-900052418,4,3-5,train
8490,S1-796677052,1,1,train
8491,S1-59841481,1,1,train
8492,S1-546012004,1,1,train
8493,S1-236543998,1,1,train
8494,S1-776949709,1,1,train
8495,S1-955008183,1,1,train
8496,S1-702594411,1,1,train
8497,S1-728571614,6,6+,train
8498,S1-235214959,2,2,validation
8499,S1-110765204,2,2,train
8500,S1-840974196,5,3-5,train
8501,S1-969331842,1,1,train
8502,S1-53594766,2,2,train
8503,S1-632798099,4,3-5,train
8504,S1-687903004,1,1,validation
8505,S1-482954146,1,1,train
8506,S1-757900283,1,1,train
8507,S1-602048716,4,3-5,train
8508,S1-228189001,7,6+,train
8509,S1-194096512,6,6+,train
8510,S1-911076366,1,1,train
8511,S1-163681963,2,2,train
8512,S1-137228508,1,1,validation
8513,S1-613532559,1,1,train
8514,S1-586574240,3,3-5,validation
8515,S1-463774502,2,2,train
8516,S1-662672520,1,1,train
8517,S1-405691527,6,6+,train
8518,S1-975783359,3,3-5,validation
8519,S1-101500841,1,1,train
8520,S1-749338157,3,3-5,train
8521,S1-800413488,1,1,validation
8522,S1-405795439,6,6+,train
8523,S1-52471272,4,3-5,validation
8524,S1-296060205,2,2,train
8525,S1-759535667,6,6+,train
8526,S1-33383080,2,2,train
8527,S1-788377556,6,6+,train
8528,S1-877431103,2,2,train
8529,S1-167993082,1,1,train
8530,S1-939025435,1,1,train
8531,S1-826408748,2,2,validation
8532,S1-779876859,6,6+,train
8533,S1-700265125,1,1,validation
8534,S1-254121534,3,3-5,validation
8535,S1-848591674,4,3-5,validation
8536,S1-443540225,7,6+,train
8537,S1-310269716,6,6+,train
8538,S1-261554121,6,6+,train
8539,S1-74250410,2,2,validation
8540,S1-423180406,2,2,train
8541,S1-736897773,1,1,train
8542,S1-840961186,6,6+,validation
8543,S1-13396222,6,6+,train
8544,S1-829445751,1,1,train
8545,S1-924009686,4,3-5,train
8546,S1-371362290,7,6+,train
8547,S1-334662238,6,6+,train
8548,S1-367444750,7,6+,train
8549,S1-947565889,1,1,train
8550,S1-506288418,1,1,validation
8551,S1-173029907,2,2,train
8552,S1-871860158,1,1,train
8553,S1-462234185,6,6+,validation
8554,S1-22578413,2,2,train
8555,S1-837385375,2,2,train
8556,S1-926821545,3,3-5,validation
8557,S1-731904315,3,3-5,train
8558,S1-718796226,1,1,train
8559,S1-151268097,3,3-5,train
8560,S1-823818089,2,2,train
8561,S1-391405066,1,1,train
8562,S1-427128954,2,2,train
8563,S1-300748128,2,2,train
8564,S1-793183552,3,3-5,train
8565,S1-400200020,6,6+,train
8566,S1-455668108,4,3-5,train
8567,S1-76594113,5,3-5,train
8568,S1-375864124,1,1,train
8569,S1-649189714,2,2,train
8570,S1-226725165,6,6+,validation
8571,S1-570044038,5,3-5,train
8572,S1-230922945,7,6+,train
8573,S1-973866226,1,1,train
8574,S1-420639009,2,2,train
8575,S1-227908886,1,1,train
8576,S1-7101839,2,2,train
8577,S1-1188822,1,1,train
8578,S1-164585368,3,3-5,validation
8579,S1-647851702,3,3-5,train
8580,S1-49144340,1,1,train
8581,S1-75375390,2,2,train
8582,S1-854014476,5,3-5,train
8583,S1-654630641,2,2,train
8584,S1-687344952,1,1,train
8585,S1-559623623,2,2,train
8586,S1-219538770,2,2,train
8587,S1-884481739,3,3-5,train
8588,S1-817766386,2,2,train
8589,S1-607553220,2,2,train
8590,S1-980515096,1,1,validation
8591,S1-471734071,6,6+,train
8592,S1-532611426,1,1,train
8593,S1-110950202,2,2,train
8594,S1-426647720,2,2,train
8595,S1-230724485,1,1,train
8596,S1-308458235,4,3-5,train
8597,S1-3547173,6,6+,train
8598,S1-123226227,2,2,validation
8599,S1-429772142,6,6+,train
8600,S1-30250512,7,6+,validation
8601,S1-38038730,6,6+,train
8602,S1-802909934,1,1,train
8603,S1-121956177,3,3-5,train
8604,S1-621015434,3,3-5,train
8605,S1-963556340,2,2,train
8606,S1-296271104,6,6+,train
8607,S1-446797188,1,1,train
8608,S1-699874755,2,2,train
8609,S1-325207721,3,3-5,train
8610,S1-46847868,1,1,train
8611,S1-757109124,4,3-5,train
8612,S1-763908000,2,2,train
8613,S1-29164471,7,6+,train
8614,S1-228174036,2,2,train
8615,S1-19322603,7,6+,validation
8616,S1-674268950,1,1,train
8617,S1-646586142,3,3-5,train
8618,S1-227929460,1,1,train
8619,S1-61182608,6,6+,train
8620,S1-91985071,4,3-5,train
8621,S1-409543108,1,1,train
8622,S1-694911028,4,3-5,train
8623,S1-261160909,1,1,validation
8624,S1-361589172,1,1,train
8625,S1-313263148,1,1,train
8626,S1-279953100,5,3-5,train
8627,S1-709901470,5,3-5,train
8628,S1-297713952,1,1,train
8629,S1-367730910,2,2,train
8630,S1-508776541,7,6+,train
8631,S1-528291094,1,1,train
8632,S1-115357324,1,1,train
8633,S1-745028340,5,3-5,train
8634,S1-831610970,1,1,train
8635,S1-262154783,1,1,train
8636,S1-591609140,2,2,train
8637,S1-786798188,2,2,train
8638,S1-91468395,6,6+,train
8639,S1-871215048,2,2,train
8640,S1-372402157,7,6+,validation
8641,S1-286779012,3,3-5,train
8642,S1-739118451,2,2,train
8643,S1-418107219,1,1,train
8644,S1-603730837,6,6+,train
8645,S1-483131971,2,2,validation
8646,S1-410876009,1,1,train
8647,S1-737025182,2,2,train
8648,S1-259444025,2,2,train
8649,S1-450986856,2,2,train
8650,S1-254366684,1,1,train
8651,S1-51900177,4,3-5,validation
8652,S1-144748329,1,1,train
8653,S1-340316509,1,1,train
8654,S1-449923445,2,2,validation
8655,S1-330830888,1,1,validation
8656,S1-783143669,5,3-5,train
8657,S1-648876637,2,2,validation
8658,S1-842150108,1,1,train
8659,S1-226916010,2,2,train
8660,S1-297817843,5,3-5,train
8661,S1-73409187,1,1,train
8662,S1-125129518,6,6+,train
8663,S1-63401655,1,1,train
8664,S1-5910898,1,1,train
8665,S1-747383030,1,1,train
8666,S1-798818173,3,3-5,train
8667,S1-547230160,3,3-5,train
8668,S1-42817514,2,2,train
8669,S1-331451380,2,2,validation
8670,S1-275478311,6,6+,train
8671,S1-199536007,4,3-5,train
8672,S1-166488938,2,2,train
8673,S1-15567949,4,3-5,train
8674,S1-469282133,2,2,train
8675,S1-985544363,1,1,train
8676,S1-463894536,4,3-5,validation
8677,S1-914550967,1,1,train
8678,S1-658126978,6,6+,train
8679,S1-366836752,3,3-5,train
8680,S1-401129472,6,6+,train
8681,S1-581463809,3,3-5,validation
8682,S1-19778118,1,1,train
8683,S1-669890040,1,1,validation
8684,S1-706505809,1,1,train
8685,S1-449556221,1,1,train
8686,S1-25626414,2,2,validation
8687,S1-380938070,1,1,train
8688,S1-971548209,5,3-5,train
8689,S1-182892598,2,2,train
8690,S1-117203167,7,6+,validation
8691,S1-565970677,7,6+,validation
8692,S1-182419089,6,6+,validation
8693,S1-575157010,1,1,train
8694,S1-145035259,6,6+,train
8695,S1-156619312,1,1,train
8696,S1-407722835,2,2,train
8697,S1-952123819,1,1,train
8698,S1-724033887,3,3-5,train
8699,S1-789960809,7,6+,train
8700,S1-117493967,1,1,validation
8701,S1-509718419,2,2,validation
8702,S1-746487074,3,3-5,validation
8703,S1-9075247,1,1,validation
8704,S1-481260867,1,1,validation
8705,S1-976009791,1,1,train
8706,S1-910134301,3,3-5,train
8707,S1-415109369,1,1,train
8708,S1-43761915,2,2,train
8709,S1-438998130,5,3-5,validation
8710,S1-726038605,6,6+,validation
8711,S1-686968344,3,3-5,train
8712,S1-81066012,6,6+,train
8713,S1-245913636,1,1,train
8714,S1-354793711,6,6+,train
8715,S1-369754967,4,3-5,train
8716,S1-720333915,1,1,train
8717,S1-214524417,2,2,validation
8718,S1-203369121,6,6+,train
8719,S1-670925841,6,6+,train
8720,S1-577212647,6,6+,validation
8721,S1-807673357,2,2,train
8722,S1-439505373,2,2,train
8723,S1-472968285,7,6+,validation
8724,S1-14354130,6,6+,validation
8725,S1-462432192,6,6+,validation
8726,S1-911448709,2,2,train
8727,S1-646663332,1,1,validation
8728,S1-304026008,3,3-5,train
8729,S1-874748765,1,1,train
8730,S1-364982631,8,6+,train
8731,S1-113734941,1,1,train
8732,S1-692467620,1,1,train
8733,S1-419191956,2,2,train
8734,S1-456237736,2,2,validation
8735,S1-898849888,2,2,train
8736,S1-48520284,6,6+,train
8737,S1-667325868,6,6+,train
8738,S1-727427436,4,3-5,train
8739,S1-960458243,2,2,train
8740,S1-187639865,1,1,train
8741,S1-708704179,2,2,validation
8742,S1-182401884,1,1,train
8743,S1-728953402,6,6+,train
8744,S1-13001236,1,1,train
8745,S1-906204184,6,6+,train
8746,S1-650049101,2,2,validation
8747,S1-343492507,2,2,train
8748,S1-410022689,1,1,train
8749,S1-701570756,2,2,train
8750,S1-328003945,7,6+,train
8751,S1-582344494,8,6+,train
8752,S1-784619527,6,6+,train
8753,S1-291109440,1,1,train
8754,S1-642697533,7,6+,train
8755,S1-325650753,4,3-5,train
8756,S1-253451532,6,6+,train
8757,S1-666644577,8,6+,validation
8758,S1-694471533,3,3-5,validation
8759,S1-895448425,2,2,validation
8760,S1-850277232,2,2,validation
8761,S1-470138580,1,1,validation
8762,S1-35135775,6,6+,train
8763,S1-5841844,2,2,train
8764,S1-104830407,3,3-5,validation
8765,S1-988048277,2,2,train
8766,S1-131985447,6,6+,train
8767,S1-402236272,5,3-5,validation
8768,S1-487017456,1,1,train
8769,S1-388289545,6,6+,train
8770,S1-13178640,1,1,train
8771,S1-880625109,2,2,train
8772,S1-706806802,2,2,train
8773,S1-981903080,1,1,train
8774,S1-259703242,5,3-5,validation
8775,S1-79634912,2,2,validation
8776,S1-401288159,4,3-5,train
8777,S1-531413262,1,1,train
8778,S1-334163386,1,1,train
8779,S1-359489844,6,6+,train
8780,S1-583381815,2,2,train
8781,S1-716894329,6,6+,train
8782,S1-7192361,2,2,validation
8783,S1-268597268,1,1,train
8784,S1-118603251,6,6+,train
8785,S1-314745119,3,3-5,train
8786,S1-785941192,4,3-5,train
8787,S1-525659081,6,6+,validation
8788,S1-951243640,2,2,train
8789,S1-881964895,6,6+,validation
8790,S1-160854806,7,6+,train
8791,S1-272416167,6,6+,train
8792,S1-156258360,6,6+,train
8793,S1-545259243,2,2,train
8794,S1-25338063,6,6+,train
8795,S1-318784480,5,3-5,train
8796,S1-990523579,3,3-5,train
8797,S1-706876187,4,3-5,train
8798,S1-396904285,1,1,train
8799,S1-298091022,4,3-5,train
8800,S1-285030599,1,1,train
8801,S1-359915732,6,6+,train
8802,S1-581777856,8,6+,validation
8803,S1-69359366,1,1,train
8804,S1-693818184,7,6+,validation
8805,S1-527520963,1,1,validation
8806,S1-298361576,6,6+,train
8807,S1-511983537,6,6+,train
8808,S1-596158706,2,2,train
8809,S1-502637757,1,1,train
8810,S1-909238769,6,6+,train
8811,S1-680797346,2,2,train
8812,S1-183663490,5,3-5,train
8813,S1-291993254,2,2,validation
8814,S1-240105833,1,1,train
8815,S1-293927704,3,3-5,train
8816,S1-573327547,5,3-5,train
8817,S1-954718546,2,2,train
8818,S1-482730138,2,2,train
8819,S1-782083927,6,6+,validation
8820,S1-658787783,2,2,train
8821,S1-31008790,6,6+,train
8822,S1-622694744,8,6+,train
8823,S1-296694335,3,3-5,train
8824,S1-49057164,1,1,train
8825,S1-189528580,1,1,train
8826,S1-681460087,1,1,train
8827,S1-57176075,5,3-5,train
8828,S1-33412932,4,3-5,train
8829,S1-134247639,1,1,validation
8830,S1-615103251,1,1,train
8831,S1-456643844,1,1,train
8832,S1-835946223,7,6+,train
8833,S1-127634681,1,1,train
8834,S1-432163511,1,1,train
8835,S1-560737257,3,3-5,train
8836,S1-672446008,8,6+,train
8837,S1-603835957,3,3-5,train
8838,S1-404256806,1,1,validation
8839,S1-794017312,6,6+,train
8840,S1-37057575,6,6+,train
8841,S1-707684607,3,3-5,validation
8842,S1-630612738,5,3-5,validation
8843,S1-568503185,2,2,train
8844,S1-179898403,2,2,train
8845,S1-134142152,3,3-5,train
8846,S1-566586959,2,2,validation
8847,S1-131298029,1,1,train
8848,S1-622417899,6,6+,train
8849,S1-739712856,8,6+,train
8850,S1-427554983,6,6+,train
8851,S1-294997012,6,6+,train
8852,S1-917581873,2,2,validation
8853,S1-776067470,6,6+,train
8854,S1-434473770,2,2,train
8855,S1-936211166,6,6+,validation
8856,S1-242776065,2,2,train
8857,S1-114897648,2,2,validation
8858,S1-585418028,1,1,validation
8859,S1-362827209,4,3-5,train
8860,S1-818678276,2,2,validation
8861,S1-552530843,8,6+,validation
8862,S1-361127887,2,2,validation
8863,S1-43266588,7,6+,train
8864,S1-701852968,6,6+,validation
8865,S1-61110770,2,2,validation
8866,S1-270868755,2,2,train
8867,S1-80200265,6,6+,train
8868,S1-694968947,5,3-5,train
8869,S1-372647041,6,6+,train
8870,S1-8382531,2,2,train
8871,S1-972463146,1,1,train
8872,S1-17093204,8,6+,validation
8873,S1-185645493,1,1,validation
8874,S1-835276556,1,1,train
8875,S1-478425945,6,6+,train
8876,S1-486507142,1,1,train
8877,S1-103247677,3,3-5,train
8878,S1-276503571,4,3-5,train
8879,S1-354343789,4,3-5,train
8880,S1-147840048,6,6+,validation
8881,S1-459764908,3,3-5,validation
8882,S1-506032807,6,6+,train
8883,S1-271759853,1,1,train
8884,S1-359862631,6,6+,train
8885,S1-183627290,9,6+,train
8886,S1-912062195,1,1,train
8887,S1-355323692,2,2,train
8888,S1-71991131,1,1,train
8889,S1-690667023,3,3-5,train
8890,S1-781740258,3,3-5,train
8891,S1-886327931,1,1,train
8892,S1-656334334,7,6+,train
8893,S1-872294520,6,6+,train
8894,S1-22443789,2,2,train
8895,S1-601636892,2,2,train
8896,S1-142930065,2,2,train
8897,S1-304865997,2,2,train
8898,S1-131527389,2,2,train
8899,S1-120516653,2,2,train
8900,S1-246620074,6,6+,train
8901,S1-645341125,1,1,train
8902,S1-711402856,2,2,train
8903,S1-146601408,1,1,train
8904,S1-877146041,6,6+,train
8905,S1-138527359,6,6+,train
8906,S1-996136305,4,3-5,train
8907,S1-652673164,1,1,train
8908,S1-127912337,1,1,train
8909,S1-373577006,1,1,train
8910,S1-903270063,6,6+,train
8911,S1-360889804,2,2,train
8912,S1-494690111,7,6+,train
8913,S1-988527789,2,2,train
8914,S1-608521693,2,2,train
8915,S1-936960207,5,3-5,validation
8916,S1-517550379,3,3-5,train
8917,S1-698152942,7,6+,train
8918,S1-423341427,2,2,train
8919,S1-78818820,1,1,validation
8920,S1-100129172,2,2,train
8921,S1-105735099,2,2,train
8922,S1-884344168,2,2,train
8923,S1-704136282,1,1,train
8924,S1-584314914,2,2,train
8925,S1-953383392,3,3-5,train
8926,S1-331080096,1,1,validation
8927,S1-359510836,1,1,train
8928,S1-90637338,3,3-5,train
8929,S1-313565909,5,3-5,validation
8930,S1-950891538,6,6+,train
8931,S1-138526467,3,3-5,validation
8932,S1-338356991,2,2,train
8933,S1-232092811,2,2,train
8934,S1-459161863,3,3-5,validation
8935,S1-907021582,6,6+,train
8936,S1-840138336,6,6+,train
8937,S1-273390143,2,2,train
8938,S1-308661279,2,2,train
8939,S1-268524976,6,6+,train
8940,S1-539808799,5,3-5,train
8941,S1-985294747,4,3-5,train
8942,S1-451444651,2,2,train
8943,S1-103821939,2,2,train
8944,S1-699765313,5,3-5,validation
8945,S1-890244261,6,6+,train
8946,S1-395979904,5,3-5,train
8947,S1-319316180,1,1,validation
8948,S1-789046324,2,2,train
8949,S1-287330366,6,6+,train
8950,S1-601049167,1,1,train
8951,S1-19533353,2,2,train
8952,S1-589592248,4,3-5,train
8953,S1-582523432,1,1,validation
8954,S1-814957531,2,2,train
8955,S1-50022332,6,6+,validation
8956,S1-51613877,2,2,train
8957,S1-401759440,3,3-5,validation
8958,S1-776981259,2,2,train
8959,S1-979884115,3,3-5,train
8960,S1-22546404,6,6+,train
8961,S1-24887870,4,3-5,train
8962,S1-732268493,3,3-5,train
8963,S1-282524925,5,3-5,train
8964,S1-502007056,1,1,train
8965,S1-154223922,1,1,train
8966,S1-729707033,7,6+,train
8967,S1-326077740,5,3-5,train
8968,S1-260350321,6,6+,train
8969,S1-417654560,2,2,train
8970,S1-560191461,2,2,train
8971,S1-904180144,1,1,validation
8972,S1-196508354,6,6+,train
8973,S1-838165968,1,1,train
8974,S1-185874569,6,6+,train
8975,S1-937109232,1,1,train
8976,S1-459080088,1,1,train
8977,S1-721610749,2,2,train
8978,S1-848808742,3,3-5,train
8979,S1-198743073,3,3-5,train
8980,S1-747398769,6,6+,train
8981,S1-238861228,2,2,train
8982,S1-840336161,2,2,validation
8983,S1-427208850,1,1,validation
8984,S1-886692312,2,2,train
8985,S1-686527324,2,2,train
8986,S1-602715879,1,1,train
8987,S1-182376057,6,6+,train
8988,S1-17735915,2,2,validation
8989,S1-559090697,2,2,train
8990,S1-113189184,6,6+,train
8991,S1-228601329,4,3-5,train
8992,S1-871480353,5,3-5,train
8993,S1-407889442,2,2,train
8994,S1-637397405,4,3-5,train
8995,S1-283734547,1,1,train
8996,S1-118390133,1,1,validation
8997,S1-82032906,2,2,validation
8998,S1-999415412,3,3-5,validation
8999,S1-891224349,2,2,validation
9000,S1-636548781,3,3-5,train
9001,S1-304159914,7,6+,validation
9002,S1-843120558,6,6+,validation
9003,S1-695858092,6,6+,validation
9004,S1-31947882,7,6+,train
9005,S1-661377488,6,6+,train
9006,S1-272054921,1,1,train
9007,S1-786456325,1,1,train
9008,S1-718428978,8,6+,validation
9009,S1-404958765,8,6+,train
9010,S1-20236638,2,2,train
9011,S1-411904466,4,3-5,train
9012,S1-807041765,2,2,train
9013,S1-838519000,8,6+,train
9014,S1-479005159,3,3-5,train
9015,S1-760129482,2,2,train
9016,S1-440839623,3,3-5,validation
9017,S1-627299895,4,3-5,train
9018,S1-392885953,2,2,train
9019,S1-76476536,2,2,train
9020,S1-34899114,1,1,train
9021,S1-586109752,6,6+,train
9022,S1-712229075,2,2,validation
9023,S1-506624703,2,2,train
9024,S1-929106677,1,1,train
9025,S1-244067938,2,2,validation
9026,S1-477915152,2,2,train
9027,S1-670717152,6,6+,train
9028,S1-809697867,1,1,train
9029,S1-380223741,2,2,train
9030,S1-67562850,2,2,train
9031,S1-107071387,3,3-5,train
9032,S1-95933378,7,6+,train
9033,S1-44814733,5,3-5,train
9034,S1-548880999,4,3-5,train
9035,S1-147763096,6,6+,validation
9036,S1-447205816,6,6+,validation
9037,S1-413086658,1,1,validation
9038,S1-649962691,5,3-5,train
9039,S1-887672687,2,2,train
9040,S1-94276745,2,2,train
9041,S1-239424997,3,3-5,validation
9042,S1-748355244,2,2,train
9043,S1-795811479,1,1,train
9044,S1-176634871,6,6+,train
9045,S1-890449617,1,1,train
9046,S1-618894368,7,6+,train
9047,S1-758134765,1,1,train
9048,S1-779627844,8,6+,train
9049,S1-707497230,1,1,train
9050,S1-310398267,1,1,validation
9051,S1-184000866,3,3-5,validation
9052,S1-740446516,4,3-5,validation
9053,S1-324757033,1,1,train
9054,S1-557513872,1,1,train
9055,S1-67103996,4,3-5,validation
9056,S1-555524494,2,2,train
9057,S1-684351851,1,1,validation
9058,S1-312213841,2,2,train
9059,S1-554592644,2,2,train
9060,S1-30595484,2,2,train
9061,S1-340640529,1,1,train
9062,S1-871058353,6,6+,train
9063,S1-251106677,2,2,train
9064,S1-457870052,6,6+,train
9065,S1-704992685,3,3-5,train
9066,S1-861955853,7,6+,train
9067,S1-572275525,5,3-5,train
9068,S1-536025276,3,3-5,train
9069,S1-415750461,1,1,train
9070,S1-717536162,2,2,train
9071,S1-456377382,2,2,validation
9072,S1-920038770,1,1,train
9073,S1-444027123,3,3-5,train
9074,S1-123924978,1,1,train
9075,S1-193500487,1,1,train
9076,S1-323576903,1,1,train
9077,S1-271397652,1,1,train
9078,S1-161705822,1,1,train
9079,S1-627953138,1,1,train
9080,S1-604863614,7,6+,train
9081,S1-964414449,5,3-5,train
9082,S1-966816339,4,3-5,train
9083,S1-279117826,4,3-5,train
9084,S1-643800776,6,6+,train
9085,S1-827404530,4,3-5,train
9086,S1-402957668,6,6+,train
9087,S1-148717374,1,1,train
9088,S1-234215203,5,3-5,train
9089,S1-575029591,7,6+,train
9090,S1-91850347,1,1,train
9091,S1-624863294,2,2,train
9092,S1-311529946,2,2,train
9093,S1-296787556,1,1,train
9094,S1-257789285,2,2,train
9095,S1-885755489,1,1,validation
9096,S1-313043094,1,1,train
9097,S1-402189775,2,2,train
9098,S1-652771911,1,1,train
9099,S1-950468010,2,2,train
9100,S1-779497157,5,3-5,train
9101,S1-681683041,4,3-5,train
9102,S1-109067283,4,3-5,train
9103,S1-415256969,6,6+,validation
9104,S1-547748550,4,3-5,train
9105,S1-918930289,1,1,train
9106,S1-708372067,1,1,train
9107,S1-410333006,1,1,train
9108,S1-140515580,2,2,train
9109,S1-268758211,6,6+,validation
9110,S1-493870199,1,1,validation
9111,S1-139475077,6,6+,train
9112,S1-39888314,2,2,validation
9113,S1-923632357,2,2,validation
9114,S1-752001449,6,6+,train
9115,S1-669558853,4,3-5,train
9116,S1-930904293,6,6+,train
9117,S1-100717259,6,6+,train
9118,S1-657444626,5,3-5,validation
9119,S1-248452630,4,3-5,train
9120,S1-947729395,2,2,train
9121,S1-632913737,4,3-5,validation
9122,S1-335137420,2,2,validation
9123,S1-495757289,8,6+,train
9124,S1-287021522,2,2,validation
9125,S1-722639032,5,3-5,train
9126,S1-76181542,2,2,validation
9127,S1-953529226,6,6+,train
9128,S1-327785529,1,1,train
9129,S1-998941107,1,1,train
9130,S1-398186832,1,1,train
9131,S1-560626183,7,6+,train
9132,S1-61409275,2,2,train
9133,S1-694953557,1,1,validation
9134,S1-194421903,2,2,validation
9135,S1-557320679,7,6+,train
9136,S1-34594377,1,1,train
9137,S1-764603961,6,6+,train
9138,S1-548479760,1,1,train
9139,S1-468608025,3,3-5,validation
9140,S1-696213348,1,1,train
9141,S1-673010330,6,6+,train
9142,S1-162476914,1,1,train
9143,S1-482174294,5,3-5,train
9144,S1-724305665,1,1,train
9145,S1-462589414,6,6+,train
9146,S1-342921407,7,6+,train
9147,S1-534692091,2,2,train
9148,S1-10295748,1,1,train
9149,S1-420416738,3,3-5,train
9150,S1-805875839,2,2,train
9151,S1-264561969,1,1,validation
9152,S1-483487518,1,1,train
9153,S1-150037376,4,3-5,train
9154,S1-626207333,7,6+,train
9155,S1-278817796,4,3-5,train
9156,S1-316426592,2,2,train
9157,S1-112659163,1,1,train
9158,S1-353146082,7,6+,train
9159,S1-614224002,3,3-5,train
9160,S1-93114701,6,6+,train
9161,S1-489302975,1,1,train
9162,S1-48827288,2,2,train
9163,S1-976095061,5,3-5,train
9164,S1-350853290,2,2,train
9165,S1-207839713,1,1,train
9166,S1-83536240,7,6+,train
9167,S1-743389489,4,3-5,train
9168,S1-502045847,6,6+,train
9169,S1-827608739,7,6+,validation
9170,S1-156113234,3,3-5,train
9171,S1-704818114,1,1,validation
9172,S1-687070306,4,3-5,validation
9173,S1-917209632,6,6+,train
9174,S1-953670471,2,2,train
9175,S1-935571229,1,1,validation
9176,S1-132284731,2,2,validation
9177,S1-969707833,6,6+,train
9178,S1-765791748,2,2,train
9179,S1-951589290,2,2,train
9180,S1-201197966,3,3-5,train
9181,S1-107456381,4,3-5,train
9182,S1-250795376,5,3-5,train
9183,S1-408742071,1,1,train
9184,S1-368472907,1,1,train
9185,S1-151244892,7,6+,validation
9186,S1-982413291,2,2,train
9187,S1-23781253,7,6+,train
9188,S1-704190117,1,1,train
9189,S1-674696319,3,3-5,train
9190,S1-881902158,2,2,train
9191,S1-681867448,1,1,train
9192,S1-942821260,4,3-5,validation
9193,S1-179810420,3,3-5,validation
9194,S1-890496001,6,6+,train
9195,S1-119514003,2,2,train
9196,S1-767229389,3,3-5,train
9197,S1-335724102,1,1,train
9198,S1-94035944,6,6+,train
9199,S1-852905995,6,6+,train
9200,S1-949238032,3,3-5,train
9201,S1-730467307,2,2,train
9202,S1-145141345,4,3-5,train
9203,S1-255555645,2,2,train
9204,S1-221881568,1,1,train
9205,S1-248428570,6,6+,train
9206,S1-279323109,5,3-5,train
9207,S1-562951101,1,1,validation
9208,S1-506571666,1,1,train
9209,S1-941166411,6,6+,validation
9210,S1-307053268,8,6+,train
9211,S1-320313588,4,3-5,train
9212,S1-52029123,6,6+,train
9213,S1-776237456,2,2,train
9214,S1-547132184,8,6+,train
9215,S1-766705452,5,3-5,train
9216,S1-298958265,7,6+,train
9217,S1-134913622,7,6+,train
9218,S1-783815081,2,2,validation
9219,S1-605707336,7,6+,validation
9220,S1-270861775,6,6+,train
9221,S1-776987258,3,3-5,train
9222,S1-124677426,3,3-5,train
9223,S1-175676642,2,2,train
9224,S1-206817586,1,1,train
9225,S1-439057917,1,1,train
9226,S1-192691122,5,3-5,train
9227,S1-268036700,4,3-5,train
9228,S1-339864473,2,2,train
9229,S1-758825620,4,3-5,train
9230,S1-924564477,1,1,train
9231,S1-8338994,1,1,train
9232,S1-395962650,7,6+,validation
9233,S1-88427826,6,6+,train
9234,S1-910597523,1,1,train
9235,S1-380554052,1,1,validation
9236,S1-175057578,1,1,train
9237,S1-569905016,5,3-5,train
9238,S1-68292674,1,1,train
9239,S1-60964710,2,2,train
9240,S1-191453254,2,2,train
9241,S1-68973779,2,2,train
9242,S1-611911765,2,2,validation
9243,S1-266725270,4,3-5,train
9244,S1-107837669,4,3-5,train
9245,S1-395790302,6,6+,train
9246,S1-342657466,3,3-5,train
9247,S1-71424394,5,3-5,train
9248,S1-204407052,2,2,validation
9249,S1-836969036,1,1,train
9250,S1-375042209,1,1,validation
9251,S1-560518265,4,3-5,train
9252,S1-673144055,3,3-5,train
9253,S1-470099264,3,3-5,validation
9254,S1-665113420,2,2,train
9255,S1-827295629,6,6+,validation
9256,S1-430370266,3,3-5,train
9257,S1-148722767,8,6+,train
9258,S1-858497885,6,6+,train
9259,S1-114552459,6,6+,train
9260,S1-814312445,4,3-5,validation
9261,S1-582738927,1,1,validation
9262,S1-87467621,2,2,train
9263,S1-749935736,1,1,validation
9264,S1-101749027,2,2,train
9265,S1-393946441,1,1,train
9266,S1-505221771,6,6+,train
9267,S1-551981233,6,6+,train
9268,S1-819753191,6,6+,train
9269,S1-988202747,5,3-5,train
9270,S1-188014884,5,3-5,train
9271,S1-180330699,4,3-5,train
9272,S1-998727651,4,3-5,train
9273,S1-346558105,6,6+,train
9274,S1-116196748,1,1,train
9275,S1-928204589,3,3-5,train
9276,S1-532118424,1,1,validation
9277,S1-632473804,2,2,train
9278,S1-271988570,4,3-5,train
9279,S1-425926921,2,2,train
9280,S1-762703301,3,3-5,validation
9281,S1-571855520,6,6+,train
9282,S1-307190675,2,2,train
9283,S1-44227624,4,3-5,validation
9284,S1-451966762,2,2,train
9285,S1-730291822,2,2,train
9286,S1-201710062,5,3-5,train
9287,S1-359579625,2,2,train
9288,S1-886606337,3,3-5,validation
9289,S1-731547782,1,1,train
9290,S1-438221697,4,3-5,validation
9291,S1-934442978,2,2,validation
9292,S1-559756474,1,1,train
9293,S1-573269494,6,6+,train
9294,S1-747668423,2,2,train
9295,S1-441953732,2,2,validation
9296,S1-30417978,2,2,train
9297,S1-375341437,3,3-5,train
9298,S1-462800814,6,6+,validation
9299,S1-414730619,2,2,train
9300,S1-943881317,1,1,validation
9301,S1-324189503,3,3-5,train
9302,S1-993510232,3,3-5,train
9303,S1-63948470,6,6+,train
9304,S1-823592881,5,3-5,train
9305,S1-617235700,6,6+,train
9306,S1-364368429,3,3-5,train
9307,S1-929103941,2,2,train
9308,S1-711897029,2,2,train
9309,S1-31768389,3,3-5,train
9310,S1-516497101,1,1,train
9311,S1-965136800,2,2,validation
9312,S1-617267710,2,2,train
9313,S1-898192470,2,2,train
9314,S1-541968772,3,3-5,train
9315,S1-446596891,2,2,train
9316,S1-33752211,7,6+,train
9317,S1-357549079,6,6+,train
9318,S1-688352459,7,6+,validation
9319,S1-64001624,1,1,train
9320,S1-812859534,2,2,train
9321,S1-486509638,1,1,train
9322,S1-67236442,6,6+,train
9323,S1-241018093,1,1,train
9324,S1-485304539,4,3-5,train
9325,S1-168164215,2,2,train
9326,S1-25502747,2,2,train
9327,S1-863205471,2,2,train
9328,S1-554357067,3,3-5,validation
9329,S1-22256959,7,6+,train
9330,S1-689594194,1,1,train
9331,S1-279358042,6,6+,train
9332,S1-301976852,1,1,train
9333,S1-814561891,3,3-5,train
9334,S1-74473862,3,3-5,train
9335,S1-616701303,5,3-5,train
9336,S1-224189016,2,2,train
9337,S1-271067833,2,2,train
9338,S1-485295924,6,6+,validation
9339,S1-447382506,3,3-5,train
9340,S1-741818700,4,3-5,train
9341,S1-896657796,1,1,train
9342,S1-884144498,5,3-5,train
9343,S1-269112035,1,1,train
9344,S1-561214217,6,6+,train
9345,S1-316125744,1,1,train
9346,S1-619397675,1,1,train
9347,S1-281540805,6,6+,train
9348,S1-198494619,6,6+,train
9349,S1-122933193,1,1,validation
9350,S1-923007184,6,6+,train
9351,S1-735816943,2,2,train
9352,S1-432099386,6,6+,train
9353,S1-757709444,3,3-5,validation
9354,S1-138446039,2,2,train
9355,S1-384613509,2,2,train
9356,S1-892826685,4,3-5,validation
9357,S1-64986507,6,6+,train
9358,S1-509758837,1,1,train
9359,S1-645279768,1,1,train
9360,S1-262486883,5,3-5,train
9361,S1-998305438,3,3-5,train
9362,S1-76702167,3,3-5,train
9363,S1-2703659,7,6+,validation
9364,S1-283647381,2,2,validation
9365,S1-223567572,1,1,train
9366,S1-41912777,1,1,train
9367,S1-8020960,2,2,train
9368,S1-997428071,1,1,train
9369,S1-359842286,4,3-5,validation
9370,S1-910742826,3,3-5,train
9371,S1-92422733,2,2,train
9372,S1-478271737,6,6+,train
9373,S1-67038099,1,1,validation
9374,S1-852814239,1,1,train
9375,S1-527929892,2,2,train
9376,S1-907208683,7,6+,train
9377,S1-479753058,4,3-5,train
9378,S1-347321362,3,3-5,train
9379,S1-155513143,5,3-5,train
9380,S1-788100843,3,3-5,train
9381,S1-332453524,4,3-5,train
9382,S1-297546584,2,2,train
9383,S1-707845152,2,2,validation
9384,S1-424698962,2,2,train
9385,S1-357096593,1,1,validation
9386,S1-77930833,3,3-5,train
9387,S1-684292647,2,2,train
9388,S1-650300345,2,2,train
9389,S1-550501660,5,3-5,validation
9390,S1-191705583,6,6+,train
9391,S1-836143093,2,2,train
9392,S1-281335061,1,1,validation
9393,S1-791336856,6,6+,train
9394,S1-349938292,7,6+,train
9395,S1-239842855,4,3-5,train
9396,S1-562811292,1,1,train
9397,S1-754705767,5,3-5,train
9398,S1-709435554,7,6+,train
9399,S1-627032516,6,6+,train
9400,S1-571568252,2,2,train
9401,S1-418132681,2,2,validation
9402,S1-285454809,6,6+,train
9403,S1-837824126,2,2,train
9404,S1-34567471,6,6+,train
9405,S1-200610081,3,3-5,train
9406,S1-34230483,2,2,train
9407,S1-723037620,1,1,train
9408,S1-344882221,5,3-5,train
9409,S1-815264080,3,3-5,train
9410,S1-754432209,2,2,train
9411,S1-588104359,2,2,train
9412,S1-297396746,1,1,train
9413,S1-33035177,5,3-5,train
9414,S1-170217920,6,6+,train
9415,S1-58589029,1,1,train
9416,S1-650194985,1,1,train
9417,S1-945424846,5,3-5,train
9418,S1-352251050,1,1,train
9419,S1-476442479,1,1,train
9420,S1-139945018,6,6+,train
9421,S1-546985380,1,1,validation
9422,S1-718536028,1,1,train
9423,S1-510456214,1,1,validation
9424,S1-9336562,5,3-5,train
9425,S1-296642877,2,2,train
9426,S1-663830080,6,6+,train
9427,S1-853983673,7,6+,train
9428,S1-912482525,5,3-5,train
9429,S1-782035137,7,6+,train
9430,S1-497901676,2,2,train
9431,S1-299095943,2,2,train
9432,S1-420953500,2,2,train
9433,S1-995335382,2,2,train
9434,S1-756880244,6,6+,train
9435,S1-99223275,7,6+,train
9436,S1-629485639,2,2,train
9437,S1-896105584,3,3-5,train
9438,S1-303253016,2,2,validation
9439,S1-700788460,5,3-5,validation
9440,S1-346398297,1,1,train
9441,S1-638239456,2,2,validation
9442,S1-507971977,4,3-5,train
9443,S1-428988712,2,2,train
9444,S1-51462690,6,6+,train
9445,S1-181957401,1,1,train
9446,S1-610240074,2,2,train
9447,S1-570466017,4,3-5,validation
9448,S1-107403618,8,6+,train
9449,S1-517039596,6,6+,train
9450,S1-412675523,6,6+,train
9451,S1-989094092,3,3-5,train
9452,S1-666740965,4,3-5,train
9453,S1-868536644,1,1,train
9454,S1-695679410,7,6+,train
9455,S1-47360170,2,2,validation
9456,S1-360791242,7,6+,train
9457,S1-822334598,4,3-5,train
9458,S1-172530587,1,1,validation
9459,S1-299826004,3,3-5,train
9460,S1-372091519,1,1,validation
9461,S1-527635931,4,3-5,train
9462,S1-52479882,2,2,validation
9463,S1-912299601,1,1,train
9464,S1-992221719,5,3-5,train
9465,S1-580169807,4,3-5,train
9466,S1-769842500,2,2,train
9467,S1-476522019,4,3-5,validation
9468,S1-473854557,6,6+,train
9469,S1-905094315,2,2,validation
9470,S1-993082343,7,6+,train
9471,S1-286877513,3,3-5,validation
9472,S1-508437273,4,3-5,train
9473,S1-817719990,6,6+,validation
9474,S1-45568258,2,2,train
9475,S1-681329495,3,3-5,train
9476,S1-405591979,3,3-5,train
9477,S1-377378301,4,3-5,train
9478,S1-19778823,6,6+,train
9479,S1-925252565,1,1,train
9480,S1-303401129,1,1,train
9481,S1-146628339,1,1,validation
9482,S1-704340463,2,2,train
9483,S1-623069843,6,6+,train
9484,S1-439967633,3,3-5,train
9485,S1-791266573,4,3-5,train
9486,S1-111378102,2,2,train
9487,S1-205543035,3,3-5,train
9488,S1-709721659,2,2,train
9489,S1-77172955,6,6+,train
9490,S1-924921931,6,6+,train
9491,S1-884414381,2,2,validation
9492,S1-621913813,2,2,train
9493,S1-258978962,1,1,train
9494,S1-997102795,2,2,train
9495,S1-424276697,2,2,train
9496,S1-31365308,2,2,train
9497,S1-170039671,6,6+,validation
9498,S1-786392529,8,6+,validation
9499,S1-755232237,1,1,train
9500,S1-639801482,5,3-5,train
9501,S1-293749805,6,6+,train
9502,S1-242214578,2,2,train
9503,S1-161985863,1,1,train
9504,S1-503956772,6,6+,train
9505,S1-643909632,7,6+,train
9506,S1-430867298,3,3-5,train
9507,S1-884574823,2,2,train
9508,S1-721298051,2,2,train
9509,S1-475541315,4,3-5,validation
9510,S1-883092094,2,2,train
9511,S1-763280668,2,2,train
9512,S1-383115155,4,3-5,train
9513,S1-197175603,3,3-5,train
9514,S1-108458897,1,1,train
9515,S1-798226099,3,3-5,train
9516,S1-458160247,3,3-5,train
9517,S1-468267528,1,1,train
9518,S1-253890047,2,2,train
9519,S1-350585790,1,1,train
9520,S1-690841681,2,2,train
9521,S1-567465128,2,2,train
9522,S1-246396105,2,2,train
9523,S1-626216332,4,3-5,train
9524,S1-176943553,6,6+,train
9525,S1-900593951,5,3-5,train
9526,S1-706765129,1,1,train
9527,S1-362765456,6,6+,train
9528,S1-655812881,6,6+,train
9529,S1-517805305,1,1,validation
9530,S1-10748516,5,3-5,train
9531,S1-266371219,6,6+,train
9532,S1-55950574,1,1,validation
9533,S1-451792942,2,2,train
9534,S1-924842341,2,2,validation
9535,S1-311777765,6,6+,train
9536,S1-84160858,6,6+,train
9537,S1-165305717,1,1,train
9538,S1-95893320,3,3-5,train
9539,S1-134153706,8,6+,train
9540,S1-646022412,1,1,train
9541,S1-729411956,8,6+,train
9542,S1-757553261,2,2,train
9543,S1-379568642,3,3-5,train
9544,S1-544884998,2,2,train
9545,S1-346363204,2,2,train
9546,S1-414007847,6,6+,train
9547,S1-119766306,1,1,train
9548,S1-957044169,2,2,train
9549,S1-326903274,3,3-5,train
9550,S1-502790399,6,6+,train
9551,S1-833729864,5,3-5,train
9552,S1-675830182,4,3-5,train
9553,S1-670670804,2,2,validation
9554,S1-298717132,3,3-5,train
9555,S1-140317885,2,2,train
9556,S1-157517593,1,1,train
9557,S1-515118054,5,3-5,validation
9558,S1-351871274,1,1,validation
9559,S1-600501040,1,1,validation
9560,S1-739756716,3,3-5,train
9561,S1-6104073,6,6+,train
9562,S1-597543884,5,3-5,train
9563,S1-882131099,6,6+,train
9564,S1-828522169,2,2,validation
9565,S1-13540560,2,2,train
9566,S1-783234287,6,6+,train
9567,S1-104891359,7,6+,train
9568,S1-902758444,1,1,train
9569,S1-771371946,5,3-5,train
9570,S1-976844916,4,3-5,train
9571,S1-504191925,2,2,train
9572,S1-401016113,3,3-5,train
9573,S1-829452391,5,3-5,train
9574,S1-640195337,2,2,validation
9575,S1-979577240,5,3-5,train
9576,S1-710746664,5,3-5,train
9577,S1-264361170,1,1,train
9578,S1-386660339,3,3-5,validation
9579,S1-522815921,1,1,validation
9580,S1-768670202,3,3-5,train
9581,S1-408676638,6,6+,validation
9582,S1-381070071,2,2,train
9583,S1-402147479,5,3-5,train
9584,S1-106970114,2,2,train
9585,S1-457216741,1,1,train
9586,S1-336079233,2,2,train
9587,S1-338188820,2,2,train
9588,S1-32425517,6,6+,train
9589,S1-314544079,4,3-5,train
9590,S1-720361636,1,1,train
9591,S1-210457408,2,2,train
9592,S1-706899378,2,2,train
9593,S1-278995018,5,3-5,train
9594,S1-274952135,2,2,train
9595,S1-975858582,1,1,train
9596,S1-204973877,5,3-5,train
9597,S1-221898853,8,6+,train
9598,S1-575426864,1,1,train
9599,S1-186764339,1,1,train
9600,S1-352829986,1,1,validation
9601,S1-30466085,6,6+,train
9602,S1-205545226,1,1,train
9603,S1-92668726,6,6+,validation
9604,S1-792795484,1,1,train
9605,S1-873578098,2,2,validation
9606,S1-59158624,3,3-5,train
9607,S1-848800830,7,6+,train
9608,S1-80954202,6,6+,train
9609,S1-12969636,6,6+,validation
9610,S1-624134968,5,3-5,train
9611,S1-163134612,1,1,validation
9612,S1-644565950,6,6+,train
9613,S1-646619899,2,2,validation
9614,S1-867007820,7,6+,train
9615,S1-44007408,1,1,train
9616,S1-671203781,2,2,train
9617,S1-588468792,3,3-5,validation
9618,S1-474293441,6,6+,train
9619,S1-395088340,3,3-5,train
9620,S1-684715448,4,3-5,train
9621,S1-37677881,2,2,train
9622,S1-843752700,3,3-5,train
9623,S1-788868047,6,6+,validation
9624,S1-781355774,1,1,train
9625,S1-579421151,2,2,train
9626,S1-71402073,3,3-5,train
9627,S1-863109096,3,3-5,train
9628,S1-730688254,1,1,train
9629,S1-304153178,2,2,train
9630,S1-673637762,5,3-5,train
9631,S1-4086514,2,2,train
9632,S1-685177098,1,1,train
9633,S1-619615367,2,2,train
9634,S1-876905329,2,2,validation
9635,S1-213231309,6,6+,train
9636,S1-836761698,4,3-5,validation
9637,S1-348817862,5,3-5,train
9638,S1-666803862,1,1,train
9639,S1-472766062,1,1,validation
9640,S1-655621783,2,2,train
9641,S1-487608319,2,2,validation
9642,S1-448712985,1,1,train
9643,S1-452499488,4,3-5,train
9644,S1-692634291,8,6+,train
9645,S1-100258449,4,3-5,train
9646,S1-43508986,3,3-5,train
9647,S1-908664758,6,6+,validation
9648,S1-750625764,2,2,train
9649,S1-598600633,6,6+,train
9650,S1-16641541,4,3-5,train
9651,S1-119896857,1,1,train
9652,S1-491955793,2,2,train
9653,S1-461233417,6,6+,train
9654,S1-221950538,2,2,train
9655,S1-619897406,3,3-5,train
9656,S1-220887722,5,3-5,train
9657,S1-656160706,6,6+,train
9658,S1-645006615,1,1,train
9659,S1-827019237,3,3-5,train
9660,S1-991786113,1,1,train
9661,S1-657314255,2,2,train
9662,S1-443939206,3,3-5,train
9663,S1-242660666,3,3-5,train
9664,S1-243363772,5,3-5,train
9665,S1-110359782,4,3-5,train
9666,S1-465467024,6,6+,train
9667,S1-696670427,6,6+,validation
9668,S1-665526922,1,1,train
9669,S1-196139794,1,1,train
9670,S1-107042093,1,1,train
9671,S1-909257880,6,6+,train
9672,S1-297980458,2,2,train
9673,S1-241588318,1,1,train
9674,S1-422582754,2,2,train
9675,S1-480055646,5,3-5,train
9676,S1-430595811,2,2,train
9677,S1-232857170,2,2,train
9678,S1-749909736,1,1,train
9679,S1-372924389,3,3-5,train
9680,S1-631305815,1,1,train
9681,S1-428252747,3,3-5,train
9682,S1-892020126,3,3-5,train
9683,S1-222010322,1,1,train
9684,S1-597856617,6,6+,train
9685,S1-398734422,2,2,train
9686,S1-781784639,2,2,validation
9687,S1-23617195,7,6+,validation
9688,S1-693860797,3,3-5,train
9689,S1-70458630,2,2,train
9690,S1-368955851,1,1,train
9691,S1-164746397,1,1,validation
9692,S1-244806865,6,6+,validation
9693,S1-560971683,5,3-5,train
9694,S1-297846692,1,1,train
9695,S1-861633326,6,6+,train
9696,S1-995371042,1,1,validation
9697,S1-258232700,1,1,validation
9698,S1-80953487,2,2,train
9699,S1-449931856,7,6+,train
9700,S1-113777991,1,1,validation
9701,S1-597608977,2,2,train
9702,S1-844097186,1,1,validation
9703,S1-45301920,1,1,train
9704,S1-276486673,6,6+,train
9705,S1-513715507,4,3-5,validation
9706,S1-363981081,6,6+,train
9707,S1-459925695,6,6+,train
9708,S1-735103089,2,2,train
9709,S1-69057676,6,6+,train
9710,S1-141941501,6,6+,train
9711,S1-998105143,7,6+,train
9712,S1-220558277,5,3-5,train
9713,S1-285032586,7,6+,train
9714,S1-637068307,3,3-5,train
9715,S1-581434947,2,2,train
9716,S1-76794079,1,1,validation
9717,S1-229601157,2,2,train
9718,S1-857673075,4,3-5,train
9719,S1-877231800,6,6+,train
9720,S1-440847339,2,2,validation
9721,S1-171636224,1,1,train
9722,S1-280803193,4,3-5,train
9723,S1-882252588,1,1,train
9724,S1-313677708,2,2,train
9725,S1-920693666,6,6+,validation
9726,S1-19916525,8,6+,train
9727,S1-113269438,6,6+,train
9728,S1-589806859,2,2,train
9729,S1-129143049,2,2,train
9730,S1-909579361,1,1,validation
9731,S1-64159529,3,3-5,train
9732,S1-289274342,6,6+,train
9733,S1-238349650,2,2,train
9734,S1-969767976,2,2,train
9735,S1-351828200,6,6+,train
9736,S1-596683399,2,2,train
9737,S1-210342293,3,3-5,train
9738,S1-43309434,4,3-5,train
9739,S1-39487558,6,6+,train
9740,S1-328744164,1,1,train
9741,S1-146355466,2,2,train
9742,S1-597962647,2,2,train
9743,S1-743895820,2,2,train
9744,S1-691017402,2,2,train
9745,S1-465708805,1,1,train
9746,S1-951003507,1,1,train
9747,S1-653512308,6,6+,train
9748,S1-699216235,2,2,train
9749,S1-559479525,6,6+,train
9750,S1-198697054,2,2,train
9751,S1-118621457,7,6+,validation
9752,S1-638549814,4,3-5,train
9753,S1-802068196,1,1,train
9754,S1-170223684,3,3-5,train
9755,S1-310310078,5,3-5,train
9756,S1-975773775,2,2,train
9757,S1-999231966,1,1,validation
9758,S1-859925249,1,1,validation
9759,S1-627777239,2,2,train
9760,S1-185922545,5,3-5,validation
9761,S1-937748375,3,3-5,validation
9762,S1-98992402,2,2,train
9763,S1-385363013,2,2,train
9764,S1-411520727,4,3-5,train
9765,S1-274414572,1,1,train
9766,S1-851474683,8,6+,validation
9767,S1-100363249,6,6+,validation
9768,S1-411262613,7,6+,validation
9769,S1-171112667,1,1,train
9770,S1-589250915,2,2,validation
9771,S1-204270289,3,3-5,train
9772,S1-61229189,3,3-5,validation
9773,S1-894556177,6,6+,validation
9774,S1-41291548,6,6+,train
9775,S1-522780737,1,1,validation
9776,S1-623121979,2,2,train
9777,S1-974348953,1,1,validation
9778,S1-172471949,4,3-5,train
9779,S1-63215322,5,3-5,train
9780,S1-157396398,1,1,train
9781,S1-248379109,2,2,train
9782,S1-859183707,6,6+,validation
9783,S1-988907686,1,1,validation
9784,S1-607820166,1,1,train
9785,S1-510485852,2,2,train
9786,S1-193567668,6,6+,train
9787,S1-213198246,1,1,validation
9788,S1-602931440,7,6+,validation
9789,S1-209608743,5,3-5,train
9790,S1-18397647,3,3-5,train
9791,S1-45987130,2,2,train
9792,S1-636971165,1,1,validation
9793,S1-708613759,2,2,train
9794,S1-171785813,2,2,train
9795,S1-722309456,6,6+,validation
9796,S1-200842415,8,6+,validation
9797,S1-538386237,3,3-5,train
9798,S1-848964108,1,1,validation
9799,S1-326860252,4,3-5,train
9800,S1-190296012,1,1,train
9801,S1-605307045,6,6+,train
9802,S1-31010497,2,2,train
9803,S1-153714979,7,6+,train
9804,S1-449708703,1,1,train
9805,S1-278614583,2,2,train
9806,S1-472415194,6,6+,validation
9807,S1-478823480,2,2,train
9808,S1-513635472,1,1,train
9809,S1-769677509,2,2,validation
9810,S1-632982066,2,2,train
9811,S1-107891475,3,3-5,train
9812,S1-356203407,4,3-5,train
9813,S1-120094539,1,1,validation
9814,S1-370815793,3,3-5,train
9815,S1-2213598,3,3-5,train
9816,S1-840880486,3,3-5,train
9817,S1-650455249,6,6+,train
9818,S1-100092692,4,3-5,train
9819,S1-91256231,6,6+,validation
9820,S1-513969903,1,1,train
9821,S1-389337768,2,2,validation
9822,S1-920308987,1,1,validation
9823,S1-669880159,2,2,validation
9824,S1-945262198,1,1,train
9825,S1-735606179,4,3-5,train
9826,S1-446375973,7,6+,validation
9827,S1-206565967,2,2,train
9828,S1-512818217,1,1,train
9829,S1-532736301,3,3-5,train
9830,S1-733104799,1,1,train
9831,S1-660531469,4,3-5,train
9832,S1-335679262,2,2,train
9833,S1-925493277,2,2,train
9834,S1-535345464,1,1,train
9835,S1-448341565,7,6+,validation
9836,S1-274796422,1,1,train
9837,S1-777729240,1,1,train
9838,S1-194201281,2,2,train
9839,S1-927009472,2,2,validation
9840,S1-148132108,5,3-5,validation
9841,S1-34095230,4,3-5,train
9842,S1-482034750,6,6+,train
9843,S1-531183150,6,6+,train
9844,S1-293299925,9,6+,validation
9845,S1-741473614,3,3-5,train
9846,S1-319069154,5,3-5,validation
9847,S1-395632077,1,1,train
9848,S1-644511614,4,3-5,train
9849,S1-645262930,5,3-5,train
9850,S1-294381115,7,6+,validation
9851,S1-383409406,1,1,validation
9852,S1-829035718,3,3-5,train
9853,S1-557648325,6,6+,train
9854,S1-685525906,2,2,train
9855,S1-272251222,2,2,train
9856,S1-714650158,7,6+,train
9857,S1-954315216,4,3-5,train
9858,S1-675990208,2,2,train
9859,S1-556080857,5,3-5,train
9860,S1-394591886,1,1,train
9861,S1-334734377,2,2,validation
9862,S1-967044500,2,2,train
9863,S1-330922362,1,1,train
9864,S1-283159637,5,3-5,train
9865,S1-68244576,3,3-5,validation
9866,S1-798100192,6,6+,validation
9867,S1-454055669,1,1,train
9868,S1-914471139,5,3-5,train
9869,S1-92136001,3,3-5,train
9870,S1-152482039,7,6+,train
9871,S1-823134435,5,3-5,train
9872,S1-946683816,2,2,train
9873,S1-323419280,1,1,train
9874,S1-932845712,6,6+,train
9875,S1-503545781,1,1,train
9876,S1-607831022,4,3-5,train
9877,S1-659285738,7,6+,train
9878,S1-118838706,3,3-5,validation
9879,S1-194098061,3,3-5,train
9880,S1-397770510,1,1,train
9881,S1-936902039,2,2,train
9882,S1-149889039,4,3-5,train
9883,S1-523462903,7,6+,train
9884,S1-733433885,4,3-5,validation
9885,S1-312856658,1,1,train
9886,S1-770258630,4,3-5,train
9887,S1-203600044,1,1,train
9888,S1-196248179,2,2,train
9889,S1-643696830,6,6+,train
9890,S1-849173765,3,3-5,train
9891,S1-923000755,6,6+,train
9892,S1-182776573,6,6+,train
9893,S1-529640046,2,2,train
9894,S1-424598155,6,6+,validation
9895,S1-120129049,1,1,train
9896,S1-327291115,4,3-5,validation
9897,S1-935592034,2,2,validation
9898,S1-54915268,6,6+,validation
9899,S1-736001939,3,3-5,train
9900,S1-485011678,2,2,validation
9901,S1-856978586,3,3-5,validation
9902,S1-352788494,2,2,train
9903,S1-216986395,4,3-5,train
9904,S1-748557948,1,1,validation
9905,S1-609292237,3,3-5,train
9906,S1-170682140,5,3-5,train
9907,S1-273862355,3,3-5,train
9908,S1-798420896,6,6+,validation
9909,S1-106075721,2,2,train
9910,S1-394167611,1,1,validation
9911,S1-776117590,3,3-5,validation
9912,S1-67530530,2,2,train
9913,S1-566070979,6,6+,train
9914,S1-460995856,1,1,train
9915,S1-464509740,1,1,train
9916,S1-199184015,5,3-5,train
9917,S1-670657748,4,3-5,train
9918,S1-101343385,8,6+,train
9919,S1-461380470,6,6+,train
9920,S1-585038173,4,3-5,train
9921,S1-403767013,2,2,train
9922,S1-891840055,2,2,train
9923,S1-339003980,6,6+,train
9924,S1-978122225,1,1,validation
9925,S1-231538973,7,6+,validation
9926,S1-352578194,7,6+,train
9927,S1-362631168,4,3-5,train
9928,S1-613094140,6,6+,train
9929,S1-269118776,5,3-5,train
9930,S1-386238828,6,6+,train
9931,S1-190001292,1,1,train
9932,S1-137954012,7,6+,train
9933,S1-905128355,6,6+,validation
9934,S1-139782630,1,1,train
9935,S1-423722776,2,2,train
9936,S1-157664021,1,1,train
9937,S1-995587962,3,3-5,train
9938,S1-993621023,3,3-5,train
9939,S1-996124817,7,6+,train
9940,S1-122751888,6,6+,train
9941,S1-147832498,2,2,train
9942,S1-81485163,1,1,train
9943,S1-321888552,2,2,train
9944,S1-943888606,6,6+,train
9945,S1-151835047,2,2,train
9946,S1-920111007,1,1,train
9947,S1-841518011,2,2,train
9948,S1-892233822,6,6+,train
9949,S1-691477979,1,1,train
9950,S1-804303073,6,6+,validation
9951,S1-14584748,3,3-5,train
9952,S1-167198554,3,3-5,train
9953,S1-687549666,4,3-5,train
9954,S1-243922817,6,6+,train
9955,S1-840306148,5,3-5,validation
9956,S1-323457775,2,2,train
9957,S1-460959684,6,6+,validation
9958,S1-779367393,7,6+,train
9959,S1-618116483,6,6+,validation
9960,S1-945356952,5,3-5,validation
9961,S1-429730840,7,6+,train
9962,S1-296017893,2,2,train
9963,S1-58577832,2,2,train
9964,S1-406323293,1,1,train
9965,S1-8835441,1,1,train
9966,S1-191469130,7,6+,train
9967,S1-110136155,1,1,train
9968,S1-731898385,2,2,train
9969,S1-277590838,2,2,train
9970,S1-468354936,2,2,train
9971,S1-550263350,1,1,validation
9972,S1-685703827,7,6+,train
9973,S1-490880627,2,2,validation
9974,S1-883004227,1,1,train
9975,S1-585982142,6,6+,train
9976,S1-282386421,2,2,validation
9977,S1-408318052,6,6+,validation
9978,S1-594837995,6,6+,train
9979,S1-893862135,3,3-5,train
9980,S1-902007847,2,2,train
9981,S1-975397540,2,2,validation
9982,S1-990635270,1,1,train
9983,S1-850382516,3,3-5,train
9984,S1-710209000,4,3-5,train
9985,S1-243146578,5,3-5,validation
9986,S1-216918231,1,1,train
9987,S1-281651191,4,3-5,train
9988,S1-954841430,1,1,train
9989,S1-840534749,1,1,train
9990,S1-822568630,6,6+,train
9991,S1-135852922,4,3-5,train
9992,S1-15432666,2,2,train
9993,S1-406483571,1,1,train
9994,S1-763673683,3,3-5,train
9995,S1-761384571,3,3-5,train
9996,S1-61701211,5,3-5,train
9997,S1-106558736,4,3-5,train
9998,S1-95948894,1,1,train
9999,S1-953118632,5,3-5,train
